Month;Day;Hour;Minute;Second;Sensor;Value
1;1;0;3;35;6;0,00
1;1;0;22;0;-1;70,00
1;1;0;49;17;5;36,00
1;1;0;49;17;14;2,00
1;1;0;49;17;13;31,00
1;1;0;49;17;2;0,10
1;1;0;49;17;9;0,09
1;1;0;49;17;12;0,11
1;1;0;49;17;1;0,00
1;1;0;49;17;8;0,00
1;1;0;49;17;11;0,00
1;1;0;49;17;4;73,93
1;1;0;49;17;15;0,57
1;1;0;49;17;18;0,56
1;1;0;49;17;19;0,53
1;1;0;51;4;3;83,96
1;1;0;54;47;16;3,00
1;1;1;3;35;-1;60,00
1;1;1;23;13;6;40,00
1;1;1;48;43;16;2,32
1;1;1;58;11;3;81,93
1;1;1;59;52;5;0,00
1;1;1;59;52;14;53,00
1;1;1;59;52;13;10,00
1;1;1;59;52;2;0,17
1;1;1;59;52;9;0,17
1;1;1;59;52;12;0,18
1;1;1;59;52;1;0,00
1;1;1;59;52;8;0,00
1;1;1;59;52;11;0,00
1;1;1;59;52;4;82,03
1;1;1;59;52;15;-3,27
1;1;1;59;52;18;-2,95
1;1;1;59;52;19;-2,73
1;1;2;16;14;-1;70,00
1;1;2;27;28;5;89,00
1;1;2;27;28;14;0,00
1;1;2;27;28;13;101,00
1;1;2;27;28;2;0,13
1;1;2;27;28;9;0,14
1;1;2;27;28;12;0,12
1;1;2;27;28;1;0,00
1;1;2;27;28;8;0,00
1;1;2;27;28;11;0,00
1;1;2;27;28;4;73,19
1;1;2;27;28;15;-3,70
1;1;2;27;28;18;-3,46
1;1;2;27;28;19;-3,42
1;1;2;30;1;3;81,98
1;1;2;42;35;6;0,00
1;1;2;58;42;16;2,12
1;1;3;2;55;5;0,00
1;1;3;2;55;14;7,00
1;1;3;2;55;13;0,00
1;1;3;2;55;2;0,18
1;1;3;2;55;9;0,20
1;1;3;2;55;12;0,17
1;1;3;2;55;1;0,00
1;1;3;2;55;8;0,00
1;1;3;2;55;11;0,00
1;1;3;2;55;4;85,24
1;1;3;2;55;15;-3,45
1;1;3;2;55;18;-3,19
1;1;3;2;55;19;-3,47
1;1;3;33;55;6;0,00
1;1;3;40;36;16;2,51
1;1;3;52;24;-1;60,00
1;1;3;58;12;3;83,90
1;1;4;26;22;5;63,00
1;1;4;26;22;14;34,00
1;1;4;26;22;13;60,00
1;1;4;26;22;2;0,20
1;1;4;26;22;9;0,20
1;1;4;26;22;12;0,19
1;1;4;26;22;1;0,00
1;1;4;26;22;8;0,00
1;1;4;26;22;11;0,00
1;1;4;26;22;4;85,00
1;1;4;26;22;15;-4,56
1;1;4;26;22;18;-4,55
1;1;4;26;22;19;-4,89
1;1;4;30;23;16;3,79
1;1;4;47;58;-1;50,00
1;1;4;53;38;3;84,83
1;1;4;54;5;6;36,00
1;1;5;22;18;-1;50,00
1;1;5;24;15;5;93,00
1;1;5;24;15;14;65,00
1;1;5;24;15;13;102,00
1;1;5;24;15;2;0,15
1;1;5;24;15;9;0,15
1;1;5;24;15;12;0,15
1;1;5;24;15;1;0,00
1;1;5;24;15;8;0,00
1;1;5;24;15;11;0,00
1;1;5;24;15;4;81,18
1;1;5;24;15;15;-8,08
1;1;5;24;15;18;-8,42
1;1;5;24;15;19;-8,28
1;1;5;32;14;6;70,00
1;1;5;37;46;16;5,20
1;1;5;43;59;3;84,83
1;1;6;19;51;16;8,49
1;1;6;22;50;-1;60,00
1;1;6;43;53;3;88,40
1;1;6;49;53;5;0,00
1;1;6;49;53;14;43,00
1;1;6;49;53;13;15,00
1;1;6;49;53;2;0,02
1;1;6;49;53;9;0,02
1;1;6;49;53;12;0,03
1;1;6;49;53;1;0,00
1;1;6;49;53;8;0,00
1;1;6;49;53;11;0,00
1;1;6;49;53;4;86,48
1;1;6;49;53;15;-8,72
1;1;6;49;53;18;-8,51
1;1;6;49;53;19;-8,65
1;1;6;53;29;6;53,00
1;1;7;11;40;6;88,00
1;1;7;13;23;5;0,00
1;1;7;13;23;14;75,00
1;1;7;13;23;13;0,00
1;1;7;13;23;2;9910,10
1;1;7;13;23;9;9454,23
1;1;7;13;23;12;10425,42
1;1;7;13;23;1;0,00
1;1;7;13;23;8;0,00
1;1;7;13;23;11;0,00
1;1;7;13;23;4;81,67
1;1;7;13;23;15;-9,42
1;1;7;13;23;18;-10,07
1;1;7;13;23;19;-9,11
1;1;7;17;17;3;91,92
1;1;7;25;33;-1;80,00
1;1;7;26;28;16;13,42
1;1;8;26;46;6;84,00
1;1;8;27;53;5;0,00
1;1;8;27;53;14;79,00
1;1;8;27;53;13;15,00
1;1;8;27;53;2;16783,36
1;1;8;27;53;9;15709,22
1;1;8;27;53;12;17119,03
1;1;8;27;53;1;0,00
1;1;8;27;53;8;0,00
1;1;8;27;53;11;0,00
1;1;8;27;53;4;73,91
1;1;8;27;53;15;-11,38
1;1;8;27;53;18;-11,04
1;1;8;27;53;19;-11,79
1;1;8;27;56;-1;80,00
1;1;8;40;53;16;13,08
1;1;8;50;49;3;92,02
1;1;9;10;59;6;114,00
1;1;9;33;54;5;137,00
1;1;9;33;54;14;100,00
1;1;9;33;54;13;133,00
1;1;9;33;54;2;52600,05
1;1;9;33;54;9;54809,26
1;1;9;33;54;12;50127,85
1;1;9;33;54;1;0,00
1;1;9;33;54;8;0,00
1;1;9;33;54;11;0,00
1;1;9;33;54;4;73,74
1;1;9;33;54;15;-11,70
1;1;9;33;54;18;-11,69
1;1;9;33;54;19;-10,98
1;1;9;40;15;16;12,37
1;1;9;40;41;3;91,10
1;1;9;48;45;-1;60,00
1;1;10;2;2;-1;80,00
1;1;10;11;34;5;93,00
1;1;10;11;34;14;56,00
1;1;10;11;34;13;99,00
1;1;10;11;34;2;87840,17
1;1;10;11;34;9;82042,72
1;1;10;11;34;12;89772,65
1;1;10;11;34;1;0,00
1;1;10;11;34;8;0,00
1;1;10;11;34;11;0,00
1;1;10;11;34;4;71,90
1;1;10;11;34;15;-10,18
1;1;10;11;34;18;-10,27
1;1;10;11;34;19;-11,10
1;1;10;34;57;6;64,00
1;1;10;49;50;16;11,22
1;1;10;51;46;3;91,90
1;1;11;2;33;16;10,39
1;1;11;16;23;6;82,00
1;1;11;19;10;5;44,00
1;1;11;19;10;14;92,00
1;1;11;19;10;13;37,00
1;1;11;19;10;2;101800,14
1;1;11;19;10;9;95997,53
1;1;11;19;10;12;99764,13
1;1;11;19;10;1;0,00
1;1;11;19;10;8;0,00
1;1;11;19;10;11;0,00
1;1;11;19;10;4;81,79
1;1;11;19;10;15;-7,69
1;1;11;19;10;18;-7,38
1;1;11;19;10;19;-7,05
1;1;11;21;15;-1;80,00
1;1;11;30;44;3;90,08
1;1;12;22;51;16;9,49
1;1;12;22;59;3;88,70
1;1;12;29;39;6;68,00
1;1;12;51;18;-1;80,00
1;1;12;58;58;5;1,00
1;1;12;58;58;14;67,00
1;1;12;58;58;13;0,00
1;1;12;58;58;2;106300,07
1;1;12;58;58;9;108532,37
1;1;12;58;58;12;116823,77
1;1;12;58;58;1;0,00
1;1;12;58;58;8;0,00
1;1;12;58;58;11;0,00
1;1;12;58;58;4;73,78
1;1;12;58;58;15;-4,20
1;1;12;58;58;18;-4,57
1;1;12;58;58;19;-4,99
1;1;13;34;38;6;105,00
1;1;13;38;47;-1;80,00
1;1;13;43;31;16;9,00
1;1;13;51;48;5;16,00
1;1;13;51;48;14;98,00
1;1;13;51;48;13;15,00
1;1;13;51;48;2;96615,15
1;1;13;51;48;9;105117,29
1;1;13;51;48;12;99996,68
1;1;13;51;48;1;0,00
1;1;13;51;48;8;0,00
1;1;13;51;48;11;0,00
1;1;13;51;48;4;86,04
1;1;13;51;48;15;-3,65
1;1;13;51;48;18;-3,39
1;1;13;51;48;19;-3,49
1;1;13;57;34;3;88,62
1;1;14;7;44;16;9,95
1;1;14;12;25;-1;80,00
1;1;14;30;14;6;37,00
1;1;14;41;56;3;90,74
1;1;14;51;0;5;54,00
1;1;14;51;0;14;46,00
1;1;14;51;0;13;60,00
1;1;14;51;0;2;78780,10
1;1;14;51;0;9;84688,60
1;1;14;51;0;12;71059,65
1;1;14;51;0;1;0,00
1;1;14;51;0;8;0,00
1;1;14;51;0;11;0,00
1;1;14;51;0;4;75,59
1;1;14;51;0;15;-0,16
1;1;14;51;0;18;-0,16
1;1;14;51;0;19;-0,16
1;1;15;13;8;3;92,25
1;1;15;22;28;16;11,22
1;1;15;40;6;5;112,00
1;1;15;40;6;14;69,00
1;1;15;40;6;13;98,00
1;1;15;40;6;2;50746,61
1;1;15;40;6;9;47397,33
1;1;15;40;6;12;46636,14
1;1;15;40;6;1;0,00
1;1;15;40;6;8;0,00
1;1;15;40;6;11;0,00
1;1;15;40;6;4;78,97
1;1;15;40;6;15;-0,25
1;1;15;40;6;18;-0,27
1;1;15;40;6;19;-0,30
1;1;15;53;37;6;72,00
1;1;15;54;52;-1;80,00
1;1;16;1;13;5;64,00
1;1;16;1;13;14;16,00
1;1;16;1;13;13;62,00
1;1;16;1;13;2;47658,64
1;1;16;1;13;9;50327,52
1;1;16;1;13;12;51995,57
1;1;16;1;13;1;0,00
1;1;16;1;13;8;0,00
1;1;16;1;13;11;0,00
1;1;16;1;13;4;71,43
1;1;16;1;13;15;1,46
1;1;16;1;13;18;1,46
1;1;16;1;13;19;1,51
1;1;16;4;39;3;92,25
1;1;16;9;36;-1;60,00
1;1;16;10;56;16;12,73
1;1;16;37;14;6;18,00
1;1;17;5;1;3;94,10
1;1;17;32;4;6;0,00
1;1;17;34;52;16;13,42
1;1;17;41;26;5;84,00
1;1;17;41;26;14;0,00
1;1;17;41;26;13;96,00
1;1;17;41;26;2;20713,13
1;1;17;41;26;9;20381,72
1;1;17;41;26;12;21313,82
1;1;17;41;26;1;0,00
1;1;17;41;26;8;0,00
1;1;17;41;26;11;0,00
1;1;17;41;26;4;74,22
1;1;17;41;26;15;2,46
1;1;17;41;26;18;2,22
1;1;17;41;26;19;2,02
1;1;17;48;59;-1;80,00
1;1;18;13;14;6;0,00
1;1;18;13;40;3;93,04
1;1;18;34;0;16;12,37
1;1;18;34;23;5;9,00
1;1;18;34;23;14;0,00
1;1;18;34;23;13;9,00
1;1;18;34;23;2;0,00
1;1;18;34;23;9;0,00
1;1;18;34;23;12;0,00
1;1;18;34;23;1;0,00
1;1;18;34;23;8;0,00
1;1;18;34;23;11;0,00
1;1;18;34;23;4;84,84
1;1;18;34;23;15;1,24
1;1;18;34;23;18;1,12
1;1;18;34;23;19;1,22
1;1;18;34;59;-1;60,00
1;1;19;3;9;-1;40,00
1;1;19;21;27;6;0,00
1;1;19;23;47;3;91,60
1;1;19;26;2;5;0,00
1;1;19;26;2;14;0,00
1;1;19;26;2;13;3,00
1;1;19;26;2;2;0,01
1;1;19;26;2;9;0,01
1;1;19;26;2;12;0,01
1;1;19;26;2;1;1173,00
1;1;19;26;2;8;1108,49
1;1;19;26;2;11;1200,49
1;1;19;26;2;4;83,74
1;1;19;26;2;15;-0,91
1;1;19;26;2;18;-0,83
1;1;19;26;2;19;-0,85
1;1;19;56;58;16;11,22
1;1;20;4;54;-1;60,00
1;1;20;10;43;3;89,68
1;1;20;24;52;16;9,49
1;1;20;25;13;5;0,00
1;1;20;25;13;14;0,00
1;1;20;25;13;13;15,00
1;1;20;25;13;2;0,18
1;1;20;25;13;9;0,18
1;1;20;25;13;12;0,18
1;1;20;25;13;1;1465,00
1;1;20;25;13;8;1443,03
1;1;20;25;13;11;1448,80
1;1;20;25;13;4;89,75
1;1;20;25;13;15;1,63
1;1;20;25;13;18;1,53
1;1;20;25;13;19;1,61
1;1;20;54;32;6;0,00
1;1;21;7;7;6;0,00
1;1;21;20;42;3;87,74
1;1;21;27;13;-1;70,00
1;1;21;35;27;16;7,35
1;1;21;39;23;5;0,00
1;1;21;39;23;14;7,00
1;1;21;39;23;13;9,00
1;1;21;39;23;2;0,12
1;1;21;39;23;9;0,10
1;1;21;39;23;12;0,12
1;1;21;39;23;1;248,00
1;1;21;39;23;8;272,06
1;1;21;39;23;11;246,48
1;1;21;39;23;4;82,38
1;1;21;39;23;15;2,35
1;1;21;39;23;18;2,32
1;1;21;39;23;19;2,55
1;1;22;2;36;16;6,00
1;1;22;17;34;6;0,00
1;1;22;29;2;-1;60,00
1;1;22;46;50;5;0,00
1;1;22;46;50;14;0,00
1;1;22;46;50;13;0,00
1;1;22;46;50;2;0,13
1;1;22;46;50;9;0,12
1;1;22;46;50;12;0,12
1;1;22;46;50;1;1004,00
1;1;22;46;50;8;1103,40
1;1;22;46;50;11;1179,53
1;1;22;46;50;4;84,08
1;1;22;46;50;15;4,54
1;1;22;46;50;18;4,24
1;1;22;46;50;19;4,61
1;1;22;56;31;3;87,10
1;1;23;1;8;16;4,24
1;1;23;50;18;6;0,00
1;1;23;51;36;3;82,82
1;1;23;56;9;-1;60,00
1;1;23;56;14;5;85,00
1;1;23;56;14;14;0,00
1;1;23;56;14;13;83,00
1;1;23;56;14;2;0,11
1;1;23;56;14;9;0,10
1;1;23;56;14;12;0,12
1;1;23;56;14;1;1652,00
1;1;23;56;14;8;1526,45
1;1;23;56;14;11;1392,12
1;1;23;56;14;4;93,76
1;1;23;56;14;15;5,04
1;1;23;56;14;18;5,48
1;1;23;56;14;19;5,94
1;2;0;0;8;3;84,73
1;2;0;14;7;5;39,00
1;2;0;14;7;14;0,00
1;2;0;14;7;13;29,00
1;2;0;14;7;2;0,03
1;2;0;14;7;9;0,03
1;2;0;14;7;12;0,03
1;2;0;14;7;1;0,00
1;2;0;14;7;8;0,00
1;2;0;14;7;11;0,00
1;2;0;14;7;4;77,46
1;2;0;14;7;15;4,38
1;2;0;14;7;18;4,47
1;2;0;14;7;19;4,67
1;2;0;30;51;6;0,00
1;2;0;39;2;16;5,61
1;2;0;51;9;-1;60,00
1;2;1;17;29;3;84,26
1;2;1;18;49;6;27,00
1;2;1;36;34;-1;50,00
1;2;1;44;5;5;0,00
1;2;1;44;5;14;24,00
1;2;1;44;5;13;0,00
1;2;1;44;5;2;0,02
1;2;1;44;5;9;0,02
1;2;1;44;5;12;0,02
1;2;1;44;5;1;0,00
1;2;1;44;5;8;0,00
1;2;1;44;5;11;0,00
1;2;1;44;5;4;84,95
1;2;1;44;5;15;5,57
1;2;1;44;5;18;5,58
1;2;1;44;5;19;6,06
1;2;1;57;3;16;4,35
1;2;2;4;48;5;45,00
1;2;2;4;48;14;62,00
1;2;2;4;48;13;57,00
1;2;2;4;48;2;0,02
1;2;2;4;48;9;0,02
1;2;2;4;48;12;0,02
1;2;2;4;48;1;0,00
1;2;2;4;48;8;0,00
1;2;2;4;48;11;0,00
1;2;2;4;48;4;83,41
1;2;2;4;48;15;2,52
1;2;2;4;48;18;2,33
1;2;2;4;48;19;2,25
1;2;2;22;44;16;3,97
1;2;2;29;33;3;84,54
1;2;2;47;46;-1;70,00
1;2;2;57;41;6;56,00
1;2;3;0;23;5;94,00
1;2;3;0;23;14;33,00
1;2;3;0;23;13;88,00
1;2;3;0;23;2;0,08
1;2;3;0;23;9;0,08
1;2;3;0;23;12;0,08
1;2;3;0;23;1;726,00
1;2;3;0;23;8;773,92
1;2;3;0;23;11;789,39
1;2;3;0;23;4;83,00
1;2;3;0;23;15;1,96
1;2;3;0;23;18;1,97
1;2;3;0;23;19;2,17
1;2;3;9;44;-1;60,00
1;2;3;33;34;3;83,34
1;2;3;53;57;16;4,70
1;2;3;57;2;6;23,00
1;2;4;2;23;5;0,00
1;2;4;2;23;14;0,00
1;2;4;2;23;13;0,00
1;2;4;2;23;2;0,19
1;2;4;2;23;9;0,20
1;2;4;2;23;12;0,17
1;2;4;2;23;1;818,00
1;2;4;2;23;8;829,45
1;2;4;2;23;11;867,61
1;2;4;2;23;4;87,52
1;2;4;2;23;15;0,30
1;2;4;2;23;18;0,28
1;2;4;2;23;19;0,30
1;2;4;5;37;3;86,06
1;2;4;37;6;6;0,00
1;2;4;58;9;-1;50,00
1;2;4;59;53;16;7,10
1;2;5;1;39;-1;60,00
1;2;5;5;18;5;0,00
1;2;5;5;18;14;9,00
1;2;5;5;18;13;0,00
1;2;5;5;18;2;0,10
1;2;5;5;18;9;0,10
1;2;5;5;18;12;0,11
1;2;5;5;18;1;347,00
1;2;5;5;18;8;331,04
1;2;5;5;18;11;343,62
1;2;5;5;18;4;86,87
1;2;5;5;18;15;2,43
1;2;5;5;18;18;2,62
1;2;5;5;18;19;2,41
1;2;5;19;2;16;9,72
1;2;5;37;44;3;89,29
1;2;5;48;0;6;0,00
1;2;6;21;46;16;15,87
1;2;6;27;38;-1;50,00
1;2;6;47;21;3;96,77
1;2;6;54;5;5;0,00
1;2;6;54;5;14;0,00
1;2;6;54;5;13;0,00
1;2;6;54;5;2;0,13
1;2;6;54;5;9;0,12
1;2;6;54;5;12;0,12
1;2;6;54;5;1;0,00
1;2;6;54;5;8;0,00
1;2;6;54;5;11;0,00
1;2;6;54;5;4;72,31
1;2;6;54;5;15;3,65
1;2;6;54;5;18;3,64
1;2;6;54;5;19;3,61
1;2;6;57;49;6;0,00
1;2;7;10;45;3;105,25
1;2;7;13;25;5;98,00
1;2;7;13;25;14;0,00
1;2;7;13;25;13;83,00
1;2;7;13;25;2;7976,17
1;2;7;13;25;9;8733,91
1;2;7;13;25;12;8159,62
1;2;7;13;25;1;0,00
1;2;7;13;25;8;0,00
1;2;7;13;25;11;0,00
1;2;7;13;25;4;71,67
1;2;7;13;25;15;2,63
1;2;7;13;25;18;2,55
1;2;7;13;25;19;2,39
1;2;7;16;56;16;25,10
1;2;7;56;55;-1;80,00
1;2;7;58;20;6;0,00
1;2;8;9;47;16;24,46
1;2;8;22;41;-1;80,00
1;2;8;23;3;5;0,00
1;2;8;23;3;14;5,00
1;2;8;23;3;13;0,00
1;2;8;23;3;2;17289,19
1;2;8;23;3;9;16217,26
1;2;8;23;3;12;17565,82
1;2;8;23;3;1;0,00
1;2;8;23;3;8;0,00
1;2;8;23;3;11;0,00
1;2;8;23;3;4;79,87
1;2;8;23;3;15;0,26
1;2;8;23;3;18;0,27
1;2;8;23;3;19;0,28
1;2;8;32;51;6;6,00
1;2;8;33;28;3;105,05
1;2;9;3;21;3;104,40
1;2;9;9;45;6;0,00
1;2;9;14;59;16;23,14
1;2;9;34;13;5;0,00
1;2;9;34;13;14;7,00
1;2;9;34;13;13;10,00
1;2;9;34;13;2;50500,06
1;2;9;34;13;9;53429,06
1;2;9;34;13;12;53580,56
1;2;9;34;13;1;0,00
1;2;9;34;13;8;0,00
1;2;9;34;13;11;0,00
1;2;9;34;13;4;71,74
1;2;9;34;13;15;0,74
1;2;9;34;13;18;0,77
1;2;9;34;13;19;0,76
1;2;9;37;6;-1;80,00
1;2;10;7;47;6;17,00
1;2;10;17;40;3;101,07
1;2;10;35;9;5;39,00
1;2;10;35;9;14;29,00
1;2;10;35;9;13;30,00
1;2;10;35;9;2;66496,18
1;2;10;35;9;9;67560,11
1;2;10;35;9;12;62173,92
1;2;10;35;9;1;0,00
1;2;10;35;9;8;0,00
1;2;10;35;9;11;0,00
1;2;10;35;9;4;85,19
1;2;10;35;9;15;0,01
1;2;10;35;9;18;0,01
1;2;10;35;9;19;0,01
1;2;10;43;3;16;21,00
1;2;10;54;2;-1;80,00
1;2;11;14;26;6;1,00
1;2;11;15;47;3;101,75
1;2;11;26;9;-1;80,00
1;2;11;40;12;16;21,00
1;2;11;52;52;5;77,00
1;2;11;52;52;14;7,00
1;2;11;52;52;13;70,00
1;2;11;52;52;2;105300,10
1;2;11;52;52;9;99508,59
1;2;11;52;52;12;103510,00
1;2;11;52;52;1;0,00
1;2;11;52;52;8;0,00
1;2;11;52;52;11;0,00
1;2;11;52;52;4;74,99
1;2;11;52;52;15;0,91
1;2;11;52;52;18;0,83
1;2;11;52;52;19;0,89
1;2;12;7;14;6;0,00
1;2;12;12;6;-1;80,00
1;2;12;15;39;3;104,94
1;2;12;20;55;16;23,55
1;2;12;29;7;5;0,00
1;2;12;29;7;14;7,00
1;2;12;29;7;13;10,00
1;2;12;29;7;2;110000,11
1;2;12;29;7;9;120010,12
1;2;12;29;7;12;105380,10
1;2;12;29;7;1;0,00
1;2;12;29;7;8;0,00
1;2;12;29;7;11;0,00
1;2;12;29;7;4;83,55
1;2;12;29;7;15;3,42
1;2;12;29;7;18;3,35
1;2;12;29;7;19;3,34
1;2;13;16;30;16;25,10
1;2;13;21;50;5;0,00
1;2;13;21;50;14;0,00
1;2;13;21;50;13;0,00
1;2;13;21;50;2;101100,00
1;2;13;21;50;9;96247,20
1;2;13;21;50;12;103829,70
1;2;13;21;50;1;0,00
1;2;13;21;50;8;0,00
1;2;13;21;50;11;0,00
1;2;13;21;50;4;84,93
1;2;13;21;50;15;6,38
1;2;13;21;50;18;6,51
1;2;13;21;50;19;6,08
1;2;13;22;51;3;105,94
1;2;13;50;40;6;0,00
1;2;13;54;34;-1;80,00
1;2;14;4;40;5;41,00
1;2;14;4;40;14;0,00
1;2;14;4;40;13;47,00
1;2;14;4;40;2;99600,07
1;2;14;4;40;9;101791,27
1;2;14;4;40;12;109360,88
1;2;14;4;40;1;0,00
1;2;14;4;40;8;0,00
1;2;14;4;40;11;0,00
1;2;14;4;40;4;82,56
1;2;14;4;40;15;10,01
1;2;14;4;40;18;10,66
1;2;14;4;40;19;11,63
1;2;14;10;51;-1;80,00
1;2;14;11;55;3;104,51
1;2;14;31;29;6;0,00
1;2;14;45;56;16;23,94
1;2;15;1;41;6;0,00
1;2;15;12;55;-1;80,00
1;2;15;26;31;16;23,14
1;2;15;34;17;3;104,39
1;2;15;46;42;5;0,00
1;2;15;46;42;14;1,00
1;2;15;46;42;13;12,00
1;2;15;46;42;2;58089,91
1;2;15;46;42;9;55882,49
1;2;15;46;42;12;57218,56
1;2;15;46;42;1;0,00
1;2;15;46;42;8;0,00
1;2;15;46;42;11;0,00
1;2;15;46;42;4;75,76
1;2;15;46;42;15;11,50
1;2;15;46;42;18;10,71
1;2;15;46;42;19;9,92
1;2;16;1;47;6;0,00
1;2;16;11;59;16;21,00
1;2;16;27;20;-1;80,00
1;2;16;49;59;5;0,00
1;2;16;49;59;14;0,00
1;2;16;49;59;13;0,00
1;2;16;49;59;2;57145,17
1;2;16;49;59;9;61031,04
1;2;16;49;59;12;61031,04
1;2;16;49;59;1;0,00
1;2;16;49;59;8;0,00
1;2;16;49;59;11;0,00
1;2;16;49;59;4;73,27
1;2;16;49;59;15;11,40
1;2;16;49;59;18;12,27
1;2;16;49;59;19;11,75
1;2;16;59;25;3;100,21
1;2;17;22;47;16;19,44
1;2;17;30;0;5;0,00
1;2;17;30;0;14;13,00
1;2;17;30;0;13;0,00
1;2;17;30;0;2;23715,06
1;2;17;30;0;9;25991,71
1;2;17;30;0;12;23027,33
1;2;17;30;0;1;0,00
1;2;17;30;0;8;0,00
1;2;17;30;0;11;0,00
1;2;17;30;0;4;74,91
1;2;17;30;0;15;9,25
1;2;17;30;0;18;8,78
1;2;17;30;0;19;8,09
1;2;17;48;50;-1;80,00
1;2;17;53;29;6;0,00
1;2;17;53;37;3;99,89
1;2;18;5;19;6;0,00
1;2;18;5;57;3;96,50
1;2;18;17;37;16;17,75
1;2;18;30;34;-1;60,00
1;2;18;39;37;5;0,00
1;2;18;39;37;14;13,00
1;2;18;39;37;13;0,00
1;2;18;39;37;2;0,13
1;2;18;39;37;9;0,14
1;2;18;39;37;12;0,13
1;2;18;39;37;1;0,00
1;2;18;39;37;8;0,00
1;2;18;39;37;11;0,00
1;2;18;39;37;4;75,05
1;2;18;39;37;15;7,06
1;2;18;39;37;18;6,83
1;2;18;39;37;19;6,86
1;2;19;4;6;5;0,00
1;2;19;4;6;14;0,00
1;2;19;4;6;13;0,00
1;2;19;4;6;2;0,12
1;2;19;4;6;9;0,12
1;2;19;4;6;12;0,13
1;2;19;4;6;1;0,00
1;2;19;4;6;8;0,00
1;2;19;4;6;11;0,00
1;2;19;4;6;4;79,89
1;2;19;4;6;15;6,88
1;2;19;4;6;18;6,20
1;2;19;4;6;19;5,94
1;2;19;9;41;16;17,75
1;2;19;36;55;-1;60,00
1;2;19;44;11;6;0,00
1;2;19;47;12;3;96,34
1;2;20;14;21;6;0,00
1;2;20;36;28;3;98,14
1;2;20;46;54;-1;50,00
1;2;20;48;19;5;0,00
1;2;20;48;19;14;5,00
1;2;20;48;19;13;0,00
1;2;20;48;19;2;0,13
1;2;20;48;19;9;0,12
1;2;20;48;19;12;0,13
1;2;20;48;19;1;0,00
1;2;20;48;19;8;0,00
1;2;20;48;19;11;0,00
1;2;20;48;19;4;85,93
1;2;20;48;19;15;5,54
1;2;20;48;19;18;5,67
1;2;20;48;19;19;5,41
1;2;20;58;0;16;17,75
1;2;21;2;53;16;13,75
1;2;21;6;57;3;93,29
1;2;21;12;33;5;0,00
1;2;21;12;33;14;9,00
1;2;21;12;33;13;0,00
1;2;21;12;33;2;0,16
1;2;21;12;33;9;0,16
1;2;21;12;33;12;0,15
1;2;21;12;33;1;0,00
1;2;21;12;33;8;0,00
1;2;21;12;33;11;0,00
1;2;21;12;33;4;76,00
1;2;21;12;33;15;2,98
1;2;21;12;33;18;3,27
1;2;21;12;33;19;3,38
1;2;21;12;35;-1;60,00
1;2;21;53;16;6;22,00
1;2;22;1;39;6;0,00
1;2;22;7;10;-1;60,00
1;2;22;7;19;3;92,48
1;2;22;25;1;16;11,22
1;2;22;38;14;5;65,00
1;2;22;38;14;14;0,00
1;2;22;38;14;13;63,00
1;2;22;38;14;2;0,08
1;2;22;38;14;9;0,08
1;2;22;38;14;12;0,09
1;2;22;38;14;1;0,00
1;2;22;38;14;8;0,00
1;2;22;38;14;11;0,00
1;2;22;38;14;4;83,91
1;2;22;38;14;15;-0,85
1;2;22;38;14;18;-0,82
1;2;22;38;14;19;-0,83
1;2;23;1;19;-1;70,00
1;2;23;24;15;16;7,94
1;2;23;36;52;6;0,00
1;2;23;38;26;5;17,00
1;2;23;38;26;14;13,00
1;2;23;38;26;13;19,00
1;2;23;38;26;2;0,20
1;2;23;38;26;9;0,22
1;2;23;38;26;12;0,22
1;2;23;38;26;1;0,00
1;2;23;38;26;8;0,00
1;2;23;38;26;11;0,00
1;2;23;38;26;4;75,86
1;2;23;38;26;15;-3,97
1;2;23;38;26;18;-3,79
1;2;23;38;26;19;-4,00
1;2;23;40;26;3;86,87
1;3;0;29;4;5;39,00
1;3;0;29;4;14;36,00
1;3;0;29;4;13;47,00
1;3;0;29;4;2;0,17
1;3;0;29;4;9;0,17
1;3;0;29;4;12;0,18
1;3;0;29;4;1;0,00
1;3;0;29;4;8;0,00
1;3;0;29;4;11;0,00
1;3;0;29;4;4;86,09
1;3;0;29;4;15;-5,62
1;3;0;29;4;18;-5,81
1;3;0;29;4;19;-6,19
1;3;0;36;35;3;87,89
1;3;0;41;53;-1;50,00
1;3;0;49;16;16;6,71
1;3;0;57;3;6;27,00
1;3;1;6;5;5;121,00
1;3;1;6;5;14;9,00
1;3;1;6;5;13;119,00
1;3;1;6;5;2;0,09
1;3;1;6;5;9;0,08
1;3;1;6;5;12;0,09
1;3;1;6;5;1;0,00
1;3;1;6;5;8;0,00
1;3;1;6;5;11;0,00
1;3;1;6;5;4;73,94
1;3;1;6;5;15;-4,92
1;3;1;6;5;18;-4,89
1;3;1;6;5;19;-4,80
1;3;1;11;51;16;3,67
1;3;1;28;3;3;83,09
1;3;1;40;40;6;0,00
1;3;1;44;30;-1;60,00
1;3;2;2;40;3;83,54
1;3;2;19;58;5;0,00
1;3;2;19;58;14;0,00
1;3;2;19;58;13;14,00
1;3;2;19;58;2;0,03
1;3;2;19;58;9;0,03
1;3;2;19;58;12;0,03
1;3;2;19;58;1;0,00
1;3;2;19;58;8;0,00
1;3;2;19;58;11;0,00
1;3;2;19;58;4;84,36
1;3;2;19;58;15;-7,52
1;3;2;19;58;18;-8,22
1;3;2;19;58;19;-8,53
1;3;2;21;46;6;0,00
1;3;2;40;56;16;3,35
1;3;2;50;24;-1;70,00
1;3;3;31;8;16;3,97
1;3;3;33;21;3;84,72
1;3;3;33;39;5;22,00
1;3;3;33;39;14;3,00
1;3;3;33;39;13;33,00
1;3;3;33;39;2;0,10
1;3;3;33;39;9;0,10
1;3;3;33;39;12;0,09
1;3;3;33;39;1;0,00
1;3;3;33;39;8;0,00
1;3;3;33;39;11;0,00
1;3;3;33;39;4;72,08
1;3;3;33;39;15;-10,47
1;3;3;33;39;18;-10,30
1;3;3;33;39;19;-9,36
1;3;3;39;35;6;0,00
1;3;3;43;44;-1;70,00
1;3;4;3;43;5;0,00
1;3;4;3;43;14;7,00
1;3;4;3;43;13;10,00
1;3;4;3;43;2;0,10
1;3;4;3;43;9;0,11
1;3;4;3;43;12;0,11
1;3;4;3;43;1;0,00
1;3;4;3;43;8;0,00
1;3;4;3;43;11;0,00
1;3;4;3;43;4;77,14
1;3;4;3;43;15;-11,77
1;3;4;3;43;18;-11,55
1;3;4;3;43;19;-11,42
1;3;4;34;25;-1;70,00
1;3;4;37;3;6;0,00
1;3;4;47;52;16;6,00
1;3;4;48;28;3;85,82
1;3;5;17;6;5;0,00
1;3;5;17;6;14;22,00
1;3;5;17;6;13;7,00
1;3;5;17;6;2;0,15
1;3;5;17;6;9;0,17
1;3;5;17;6;12;0,16
1;3;5;17;6;1;261,00
1;3;5;17;6;8;247,69
1;3;5;17;6;11;225,89
1;3;5;17;6;4;88,09
1;3;5;17;6;15;-12,31
1;3;5;17;6;18;-12,03
1;3;5;17;6;19;-10,98
1;3;5;22;4;6;32,00
1;3;5;31;28;3;87,92
1;3;5;37;5;-1;70,00
1;3;5;57;32;16;8,22
1;3;6;4;21;-1;70,00
1;3;6;4;30;6;51,00
1;3;6;20;41;16;9,49
1;3;6;21;46;5;0,00
1;3;6;21;46;14;52,00
1;3;6;21;46;13;4,00
1;3;6;21;46;2;0,19
1;3;6;21;46;9;0,20
1;3;6;21;46;12;0,20
1;3;6;21;46;1;928,00
1;3;6;21;46;8;912,22
1;3;6;21;46;11;827,39
1;3;6;21;46;4;83,04
1;3;6;21;46;15;-11,35
1;3;6;21;46;18;-11,36
1;3;6;21;46;19;-11,62
1;3;6;33;41;3;88,35
1;3;7;13;27;5;98,00
1;3;7;13;27;14;0,00
1;3;7;13;27;13;87,00
1;3;7;13;27;2;2934,88
1;3;7;13;27;9;2791,07
1;3;7;13;27;12;2814,55
1;3;7;13;27;1;1887,00
1;3;7;13;27;8;1728,49
1;3;7;13;27;11;1707,75
1;3;7;13;27;4;100,00
1;3;7;13;27;15;-9,23
1;3;7;13;27;18;-9,62
1;3;7;13;27;19;-9,37
1;3;7;13;55;6;0,00
1;3;7;34;13;3;90,96
1;3;7;40;49;-1;60,00
1;3;7;59;15;16;11,62
1;3;8;11;10;16;15,00
1;3;8;11;52;5;0,00
1;3;8;11;52;14;6,00
1;3;8;11;52;13;0,00
1;3;8;11;52;2;5824,02
1;3;8;11;52;9;6319,07
1;3;8;11;52;12;5445,46
1;3;8;11;52;1;81,00
1;3;8;11;52;8;83,43
1;3;8;11;52;11;81,84
1;3;8;11;52;4;79,61
1;3;8;11;52;15;-8,94
1;3;8;11;52;18;-8,43
1;3;8;11;52;19;-8,89
1;3;8;18;2;-1;80,00
1;3;8;29;28;6;0,00
1;3;8;57;25;3;94,66
1;3;9;3;25;-1;80,00
1;3;9;8;40;6;22,00
1;3;9;20;18;5;0,00
1;3;9;20;18;14;25,00
1;3;9;20;18;13;0,00
1;3;9;20;18;2;36006,12
1;3;9;20;18;9;33665,72
1;3;9;20;18;12;34961,94
1;3;9;20;18;1;0,00
1;3;9;20;18;8;0,00
1;3;9;20;18;11;0,00
1;3;9;20;18;4;78,41
1;3;9;20;18;15;-8,50
1;3;9;20;18;18;-9,29
1;3;9;20;18;19;-8,73
1;3;9;37;28;16;21,21
1;3;9;39;20;3;100,68
1;3;10;27;15;5;121,00
1;3;10;27;15;14;0,00
1;3;10;27;15;13;113,00
1;3;10;27;15;2;53827,31
1;3;10;27;15;9;57487,56
1;3;10;27;15;12;59102,38
1;3;10;27;15;1;0,00
1;3;10;27;15;8;0,00
1;3;10;27;15;11;0,00
1;3;10;27;15;4;84,01
1;3;10;27;15;15;-7,70
1;3;10;27;15;18;-7,60
1;3;10;27;15;19;-8,09
1;3;10;45;17;6;5,00
1;3;10;47;54;-1;80,00
1;3;10;56;16;3;99,33
1;3;10;56;39;16;18,97
1;3;11;2;21;3;97,58
1;3;11;21;13;6;0,00
1;3;11;29;29;16;16,43
1;3;11;36;57;5;84,00
1;3;11;36;57;14;5,00
1;3;11;36;57;13;97,00
1;3;11;36;57;2;35376,15
1;3;11;36;57;9;32333,80
1;3;11;36;57;12;35800,66
1;3;11;36;57;1;161,00
1;3;11;36;57;8;147,96
1;3;11;36;57;11;139,38
1;3;11;36;57;4;76,05
1;3;11;36;57;15;-7,16
1;3;11;36;57;18;-6,70
1;3;11;36;57;19;-7,32
1;3;11;47;44;-1;80,00
1;3;12;2;37;6;3,00
1;3;12;21;44;-1;80,00
1;3;12;27;52;5;18,00
1;3;12;27;52;14;4,00
1;3;12;27;52;13;28,00
1;3;12;27;52;2;68508,08
1;3;12;27;52;9;70494,82
1;3;12;27;52;12;61725,78
1;3;12;27;52;1;0,00
1;3;12;27;52;8;0,00
1;3;12;27;52;11;0,00
1;3;12;27;52;4;80,68
1;3;12;27;52;15;-9,36
1;3;12;27;52;18;-8,97
1;3;12;27;52;19;-9,03
1;3;12;36;7;16;15,00
1;3;12;51;38;3;96,00
1;3;13;18;48;-1;80,00
1;3;13;19;7;16;14,23
1;3;13;21;29;6;0,00
1;3;13;56;23;3;94,22
1;3;13;59;22;5;62,00
1;3;13;59;22;14;14,00
1;3;13;59;22;13;73,00
1;3;13;59;22;2;91960,01
1;3;13;59;22;9;96006,25
1;3;13;59;22;12;90120,81
1;3;13;59;22;1;0,00
1;3;13;59;22;8;0,00
1;3;13;59;22;11;0,00
1;3;13;59;22;4;85,42
1;3;13;59;22;15;-9,03
1;3;13;59;22;18;-8,88
1;3;13;59;22;19;-9,05
1;3;14;5;58;6;17,00
1;3;14;9;39;16;15,73
1;3;14;16;49;5;0,00
1;3;14;16;49;14;30,00
1;3;14;16;49;13;4,00
1;3;14;16;49;2;97796,03
1;3;14;16;49;9;100240,93
1;3;14;16;49;12;88896,59
1;3;14;16;49;1;0,00
1;3;14;16;49;8;0,00
1;3;14;16;49;11;0,00
1;3;14;16;49;4;72,52
1;3;14;16;49;15;-7,53
1;3;14;16;49;18;-7,85
1;3;14;16;49;19;-7,19
1;3;14;17;42;-1;80,00
1;3;14;35;31;3;97,05
1;3;15;10;3;-1;80,00
1;3;15;23;6;5;68,00
1;3;15;23;6;14;39,00
1;3;15;23;6;13;66,00
1;3;15;23;6;2;55965,19
1;3;15;23;6;9;52999,04
1;3;15;23;6;12;52551,31
1;3;15;23;6;1;0,00
1;3;15;23;6;8;0,00
1;3;15;23;6;11;0,00
1;3;15;23;6;4;80,29
1;3;15;23;6;15;-6,63
1;3;15;23;6;18;-6,15
1;3;15;23;6;19;-6,00
1;3;15;44;31;6;35,00
1;3;15;56;27;16;16,43
1;3;15;59;55;3;97,80
1;3;16;12;7;5;63,00
1;3;16;12;7;14;0,00
1;3;16;12;7;13;68,00
1;3;16;12;7;2;41880,43
1;3;16;12;7;9;42969,32
1;3;16;12;7;12;41587,27
1;3;16;12;7;1;0,00
1;3;16;12;7;8;0,00
1;3;16;12;7;11;0,00
1;3;16;12;7;4;79,78
1;3;16;12;7;15;-5,69
1;3;16;12;7;18;-5,75
1;3;16;12;7;19;-5,63
1;3;16;30;19;6;12,00
1;3;16;34;54;3;97,36
1;3;16;36;54;-1;80,00
1;3;16;56;35;16;17,75
1;3;17;2;5;16;18,97
1;3;17;24;27;5;0,00
1;3;17;24;27;14;4,00
1;3;17;24;27;13;9,00
1;3;17;24;27;2;23263,15
1;3;17;24;27;9;24123,88
1;3;17;24;27;12;20983,36
1;3;17;24;27;1;0,00
1;3;17;24;27;8;0,00
1;3;17;24;27;11;0,00
1;3;17;24;27;4;72,40
1;3;17;24;27;15;-6,05
1;3;17;24;27;18;-6,24
1;3;17;24;27;19;-6,51
1;3;17;26;18;-1;80,00
1;3;17;34;37;3;98,67
1;3;17;37;2;6;0,00
1;3;18;2;48;-1;60,00
1;3;18;6;15;16;21,21
1;3;18;18;37;6;0,00
1;3;18;27;40;5;2,00
1;3;18;27;40;14;0,00
1;3;18;27;40;13;12,00
1;3;18;27;40;2;0,21
1;3;18;27;40;9;0,20
1;3;18;27;40;12;0,22
1;3;18;27;40;1;1609,00
1;3;18;27;40;8;1721,63
1;3;18;27;40;11;1611,45
1;3;18;27;40;4;100,00
1;3;18;27;40;15;-5,25
1;3;18;27;40;18;-5,26
1;3;18;27;40;19;-5,32
1;3;18;50;38;3;101,44
1;3;19;7;24;3;99,28
1;3;19;18;3;5;0,00
1;3;19;18;3;14;4,00
1;3;19;18;3;13;9,00
1;3;19;18;3;2;0,11
1;3;19;18;3;9;0,10
1;3;19;18;3;12;0,10
1;3;19;18;3;1;1358,00
1;3;19;18;3;8;1332,20
1;3;19;18;3;11;1274,91
1;3;19;18;3;4;88,31
1;3;19;18;3;15;-6,38
1;3;19;18;3;18;-6,71
1;3;19;18;3;19;-6,69
1;3;19;21;23;-1;70,00
1;3;19;21;55;6;14,00
1;3;19;27;54;16;19,56
1;3;20;6;22;-1;60,00
1;3;20;13;28;3;99,05
1;3;20;24;39;16;18,37
1;3;20;34;27;6;0,00
1;3;20;49;11;5;0,00
1;3;20;49;11;14;15,00
1;3;20;49;11;13;0,00
1;3;20;49;11;2;0,07
1;3;20;49;11;9;0,07
1;3;20;49;11;12;0,08
1;3;20;49;11;1;1689,00
1;3;20;49;11;8;1763,32
1;3;20;49;11;11;1918,49
1;3;20;49;11;4;87,98
1;3;20;49;11;15;-4,04
1;3;20;49;11;18;-3,81
1;3;20;49;11;19;-3,94
1;3;21;7;32;16;17,10
1;3;21;11;25;5;68,00
1;3;21;11;25;14;5,00
1;3;21;11;25;13;79,00
1;3;21;11;25;2;0,21
1;3;21;11;25;9;0,22
1;3;21;11;25;12;0,19
1;3;21;11;25;1;1274,00
1;3;21;11;25;8;1196,29
1;3;21;11;25;11;1229,78
1;3;21;11;25;4;92,37
1;3;21;11;25;15;-4,41
1;3;21;11;25;18;-4,60
1;3;21;11;25;19;-4,74
1;3;21;34;53;3;96,80
1;3;21;55;30;6;0,00
1;3;21;56;34;-1;60,00
1;3;22;8;59;6;0,00
1;3;22;28;47;5;0,00
1;3;22;28;47;14;10,00
1;3;22;28;47;13;4,00
1;3;22;28;47;2;0,13
1;3;22;28;47;9;0,13
1;3;22;28;47;12;0,12
1;3;22;28;47;1;1183,00
1;3;22;28;47;8;1274,09
1;3;22;28;47;11;1225,68
1;3;22;28;47;4;95,54
1;3;22;28;47;15;-4,63
1;3;22;28;47;18;-4,32
1;3;22;28;47;19;-4,06
1;3;22;32;31;16;13,42
1;3;22;35;3;3;94,24
1;3;22;49;7;-1;60,00
1;3;23;7;17;6;0,00
1;3;23;10;12;16;8,22
1;3;23;42;2;5;0,00
1;3;23;42;2;14;6,00
1;3;23;42;2;13;12,00
1;3;23;42;2;2;0,12
1;3;23;42;2;9;0,12
1;3;23;42;2;12;0,12
1;3;23;42;2;1;1931,00
1;3;23;42;2;8;1772,66
1;3;23;42;2;11;1620,21
1;3;23;42;2;4;100,00
1;3;23;42;2;15;-3,96
1;3;23;42;2;18;-4,00
1;3;23;42;2;19;-4,39
1;3;23;50;9;-1;50,00
1;3;23;56;6;3;87,44
1;4;0;24;19;16;3,79
1;4;0;26;47;5;50,00
1;4;0;26;47;14;10,00
1;4;0;26;47;13;37,00
1;4;0;26;47;2;0,18
1;4;0;26;47;9;0,19
1;4;0;26;47;12;0,19
1;4;0;26;47;1;1048,00
1;4;0;26;47;8;1014,46
1;4;0;26;47;11;935,34
1;4;0;26;47;4;97,37
1;4;0;26;47;15;-2,65
1;4;0;26;47;18;-2,79
1;4;0;26;47;19;-2,90
1;4;0;42;30;6;0,00
1;4;0;51;19;3;83,02
1;4;0;58;37;-1;40,00
1;4;1;11;31;5;69,00
1;4;1;11;31;14;12,00
1;4;1;11;31;13;72,00
1;4;1;11;31;2;0,03
1;4;1;11;31;9;0,03
1;4;1;11;31;12;0,03
1;4;1;11;31;1;1581,00
1;4;1;11;31;8;1671,12
1;4;1;11;31;11;1712,89
1;4;1;11;31;4;98,58
1;4;1;11;31;15;0,46
1;4;1;11;31;18;0,45
1;4;1;11;31;19;0,44
1;4;1;24;23;6;0,00
1;4;1;24;40;-1;70,00
1;4;1;24;44;3;84,42
1;4;1;39;9;16;3,00
1;4;2;0;27;3;81,57
1;4;2;30;28;5;0,00
1;4;2;30;28;14;27,00
1;4;2;30;28;13;14,00
1;4;2;30;28;2;0,14
1;4;2;30;28;9;0,15
1;4;2;30;28;12;0,13
1;4;2;30;28;1;1921,00
1;4;2;30;28;8;1876,82
1;4;2;30;28;11;1696,64
1;4;2;30;28;4;92,70
1;4;2;30;28;15;0,70
1;4;2;30;28;18;0,70
1;4;2;30;28;19;0,74
1;4;2;32;26;16;2,32
1;4;2;46;26;-1;60,00
1;4;2;56;46;6;26,00
1;4;3;14;5;6;0,00
1;4;3;14;7;3;82,83
1;4;3;17;32;-1;70,00
1;4;3;37;57;5;27,00
1;4;3;37;57;14;11,00
1;4;3;37;57;13;36,00
1;4;3;37;57;2;0,17
1;4;3;37;57;9;0,17
1;4;3;37;57;12;0,18
1;4;3;37;57;1;135,00
1;4;3;37;57;8;124,74
1;4;3;37;57;11;117,26
1;4;3;37;57;4;86,75
1;4;3;37;57;15;2,47
1;4;3;37;57;18;2,32
1;4;3;37;57;19;2,28
1;4;3;51;15;16;1,90
1;4;4;10;17;3;81,69
1;4;4;46;21;16;2,32
1;4;4;49;4;-1;60,00
1;4;4;53;57;6;0,00
1;4;4;56;48;5;51,00
1;4;4;56;48;14;0,00
1;4;4;56;48;13;39,00
1;4;4;56;48;2;0,10
1;4;4;56;48;9;0,10
1;4;4;56;48;12;0,09
1;4;4;56;48;1;1836,00
1;4;4;56;48;8;1698,30
1;4;4;56;48;11;1615,08
1;4;4;56;48;4;92,57
1;4;4;56;48;15;5,59
1;4;4;56;48;18;5,93
1;4;4;56;48;19;5,59
1;4;5;2;32;-1;60,00
1;4;5;36;33;16;2,68
1;4;5;50;34;3;83,10
1;4;5;52;27;5;13,00
1;4;5;52;27;14;29,00
1;4;5;52;27;13;24,00
1;4;5;52;27;2;0,12
1;4;5;52;27;9;0,13
1;4;5;52;27;12;0,11
1;4;5;52;27;1;1743,00
1;4;5;52;27;8;1584,39
1;4;5;52;27;11;1635,09
1;4;5;52;27;4;100,00
1;4;5;52;27;15;6,46
1;4;5;52;27;18;6,27
1;4;5;52;27;19;6,03
1;4;5;54;47;6;18,00
1;4;6;9;31;-1;60,00
1;4;6;11;10;6;15,00
1;4;6;22;0;5;51,00
1;4;6;22;0;14;0,00
1;4;6;22;0;13;59,00
1;4;6;22;0;2;0,09
1;4;6;22;0;9;0,08
1;4;6;22;0;12;0,10
1;4;6;22;0;1;467,00
1;4;6;22;0;8;479,14
1;4;6;22;0;11;484,41
1;4;6;22;0;4;86,51
1;4;6;22;0;15;8,13
1;4;6;22;0;18;7,72
1;4;6;22;0;19;7,16
1;4;6;32;26;3;83,58
1;4;6;41;4;16;3,00
1;4;7;7;33;16;3,79
1;4;7;15;34;-1;70,00
1;4;7;21;27;5;85,00
1;4;7;21;27;14;29,00
1;4;7;21;27;13;86,00
1;4;7;21;27;2;0,07
1;4;7;21;27;9;0,07
1;4;7;21;27;12;0,06
1;4;7;21;27;1;707,00
1;4;7;21;27;8;723,97
1;4;7;21;27;11;653,02
1;4;7;21;27;4;81,03
1;4;7;21;27;15;9,55
1;4;7;21;27;18;10,28
1;4;7;21;27;19;10,97
1;4;7;48;5;6;27,00
1;4;7;48;52;3;83,89
1;4;8;0;36;3;84,13
1;4;8;11;14;-1;60,00
1;4;8;19;18;16;5,20
1;4;8;23;50;5;27,00
1;4;8;23;50;14;11,00
1;4;8;23;50;13;15,00
1;4;8;23;50;2;0,15
1;4;8;23;50;9;0,14
1;4;8;23;50;12;0,15
1;4;8;23;50;1;2006,00
1;4;8;23;50;8;2176,51
1;4;8;23;50;11;2156,92
1;4;8;23;50;4;94,28
1;4;8;23;50;15;11,00
1;4;8;23;50;18;10,95
1;4;8;23;50;19;11,93
1;4;8;29;43;6;0,00
1;4;9;26;50;6;11,00
1;4;9;31;21;-1;80,00
1;4;9;46;46;3;87,32
1;4;9;46;50;16;8,49
1;4;9;58;41;5;0,00
1;4;9;58;41;14;25,00
1;4;9;58;41;13;0,00
1;4;9;58;41;2;17552,54
1;4;9;58;41;9;18289,75
1;4;9;58;41;12;18254,64
1;4;9;58;41;1;1384,00
1;4;9;58;41;8;1266,36
1;4;9;58;41;11;1171,38
1;4;9;58;41;4;96,99
1;4;9;58;41;15;10,50
1;4;9;58;41;18;10,33
1;4;9;58;41;19;10,67
1;4;10;13;35;3;94,59
1;4;10;16;38;16;13,42
1;4;10;25;10;-1;80,00
1;4;10;35;31;6;16,00
1;4;10;45;58;5;0,00
1;4;10;45;58;14;10,00
1;4;10;45;58;13;9,00
1;4;10;45;58;2;36154,45
1;4;10;45;58;9;38649,11
1;4;10;45;58;12;38142,95
1;4;10;45;58;1;1775,00
1;4;10;45;58;8;1601,05
1;4;10;45;58;11;1575,43
1;4;10;45;58;4;92,76
1;4;10;45;58;15;10,75
1;4;10;45;58;18;11,05
1;4;10;45;58;19;12,00
1;4;11;15;48;16;10,39
1;4;11;22;24;6;0,00
1;4;11;26;17;5;82,00
1;4;11;26;17;14;10,00
1;4;11;26;17;13;95,00
1;4;11;26;17;2;35928,18
1;4;11;26;17;9;35532,97
1;4;11;26;17;12;32910,22
1;4;11;26;17;1;2080,00
1;4;11;26;17;8;2098,72
1;4;11;26;17;11;2218,35
1;4;11;26;17;4;100,00
1;4;11;26;17;15;9,65
1;4;11;26;17;18;10,53
1;4;11;26;17;19;9,55
1;4;11;33;54;-1;80,00
1;4;11;57;31;3;91,37
1;4;12;5;5;3;88,80
1;4;12;5;28;5;15,00
1;4;12;5;28;14;1,00
1;4;12;5;28;13;17,00
1;4;12;5;28;2;71001,19
1;4;12;5;28;9;64895,09
1;4;12;5;28;12;69936,18
1;4;12;5;28;1;0,00
1;4;12;5;28;8;0,00
1;4;12;5;28;11;0,00
1;4;12;5;28;4;75,77
1;4;12;5;28;15;8,30
1;4;12;5;28;18;8,94
1;4;12;5;28;19;8,32
1;4;12;46;32;-1;80,00
1;4;12;56;30;6;12,00
1;4;12;57;13;16;9,49
1;4;13;1;31;3;88,10
1;4;13;18;57;5;0,00
1;4;13;18;57;14;13,00
1;4;13;18;57;13;0,00
1;4;13;18;57;2;62952,09
1;4;13;18;57;9;61189,43
1;4;13;18;57;12;58545,45
1;4;13;18;57;1;0,00
1;4;13;18;57;8;0,00
1;4;13;18;57;11;0,00
1;4;13;18;57;4;83,13
1;4;13;18;57;15;9,95
1;4;13;18;57;18;10,74
1;4;13;18;57;19;11,02
1;4;13;26;36;16;9,00
1;4;13;38;36;-1;80,00
1;4;13;52;13;6;9,00
1;4;14;2;35;16;9,95
1;4;14;5;26;3;89,17
1;4;14;25;47;5;0,00
1;4;14;25;47;14;36,00
1;4;14;25;47;13;0,00
1;4;14;25;47;2;53092,09
1;4;14;25;47;9;50596,77
1;4;14;25;47;12;54472,49
1;4;14;25;47;1;1516,00
1;4;14;25;47;8;1563,00
1;4;14;25;47;11;1520,80
1;4;14;25;47;4;97,37
1;4;14;25;47;15;9,22
1;4;14;25;47;18;9,96
1;4;14;25;47;19;10,23
1;4;14;56;52;-1;80,00
1;4;14;58;41;6;43,00
1;4;15;0;6;5;123,00
1;4;15;0;6;14;54,00
1;4;15;0;6;13;109,00
1;4;15;0;6;2;56268,20
1;4;15;0;6;9;54130,01
1;4;15;0;6;12;56268,20
1;4;15;0;6;1;0,00
1;4;15;0;6;8;0,00
1;4;15;0;6;11;0,00
1;4;15;0;6;4;86,68
1;4;15;0;6;15;9,10
1;4;15;0;6;18;8,75
1;4;15;0;6;19;8,13
1;4;15;28;59;16;11,22
1;4;15;45;13;3;90,52
1;4;15;45;14;-1;80,00
1;4;15;47;57;6;42,00
1;4;16;4;10;6;8,00
1;4;16;5;38;3;93,18
1;4;16;29;30;16;12,73
1;4;16;45;19;5;0,00
1;4;16;45;19;14;0,00
1;4;16;45;19;13;5,00
1;4;16;45;19;2;36592,12
1;4;16;45;19;9;36628,71
1;4;16;45;19;12;38604,69
1;4;16;45;19;1;0,00
1;4;16;45;19;8;0,00
1;4;16;45;19;11;0,00
1;4;16;45;19;4;83,62
1;4;16;45;19;15;11,35
1;4;16;45;19;18;11,43
1;4;16;45;19;19;10,57
1;4;16;48;53;-1;80,00
1;4;17;16;32;16;13,42
1;4;17;19;15;5;0,00
1;4;17;19;15;14;2,00
1;4;17;19;15;13;2,00
1;4;17;19;15;2;14183,11
1;4;17;19;15;9;14863,90
1;4;17;19;15;12;15587,23
1;4;17;19;15;1;1718,00
1;4;17;19;15;8;1700,82
1;4;17;19;15;11;1845,39
1;4;17;19;15;4;95,26
1;4;17;19;15;15;10,90
1;4;17;19;15;18;11,16
1;4;17;19;15;19;10,93
1;4;17;26;49;3;93,46
1;4;17;37;11;-1;80,00
1;4;17;41;51;6;0,00
1;4;18;4;26;16;12,37
1;4;18;18;43;5;0,00
1;4;18;18;43;14;0,00
1;4;18;18;43;13;0,00
1;4;18;18;43;2;0,16
1;4;18;18;43;9;0,17
1;4;18;18;43;12;0,15
1;4;18;18;43;1;0,00
1;4;18;18;43;8;0,00
1;4;18;18;43;11;0,00
1;4;18;18;43;4;81,15
1;4;18;18;43;15;10,15
1;4;18;18;43;18;9,18
1;4;18;18;43;19;9,96
1;4;18;34;1;3;91,09
1;4;18;52;19;6;12,00
1;4;18;55;30;-1;60,00
1;4;19;5;12;5;92,00
1;4;19;5;12;14;38,00
1;4;19;5;12;13;77,00
1;4;19;5;12;2;0,18
1;4;19;5;12;9;0,16
1;4;19;5;12;12;0,17
1;4;19;5;12;1;1245,00
1;4;19;5;12;8;1357,05
1;4;19;5;12;11;1458,83
1;4;19;5;12;4;97,88
1;4;19;5;12;15;7,64
1;4;19;5;12;18;8,30
1;4;19;5;12;19;8,09
1;4;19;35;31;-1;60,00
1;4;19;47;43;6;51,00
1;4;19;49;13;16;11,22
1;4;19;58;1;3;90,94
1;4;20;20;14;3;89,91
1;4;20;30;23;-1;60,00
1;4;20;32;25;6;88,00
1;4;20;35;51;16;9,49
1;4;20;42;1;5;81,00
1;4;20;42;1;14;84,00
1;4;20;42;1;13;91,00
1;4;20;42;1;2;0,17
1;4;20;42;1;9;0,16
1;4;20;42;1;12;0,17
1;4;20;42;1;1;0,00
1;4;20;42;1;8;0,00
1;4;20;42;1;11;0,00
1;4;20;42;1;4;83,17
1;4;20;42;1;15;8,74
1;4;20;42;1;18;8,48
1;4;20;42;1;19;8,83
1;4;21;2;27;5;177,00
1;4;21;2;27;14;25,00
1;4;21;2;27;13;188,00
1;4;21;2;27;2;0,09
1;4;21;2;27;9;0,09
1;4;21;2;27;12;0,09
1;4;21;2;27;1;0,00
1;4;21;2;27;8;0,00
1;4;21;2;27;11;0,00
1;4;21;2;27;4;73,05
1;4;21;2;27;15;6,46
1;4;21;2;27;18;5,83
1;4;21;2;27;19;5,40
1;4;21;22;38;3;86,76
1;4;21;30;19;6;20,00
1;4;21;43;49;-1;70,00
1;4;21;53;52;16;7,35
1;4;22;1;56;16;6,00
1;4;22;8;10;3;84,62
1;4;22;18;59;-1;60,00
1;4;22;29;42;5;0,00
1;4;22;29;42;14;0,00
1;4;22;29;42;13;0,00
1;4;22;29;42;2;0,03
1;4;22;29;42;9;0,02
1;4;22;29;42;12;0,03
1;4;22;29;42;1;0,00
1;4;22;29;42;8;0,00
1;4;22;29;42;11;0,00
1;4;22;29;42;4;80,90
1;4;22;29;42;15;4,94
1;4;22;29;42;18;4,50
1;4;22;29;42;19;4,41
1;4;22;47;41;6;0,00
1;4;23;15;14;3;85,13
1;4;23;16;14;6;0,00
1;4;23;35;33;16;4,24
1;4;23;46;46;5;80,00
1;4;23;46;46;14;8,00
1;4;23;46;46;13;71,00
1;4;23;46;46;2;0,13
1;4;23;46;46;9;0,14
1;4;23;46;46;12;0,14
1;4;23;46;46;1;0,00
1;4;23;46;46;8;0,00
1;4;23;46;46;11;0,00
1;4;23;46;46;4;74,04
1;4;23;46;46;15;4,20
1;4;23;46;46;18;4,11
1;4;23;46;46;19;3,73
1;4;23;52;25;-1;60,00
1;5;0;8;47;3;83,63
1;5;0;9;59;6;0,00
1;5;0;32;32;-1;60,00
1;5;0;47;41;5;0,00
1;5;0;47;41;14;15,00
1;5;0;47;41;13;6,00
1;5;0;47;41;2;0,17
1;5;0;47;41;9;0,17
1;5;0;47;41;12;0,18
1;5;0;47;41;1;0,00
1;5;0;47;41;8;0,00
1;5;0;47;41;11;0,00
1;5;0;47;41;4;76,10
1;5;0;47;41;15;1,13
1;5;0;47;41;18;1,06
1;5;0;47;41;19;1,04
1;5;0;53;44;16;4,50
1;5;1;5;58;16;4,11
1;5;1;22;27;-1;60,00
1;5;1;34;45;6;23,00
1;5;1;41;44;3;85,00
1;5;1;48;49;5;18,00
1;5;1;48;49;14;20,00
1;5;1;48;49;13;24,00
1;5;1;48;49;2;0,16
1;5;1;48;49;9;0,14
1;5;1;48;49;12;0,15
1;5;1;48;49;1;0,00
1;5;1;48;49;8;0,00
1;5;1;48;49;11;0,00
1;5;1;48;49;4;76,32
1;5;1;48;49;15;-0,79
1;5;1;48;49;18;-0,83
1;5;1;48;49;19;-0,88
1;5;2;1;29;3;84,13
1;5;2;32;48;-1;60,00
1;5;2;42;58;5;74,00
1;5;2;42;58;14;0,00
1;5;2;42;58;13;70,00
1;5;2;42;58;2;0,03
1;5;2;42;58;9;0,03
1;5;2;42;58;12;0,03
1;5;2;42;58;1;0,00
1;5;2;42;58;8;0,00
1;5;2;42;58;11;0,00
1;5;2;42;58;4;81,87
1;5;2;42;58;15;-1,49
1;5;2;42;58;18;-1,54
1;5;2;42;58;19;-1,62
1;5;2;48;32;6;0,00
1;5;2;55;1;16;4,86
1;5;3;15;25;3;88,81
1;5;3;25;1;5;11,00
1;5;3;25;1;14;0,00
1;5;3;25;1;13;22,00
1;5;3;25;1;2;0,19
1;5;3;25;1;9;0,17
1;5;3;25;1;12;0,19
1;5;3;25;1;1;117,00
1;5;3;25;1;8;113,14
1;5;3;25;1;11;103,30
1;5;3;25;1;4;72,42
1;5;3;25;1;15;-3,08
1;5;3;25;1;18;-3,13
1;5;3;25;1;19;-3,43
1;5;3;35;23;6;0,00
1;5;3;36;44;16;7,35
1;5;3;38;21;-1;60,00
1;5;4;1;56;-1;50,00
1;5;4;5;49;3;89,73
1;5;4;14;36;16;10,06
1;5;4;33;24;5;23,00
1;5;4;33;24;14;4,00
1;5;4;33;24;13;8,00
1;5;4;33;24;2;0,08
1;5;4;33;24;9;0,07
1;5;4;33;24;12;0,08
1;5;4;33;24;1;1823,00
1;5;4;33;24;8;1921,44
1;5;4;33;24;11;2009,83
1;5;4;33;24;4;100,00
1;5;4;33;24;15;-3,41
1;5;4;33;24;18;-3,42
1;5;4;33;24;19;-3,51
1;5;4;48;18;6;0,00
1;5;5;19;43;3;95,99
1;5;5;32;12;16;16,43
1;5;5;35;48;6;7,00
1;5;5;41;9;-1;70,00
1;5;5;49;45;5;82,00
1;5;5;49;45;14;1,00
1;5;5;49;45;13;70,00
1;5;5;49;45;2;0,15
1;5;5;49;45;9;0,14
1;5;5;49;45;12;0,14
1;5;5;49;45;1;982,00
1;5;5;49;45;8;931,92
1;5;5;49;45;11;859,23
1;5;5;49;45;4;83,56
1;5;5;49;45;15;-0,81
1;5;5;49;45;18;-0,85
1;5;5;49;45;19;-0,92
1;5;6;8;22;5;12,00
1;5;6;8;22;14;6,00
1;5;6;8;22;13;24,00
1;5;6;8;22;2;0,05
1;5;6;8;22;9;0,05
1;5;6;8;22;12;0,05
1;5;6;8;22;1;501,00
1;5;6;8;22;8;494,49
1;5;6;8;22;11;470,75
1;5;6;8;22;4;87,14
1;5;6;8;22;15;1,04
1;5;6;8;22;18;0,94
1;5;6;8;22;19;0,96
1;5;6;26;34;6;9,00
1;5;6;40;22;3;104,63
1;5;6;46;17;-1;60,00
1;5;6;51;22;16;25,98
1;5;7;9;3;5;11,00
1;5;7;9;3;14;33,00
1;5;7;9;3;13;20,00
1;5;7;9;3;2;3036,04
1;5;7;9;3;9;3172,67
1;5;7;9;3;12;2872,10
1;5;7;9;3;1;788,00
1;5;7;9;3;8;781,70
1;5;7;9;3;11;780,91
1;5;7;9;3;4;87,31
1;5;7;9;3;15;2,92
1;5;7;9;3;18;2,91
1;5;7;9;3;19;2,93
1;5;7;26;34;-1;80,00
1;5;7;44;35;3;104,40
1;5;7;45;11;6;28,00
1;5;7;57;19;16;25,32
1;5;8;14;10;6;66,00
1;5;8;17;59;-1;80,00
1;5;8;29;59;5;85,00
1;5;8;29;59;14;65,00
1;5;8;29;59;13;89,00
1;5;8;29;59;2;5496,45
1;5;8;29;59;9;5765,77
1;5;8;29;59;12;5754,78
1;5;8;29;59;1;867,00
1;5;8;29;59;8;831,45
1;5;8;29;59;11;833,95
1;5;8;29;59;4;81,19
1;5;8;29;59;15;3,23
1;5;8;29;59;18;2,91
1;5;8;29;59;19;2,99
1;5;8;37;55;16;23,95
1;5;8;44;0;3;103,76
1;5;9;1;36;16;21,74
1;5;9;8;42;3;101,37
1;5;9;17;42;-1;80,00
1;5;9;30;38;5;150,00
1;5;9;30;38;14;99,00
1;5;9;30;38;13;165,00
1;5;9;30;38;2;34807,56
1;5;9;30;38;9;33380,45
1;5;9;30;38;12;33972,17
1;5;9;30;38;1;0,00
1;5;9;30;38;8;0,00
1;5;9;30;38;11;0,00
1;5;9;30;38;4;72,10
1;5;9;30;38;15;4,71
1;5;9;30;38;18;4,30
1;5;9;30;38;19;4,49
1;5;9;32;25;6;101,00
1;5;10;6;49;-1;80,00
1;5;10;19;31;3;100,35
1;5;10;20;24;16;21,74
1;5;10;41;58;5;177,00
1;5;10;41;58;14;100,00
1;5;10;41;58;13;189,00
1;5;10;41;58;2;54979,32
1;5;10;41;58;9;59982,44
1;5;10;41;58;12;53219,98
1;5;10;41;58;1;0,00
1;5;10;41;58;8;0,00
1;5;10;41;58;11;0,00
1;5;10;41;58;4;83,51
1;5;10;41;58;15;4,78
1;5;10;41;58;18;4,47
1;5;10;41;58;19;4,50
1;5;10;54;8;6;127,00
1;5;11;3;50;16;24,37
1;5;11;17;29;5;180,00
1;5;11;17;29;14;100,00
1;5;11;17;29;13;187,00
1;5;11;17;29;2;106118,21
1;5;11;17;29;9;116730,04
1;5;11;17;29;12;113228,13
1;5;11;17;29;1;0,00
1;5;11;17;29;8;0,00
1;5;11;17;29;11;0,00
1;5;11;17;29;4;71,25
1;5;11;17;29;15;8,50
1;5;11;17;29;18;7,83
1;5;11;17;29;19;7,14
1;5;11;32;3;6;151,00
1;5;11;34;29;-1;80,00
1;5;11;52;9;3;103,01
1;5;12;34;47;5;246,00
1;5;12;34;47;14;100,00
1;5;12;34;47;13;257,00
1;5;12;34;47;2;107000,05
1;5;12;34;47;9;107749,05
1;5;12;34;47;12;117272,05
1;5;12;34;47;1;0,00
1;5;12;34;47;8;0,00
1;5;12;34;47;11;0,00
1;5;12;34;47;4;79,94
1;5;12;34;47;15;9,61
1;5;12;34;47;18;9,92
1;5;12;34;47;19;10,21
1;5;12;35;12;-1;80,00
1;5;12;44;31;16;25,98
1;5;12;56;47;6;109,00
1;5;12;58;31;3;106,57
1;5;13;1;30;5;187,00
1;5;13;1;30;14;94,00
1;5;13;1;30;13;188,00
1;5;13;1;30;2;96369,14
1;5;13;1;30;9;105138,73
1;5;13;1;30;12;102344,03
1;5;13;1;30;1;0,00
1;5;13;1;30;8;0,00
1;5;13;1;30;11;0,00
1;5;13;1;30;4;85,81
1;5;13;1;30;15;11,50
1;5;13;1;30;18;10,53
1;5;13;1;30;19;11,33
1;5;13;10;25;16;24,78
1;5;13;11;17;-1;80,00
1;5;13;11;37;6;88,00
1;5;13;25;53;3;106,06
1;5;14;2;44;-1;80,00
1;5;14;11;25;3;104,31
1;5;14;28;49;6;47,00
1;5;14;48;37;5;0,00
1;5;14;48;37;14;47,00
1;5;14;48;37;13;0,00
1;5;14;48;37;2;89958,08
1;5;14;48;37;9;97604,52
1;5;14;48;37;12;93016,66
1;5;14;48;37;1;0,00
1;5;14;48;37;8;0,00
1;5;14;48;37;11;0,00
1;5;14;48;37;4;78,80
1;5;14;48;37;15;11,05
1;5;14;48;37;18;10,12
1;5;14;48;37;19;11,12
1;5;14;59;47;16;23,95
1;5;15;2;26;3;102,32
1;5;15;11;20;6;32,00
1;5;15;20;19;-1;80,00
1;5;15;30;5;5;0,00
1;5;15;30;5;14;43,00
1;5;15;30;5;13;0,00
1;5;15;30;5;2;46341,13
1;5;15;30;5;9;44719,19
1;5;15;30;5;12;47221,62
1;5;15;30;5;1;872,00
1;5;15;30;5;8;948,74
1;5;15;30;5;11;901,30
1;5;15;30;5;4;81,78
1;5;15;30;5;15;10,85
1;5;15;30;5;18;11,56
1;5;15;30;5;19;12,40
1;5;15;59;54;16;21,74
1;5;16;13;2;16;20,12
1;5;16;22;8;6;0,00
1;5;16;28;21;5;54,00
1;5;16;28;21;14;0,00
1;5;16;28;21;13;60,00
1;5;16;28;21;2;22522,61
1;5;16;28;21;9;23378,47
1;5;16;28;21;12;24099,20
1;5;16;28;21;1;577,00
1;5;16;28;21;8;601,81
1;5;16;28;21;11;637,32
1;5;16;28;21;4;85,16
1;5;16;28;21;15;10,60
1;5;16;28;21;18;9,69
1;5;16;28;21;19;10,21
1;5;16;39;12;3;99,24
1;5;16;54;27;-1;80,00
1;5;17;12;17;3;97,00
1;5;17;25;7;6;0,00
1;5;17;34;0;-1;80,00
1;5;17;34;41;5;0,00
1;5;17;34;41;14;0,00
1;5;17;34;41;13;0,00
1;5;17;34;41;2;11000,05
1;5;17;34;41;9;11220,05
1;5;17;34;41;12;11517,05
1;5;17;34;41;1;1019,00
1;5;17;34;41;8;1089,31
1;5;17;34;41;11;1054,45
1;5;17;34;41;4;86,97
1;5;17;34;41;15;10,63
1;5;17;34;41;18;9,65
1;5;17;34;41;19;8,92
1;5;17;48;3;16;18,37
1;5;18;10;8;-1;60,00
1;5;18;12;4;3;98,13
1;5;18;16;49;16;18,37
1;5;18;30;56;5;0,00
1;5;18;30;56;14;14,00
1;5;18;30;56;13;3,00
1;5;18;30;56;2;0,11
1;5;18;30;56;9;0,10
1;5;18;30;56;12;0,10
1;5;18;30;56;1;0,00
1;5;18;30;56;8;0,00
1;5;18;30;56;11;0,00
1;5;18;30;56;4;81,25
1;5;18;30;56;15;10,75
1;5;18;30;56;18;10,85
1;5;18;30;56;19;11,01
1;5;18;30;57;6;0,00
1;5;19;3;4;5;76,00
1;5;19;3;4;14;27,00
1;5;19;3;4;13;87,00
1;5;19;3;4;2;0,12
1;5;19;3;4;9;0,13
1;5;19;3;4;12;0,12
1;5;19;3;4;1;0,00
1;5;19;3;4;8;0,00
1;5;19;3;4;11;0,00
1;5;19;3;4;4;71,46
1;5;19;3;4;15;8,00
1;5;19;3;4;18;8,65
1;5;19;3;4;19;9,23
1;5;19;7;25;-1;70,00
1;5;19;21;27;6;34,00
1;5;19;39;10;16;18,37
1;5;19;44;20;3;99,17
1;5;20;18;9;16;14,23
1;5;20;22;43;6;0,00
1;5;20;28;52;3;95,35
1;5;20;33;43;-1;50,00
1;5;20;37;25;5;0,00
1;5;20;37;25;14;0,00
1;5;20;37;25;13;11,00
1;5;20;37;25;2;0,17
1;5;20;37;25;9;0,16
1;5;20;37;25;12;0,17
1;5;20;37;25;1;0,00
1;5;20;37;25;8;0,00
1;5;20;37;25;11;0,00
1;5;20;37;25;4;76,34
1;5;20;37;25;15;6,12
1;5;20;37;25;18;6,30
1;5;20;37;25;19;6,48
1;5;21;4;57;5;0,00
1;5;21;4;57;14;3,00
1;5;21;4;57;13;0,00
1;5;21;4;57;2;0,21
1;5;21;4;57;9;0,21
1;5;21;4;57;12;0,23
1;5;21;4;57;1;0,00
1;5;21;4;57;8;0,00
1;5;21;4;57;11;0,00
1;5;21;4;57;4;75,64
1;5;21;4;57;15;2,39
1;5;21;4;57;18;2,62
1;5;21;4;57;19;2,81
1;5;21;15;42;6;0,00
1;5;21;23;42;-1;60,00
1;5;21;25;45;3;90,68
1;5;21;55;34;16;11,62
1;5;22;12;38;3;89,15
1;5;22;18;59;5;0,00
1;5;22;18;59;14;12,00
1;5;22;18;59;13;4,00
1;5;22;18;59;2;0,17
1;5;22;18;59;9;0,17
1;5;22;18;59;12;0,18
1;5;22;18;59;1;0,00
1;5;22;18;59;8;0,00
1;5;22;18;59;11;0,00
1;5;22;18;59;4;82,65
1;5;22;18;59;15;-0,42
1;5;22;18;59;18;-0,41
1;5;22;18;59;19;-0,42
1;5;22;22;42;16;8,22
1;5;22;37;54;-1;70,00
1;5;22;46;35;6;0,00
1;5;23;9;49;-1;50,00
1;5;23;22;39;3;87,46
1;5;23;35;13;5;73,00
1;5;23;35;13;14;2,00
1;5;23;35;13;13;69,00
1;5;23;35;13;2;0,08
1;5;23;35;13;9;0,08
1;5;23;35;13;12;0,09
1;5;23;35;13;1;0,00
1;5;23;35;13;8;0,00
1;5;23;35;13;11;0,00
1;5;23;35;13;4;85,32
1;5;23;35;13;15;-3,26
1;5;23;35;13;18;-3,47
1;5;23;35;13;19;-3,30
1;5;23;47;14;16;7,35
1;5;23;54;49;6;0,00
1;6;0;7;53;6;0,00
1;6;0;23;19;16;3,98
1;6;0;24;47;5;0,00
1;6;0;24;47;14;0,00
1;6;0;24;47;13;3,00
1;6;0;24;47;2;0,08
1;6;0;24;47;9;0,08
1;6;0;24;47;12;0,08
1;6;0;24;47;1;0,00
1;6;0;24;47;8;0,00
1;6;0;24;47;11;0,00
1;6;0;24;47;4;86,68
1;6;0;24;47;15;-7,00
1;6;0;24;47;18;-6,99
1;6;0;24;47;19;-6,52
1;6;0;48;28;-1;60,00
1;6;0;58;39;3;85,27
1;6;1;1;19;5;0,00
1;6;1;1;19;14;5,00
1;6;1;1;19;13;0,00
1;6;1;1;19;2;0,07
1;6;1;1;19;9;0,08
1;6;1;1;19;12;0,07
1;6;1;1;19;1;0,00
1;6;1;1;19;8;0,00
1;6;1;1;19;11;0,00
1;6;1;1;19;4;84,34
1;6;1;1;19;15;-9,67
1;6;1;1;19;18;-10,34
1;6;1;1;19;19;-10,69
1;6;1;5;38;16;3,15
1;6;1;46;45;-1;60,00
1;6;1;50;9;3;82,11
1;6;1;54;30;6;0,00
1;6;2;18;1;16;2,44
1;6;2;35;14;3;82,71
1;6;2;42;43;5;0,00
1;6;2;42;43;14;8,00
1;6;2;42;43;13;0,00
1;6;2;42;43;2;0,06
1;6;2;42;43;9;0,05
1;6;2;42;43;12;0,06
1;6;2;42;43;1;0,00
1;6;2;42;43;8;0,00
1;6;2;42;43;11;0,00
1;6;2;42;43;4;75,60
1;6;2;42;43;15;-9,60
1;6;2;42;43;18;-10,17
1;6;2;42;43;19;-10,03
1;6;2;44;16;-1;60,00
1;6;2;53;31;6;19,00
1;6;3;11;44;16;1,99
1;6;3;20;8;-1;40,00
1;6;3;28;44;3;82,61
1;6;3;31;15;6;0,00
1;6;3;53;30;5;117,00
1;6;3;53;30;14;0,00
1;6;3;53;30;13;131,00
1;6;3;53;30;2;0,03
1;6;3;53;30;9;0,03
1;6;3;53;30;12;0,03
1;6;3;53;30;1;0,00
1;6;3;53;30;8;0,00
1;6;3;53;30;11;0,00
1;6;3;53;30;4;76,10
1;6;3;53;30;15;-12,58
1;6;3;53;30;18;-12,39
1;6;3;53;30;19;-12,90
1;6;4;0;32;6;0,00
1;6;4;3;17;16;2,44
1;6;4;13;33;-1;70,00
1;6;4;15;14;3;81,09
1;6;4;32;14;5;42,00
1;6;4;32;14;14;0,00
1;6;4;32;14;13;57,00
1;6;4;32;14;2;0,12
1;6;4;32;14;9;0,12
1;6;4;32;14;12;0,13
1;6;4;32;14;1;0,00
1;6;4;32;14;8;0,00
1;6;4;32;14;11;0,00
1;6;4;32;14;4;85,30
1;6;4;32;14;15;-13,50
1;6;4;32;14;18;-14,76
1;6;4;32;14;19;-13,69
1;6;5;8;46;3;81,54
1;6;5;12;17;6;0,00
1;6;5;36;35;16;2,81
1;6;5;46;35;5;0,00
1;6;5;46;35;14;15,00
1;6;5;46;35;13;0,00
1;6;5;46;35;2;0,01
1;6;5;46;35;9;0,01
1;6;5;46;35;12;0,01
1;6;5;46;35;1;0,00
1;6;5;46;35;8;0,00
1;6;5;46;35;11;0,00
1;6;5;46;35;4;80,28
1;6;5;46;35;15;-13,10
1;6;5;46;35;18;-12,24
1;6;5;46;35;19;-12,63
1;6;5;49;36;-1;70,00
1;6;6;5;58;6;0,00
1;6;6;15;55;5;62,00
1;6;6;15;55;14;3,00
1;6;6;15;55;13;70,00
1;6;6;15;55;2;6696,20
1;6;6;15;55;9;7031,01
1;6;6;15;55;12;6535,50
1;6;6;15;55;1;0,00
1;6;6;15;55;8;0,00
1;6;6;15;55;11;0,00
1;6;6;15;55;4;72,92
1;6;6;15;55;15;-12,60
1;6;6;15;55;18;-12,02
1;6;6;15;55;19;-11,91
1;6;6;31;15;16;3,15
1;6;6;34;22;3;83,67
1;6;6;53;9;-1;80,00
1;6;7;5;7;5;56,00
1;6;7;5;7;14;5,00
1;6;7;5;7;13;55,00
1;6;7;5;7;2;14910,07
1;6;7;5;7;9;14432,95
1;6;7;5;7;12;14790,79
1;6;7;5;7;1;0,00
1;6;7;5;7;8;0,00
1;6;7;5;7;11;0,00
1;6;7;5;7;4;72,03
1;6;7;5;7;15;-11,10
1;6;7;5;7;18;-10,87
1;6;7;5;7;19;-11,19
1;6;7;8;38;16;3,98
1;6;7;51;21;3;84,66
1;6;7;55;8;6;0,00
1;6;7;55;12;-1;80,00
1;6;8;25;51;6;0,00
1;6;8;31;52;16;5,45
1;6;8;38;6;5;62,00
1;6;8;38;6;14;0,00
1;6;8;38;6;13;55,00
1;6;8;38;6;2;19965,81
1;6;8;38;6;9;21622,97
1;6;8;38;6;12;18069,06
1;6;8;38;6;1;0,00
1;6;8;38;6;8;0,00
1;6;8;38;6;11;0,00
1;6;8;38;6;4;77,00
1;6;8;38;6;15;-12,75
1;6;8;38;6;18;-13,85
1;6;8;38;6;19;-14,69
1;6;8;45;30;3;85,48
1;6;8;50;39;-1;80,00
1;6;9;11;3;6;35,00
1;6;9;22;1;3;89,69
1;6;9;44;21;-1;80,00
1;6;9;46;27;5;0,00
1;6;9;46;27;14;27,00
1;6;9;46;27;13;0,00
1;6;9;46;27;2;35802,17
1;6;9;46;27;9;32687,38
1;6;9;46;27;12;35444,15
1;6;9;46;27;1;0,00
1;6;9;46;27;8;0,00
1;6;9;46;27;11;0,00
1;6;9;46;27;4;78,32
1;6;9;46;27;15;-12,20
1;6;9;46;27;18;-11,44
1;6;9;46;27;19;-11,03
1;6;9;48;5;16;8,90
1;6;10;1;54;16;14,07
1;6;10;31;27;6;19,00
1;6;10;43;57;3;95,00
1;6;10;46;38;-1;80,00
1;6;10;51;6;5;92,00
1;6;10;51;6;14;20,00
1;6;10;51;6;13;105,00
1;6;10;51;6;2;79980,17
1;6;10;51;6;9;79340,33
1;6;10;51;6;12;75581,26
1;6;10;51;6;1;0,00
1;6;10;51;6;8;0,00
1;6;10;51;6;11;0,00
1;6;10;51;6;4;73,39
1;6;10;51;6;15;-9,40
1;6;10;51;6;18;-9,54
1;6;10;51;6;19;-9,20
1;6;11;24;27;-1;80,00
1;6;11;34;52;16;10,90
1;6;11;38;41;5;38,00
1;6;11;38;41;14;0,00
1;6;11;38;41;13;42,00
1;6;11;38;41;2;79248,06
1;6;11;38;41;9;76078,14
1;6;11;38;41;12;72828,97
1;6;11;38;41;1;0,00
1;6;11;38;41;8;0,00
1;6;11;38;41;11;0,00
1;6;11;38;41;4;79,92
1;6;11;38;41;15;-6,61
1;6;11;38;41;18;-6,90
1;6;11;38;41;19;-6,22
1;6;11;38;56;3;92,00
1;6;11;45;20;6;0,00
1;6;12;9;24;-1;80,00
1;6;12;13;8;3;90,77
1;6;12;20;25;6;0,00
1;6;12;37;0;5;0,00
1;6;12;37;0;14;8,00
1;6;12;37;0;13;0,00
1;6;12;37;0;2;83412,15
1;6;12;37;0;9;84830,16
1;6;12;37;0;12;85497,46
1;6;12;37;0;1;0,00
1;6;12;37;0;8;0,00
1;6;12;37;0;11;0,00
1;6;12;37;0;4;75,17
1;6;12;37;0;15;-6,40
1;6;12;37;0;18;-6,09
1;6;12;37;0;19;-5,68
1;6;12;44;46;16;9,95
1;6;13;21;22;-1;80,00
1;6;13;26;1;16;9,44
1;6;13;35;53;5;0,00
1;6;13;35;53;14;53,00
1;6;13;35;53;13;14,00
1;6;13;35;53;2;90804,07
1;6;13;35;53;9;93891,41
1;6;13;35;53;12;96524,73
1;6;13;35;53;1;0,00
1;6;13;35;53;8;0,00
1;6;13;35;53;11;0,00
1;6;13;35;53;4;73,77
1;6;13;35;53;15;-6,03
1;6;13;35;53;18;-6,36
1;6;13;35;53;19;-6,90
1;6;13;36;35;3;90,21
1;6;13;38;18;6;39,00
1;6;14;24;22;6;14,00
1;6;14;24;50;3;91,78
1;6;14;26;11;-1;80,00
1;6;14;33;23;16;10,44
1;6;14;34;44;5;0,00
1;6;14;34;44;14;2,00
1;6;14;34;44;13;12,00
1;6;14;34;44;2;76072,09
1;6;14;34;44;9;81929,64
1;6;14;34;44;12;69605,96
1;6;14;34;44;1;0,00
1;6;14;34;44;8;0,00
1;6;14;34;44;11;0,00
1;6;14;34;44;4;73,39
1;6;14;34;44;15;-5,57
1;6;14;34;44;18;-5,18
1;6;14;34;44;19;-5,44
1;6;15;11;6;6;0,00
1;6;15;14;37;-1;80,00
1;6;15;21;50;16;11,77
1;6;15;47;41;3;92,71
1;6;15;53;57;5;30,00
1;6;15;53;57;14;0,00
1;6;15;53;57;13;44,00
1;6;15;53;57;2;99470,00
1;6;15;53;57;9;100066,82
1;6;15;53;57;12;90816,11
1;6;15;53;57;1;0,00
1;6;15;53;57;8;0,00
1;6;15;53;57;11;0,00
1;6;15;53;57;4;76,24
1;6;15;53;57;15;-4,54
1;6;15;53;57;18;-4,11
1;6;15;53;57;19;-4,39
1;6;16;9;56;16;13,35
1;6;16;29;53;3;93,21
1;6;16;37;57;-1;80,00
1;6;16;50;39;5;0,00
1;6;16;50;39;14;0,00
1;6;16;50;39;13;1,00
1;6;16;50;39;2;81920,03
1;6;16;50;39;9;78643,23
1;6;16;50;39;12;78069,79
1;6;16;50;39;1;0,00
1;6;16;50;39;8;0,00
1;6;16;50;39;11;0,00
1;6;16;50;39;4;80,47
1;6;16;50;39;15;-2,53
1;6;16;50;39;18;-2,68
1;6;16;50;39;19;-2,56
1;6;16;58;53;6;0,00
1;6;17;0;1;16;14,07
1;6;17;7;59;3;94,29
1;6;17;19;22;-1;80,00
1;6;17;37;47;5;0,00
1;6;17;37;47;14;0,00
1;6;17;37;47;13;0,00
1;6;17;37;47;2;50050,01
1;6;17;37;47;9;49999,96
1;6;17;37;47;12;50700,66
1;6;17;37;47;1;0,00
1;6;17;37;47;8;0,00
1;6;17;37;47;11;0,00
1;6;17;37;47;4;79,02
1;6;17;37;47;15;-2,65
1;6;17;37;47;18;-2,54
1;6;17;37;47;19;-2,74
1;6;17;50;19;6;0,00
1;6;18;8;19;5;0,00
1;6;18;8;19;14;0,00
1;6;18;8;19;13;12,00
1;6;18;8;19;2;20980,07
1;6;18;8;19;9;21084,97
1;6;18;8;19;12;20623,41
1;6;18;8;19;1;0,00
1;6;18;8;19;8;0,00
1;6;18;8;19;11;0,00
1;6;18;8;19;4;84,52
1;6;18;8;19;15;-0,70
1;6;18;8;19;18;-0,72
1;6;18;8;19;19;-0,79
1;6;18;42;50;-1;80,00
1;6;18;43;31;3;93,81
1;6;18;45;7;6;0,00
1;6;18;45;25;16;12,97
1;6;19;19;50;-1;60,00
1;6;19;45;54;5;0,00
1;6;19;45;54;14;0,00
1;6;19;45;54;13;15,00
1;6;19;45;54;2;0,02
1;6;19;45;54;9;0,02
1;6;19;45;54;12;0,02
1;6;19;45;54;1;0,00
1;6;19;45;54;8;0,00
1;6;19;45;54;11;0,00
1;6;19;45;54;4;82,76
1;6;19;45;54;15;-1,35
1;6;19;45;54;18;-1,43
1;6;19;45;54;19;-1,40
1;6;19;49;2;3;90,31
1;6;19;56;34;16;11,77
1;6;19;58;54;6;0,00
1;6;20;18;37;16;9,95
1;6;20;29;25;5;0,00
1;6;20;29;25;14;7,00
1;6;20;29;25;13;6,00
1;6;20;29;25;2;0,08
1;6;20;29;25;9;0,08
1;6;20;29;25;12;0,08
1;6;20;29;25;1;0,00
1;6;20;29;25;8;0,00
1;6;20;29;25;11;0,00
1;6;20;29;25;4;81,76
1;6;20;29;25;15;-4,99
1;6;20;29;25;18;-4,74
1;6;20;29;25;19;-4,74
1;6;20;31;21;6;0,00
1;6;20;33;31;-1;60,00
1;6;20;49;24;3;88,74
1;6;21;3;32;6;24,00
1;6;21;19;54;-1;50,00
1;6;21;42;36;16;7,71
1;6;21;54;43;5;34,00
1;6;21;54;43;14;16,00
1;6;21;54;43;13;36,00
1;6;21;54;43;2;0,19
1;6;21;54;43;9;0,19
1;6;21;54;43;12;0,18
1;6;21;54;43;1;0,00
1;6;21;54;43;8;0,00
1;6;21;54;43;11;0,00
1;6;21;54;43;4;71,65
1;6;21;54;43;15;-4,87
1;6;21;54;43;18;-4,59
1;6;21;54;43;19;-4,97
1;6;21;56;21;3;86,68
1;6;22;2;19;6;0,00
1;6;22;17;10;3;86,64
1;6;22;27;0;16;6,29
1;6;22;29;37;5;77,00
1;6;22;29;37;14;0,00
1;6;22;29;37;13;76,00
1;6;22;29;37;2;0,11
1;6;22;29;37;9;0,11
1;6;22;29;37;12;0,11
1;6;22;29;37;1;0,00
1;6;22;29;37;8;0,00
1;6;22;29;37;11;0,00
1;6;22;29;37;4;79,68
1;6;22;29;37;15;-6,64
1;6;22;29;37;18;-6,45
1;6;22;29;37;19;-5,93
1;6;22;40;8;-1;60,00
1;6;23;4;23;6;0,00
1;6;23;10;28;3;83,66
1;6;23;21;49;5;0,00
1;6;23;21;49;14;0,00
1;6;23;21;49;13;15,00
1;6;23;21;49;2;0,13
1;6;23;21;49;9;0,12
1;6;23;21;49;12;0,14
1;6;23;21;49;1;0,00
1;6;23;21;49;8;0,00
1;6;23;21;49;11;0,00
1;6;23;21;49;4;85,08
1;6;23;21;49;15;-8,05
1;6;23;21;49;18;-8,74
1;6;23;21;49;19;-9,16
1;6;23;29;12;-1;60,00
1;6;23;52;41;16;4,45
1;7;0;14;23;6;0,00
1;7;0;14;59;5;0,00
1;7;0;14;59;14;1,00
1;7;0;14;59;13;0,00
1;7;0;14;59;2;0,15
1;7;0;14;59;9;0,14
1;7;0;14;59;12;0,16
1;7;0;14;59;1;0,00
1;7;0;14;59;8;0,00
1;7;0;14;59;11;0,00
1;7;0;14;59;4;85,06
1;7;0;14;59;15;-10,71
1;7;0;14;59;18;-10,90
1;7;0;14;59;19;-10,73
1;7;0;50;8;16;6,43
1;7;0;53;53;-1;50,00
1;7;0;54;42;3;86,60
1;7;1;0;31;5;85,00
1;7;1;0;31;14;8,00
1;7;1;0;31;13;75,00
1;7;1;0;31;2;0,21
1;7;1;0;31;9;0,22
1;7;1;0;31;12;0,21
1;7;1;0;31;1;0,00
1;7;1;0;31;8;0,00
1;7;1;0;31;11;0,00
1;7;1;0;31;4;75,52
1;7;1;0;31;15;-12,65
1;7;1;0;31;18;-12,90
1;7;1;0;31;19;-11,83
1;7;1;11;43;3;83,59
1;7;1;28;59;6;0,00
1;7;1;52;50;-1;50,00
1;7;1;54;54;16;4,98
1;7;2;0;10;3;84,37
1;7;2;0;32;5;0,00
1;7;2;0;32;14;0,00
1;7;2;0;32;13;2,00
1;7;2;0;32;2;0,03
1;7;2;0;32;9;0,03
1;7;2;0;32;12;0,03
1;7;2;0;32;1;0,00
1;7;2;0;32;8;0,00
1;7;2;0;32;11;0,00
1;7;2;0;32;4;86,02
1;7;2;0;32;15;-13,15
1;7;2;0;32;18;-14,16
1;7;2;0;32;19;-14,62
1;7;2;8;44;-1;60,00
1;7;2;24;40;6;1,00
1;7;2;41;31;16;4,55
1;7;3;7;31;-1;60,00
1;7;3;9;9;5;0,00
1;7;3;9;9;14;10,00
1;7;3;9;9;13;6,00
1;7;3;9;9;2;0,09
1;7;3;9;9;9;0,09
1;7;3;9;9;12;0,08
1;7;3;9;9;1;0,00
1;7;3;9;9;8;0,00
1;7;3;9;9;11;0,00
1;7;3;9;9;4;80,04
1;7;3;9;9;15;-11,85
1;7;3;9;9;18;-10,67
1;7;3;9;9;19;-10,04
1;7;3;15;16;6;0,00
1;7;3;51;23;3;86,31
1;7;3;53;24;16;5,38
1;7;4;0;13;-1;60,00
1;7;4;13;46;6;20,00
1;7;4;14;41;16;8,14
1;7;4;19;53;5;0,00
1;7;4;19;53;14;14,00
1;7;4;19;53;13;12,00
1;7;4;19;53;2;0,00
1;7;4;19;53;9;0,00
1;7;4;19;53;12;0,00
1;7;4;19;53;1;0,00
1;7;4;19;53;8;0,00
1;7;4;19;53;11;0,00
1;7;4;19;53;4;76,77
1;7;4;19;53;15;-11,90
1;7;4;19;53;18;-12,78
1;7;4;19;53;19;-13,04
1;7;4;22;35;3;88,12
1;7;5;10;58;3;91,67
1;7;5;16;28;5;0,00
1;7;5;16;28;14;47,00
1;7;5;16;28;13;12,00
1;7;5;16;28;2;0,07
1;7;5;16;28;9;0,07
1;7;5;16;28;12;0,07
1;7;5;16;28;1;0,00
1;7;5;16;28;8;0,00
1;7;5;16;28;11;0,00
1;7;5;16;28;4;86,08
1;7;5;16;28;15;-12,65
1;7;5;16;28;18;-11,99
1;7;5;16;28;19;-12,30
1;7;5;42;31;6;56,00
1;7;5;42;48;-1;70,00
1;7;5;56;18;16;11,14
1;7;6;0;15;3;103,34
1;7;6;7;25;5;75,00
1;7;6;7;25;14;36,00
1;7;6;7;25;13;71,00
1;7;6;7;25;2;9940,05
1;7;6;7;25;9;10526,51
1;7;6;7;25;12;10596,09
1;7;6;7;25;1;0,00
1;7;6;7;25;8;0,00
1;7;6;7;25;11;0,00
1;7;6;7;25;4;71,03
1;7;6;7;25;15;-12,45
1;7;6;7;25;18;-13,56
1;7;6;7;25;19;-14,85
1;7;6;16;2;6;26,00
1;7;6;34;33;16;23,20
1;7;6;45;12;-1;80,00
1;7;7;0;9;6;58,00
1;7;7;9;49;16;28,77
1;7;7;30;41;-1;80,00
1;7;7;40;44;3;107,83
1;7;7;58;48;5;0,00
1;7;7;58;48;14;62,00
1;7;7;58;48;13;0,00
1;7;7;58;48;2;16200,01
1;7;7;58;48;9;16070,41
1;7;7;58;48;12;14661,01
1;7;7;58;48;1;0,00
1;7;7;58;48;8;0,00
1;7;7;58;48;11;0,00
1;7;7;58;48;4;72,95
1;7;7;58;48;15;-12,54
1;7;7;58;48;18;-11,80
1;7;7;58;48;19;-11,52
1;7;8;15;23;-1;80,00
1;7;8;28;55;6;60,00
1;7;8;37;25;5;30,00
1;7;8;37;25;14;56,00
1;7;8;37;25;13;40,00
1;7;8;37;25;2;15276,06
1;7;8;37;25;9;15321,88
1;7;8;37;25;12;15169,12
1;7;8;37;25;1;0,00
1;7;8;37;25;8;0,00
1;7;8;37;25;11;0,00
1;7;8;37;25;4;86,35
1;7;8;37;25;15;-12,75
1;7;8;37;25;18;-13,46
1;7;8;37;25;19;-13,49
1;7;8;55;14;16;28,05
1;7;8;56;13;3;107,65
1;7;9;11;10;16;26,53
1;7;9;14;24;3;107,18
1;7;9;41;9;-1;80,00
1;7;9;48;15;5;98,00
1;7;9;48;15;14;68,00
1;7;9;48;15;13;83,00
1;7;9;48;15;2;41472,05
1;7;9;48;15;9;42799,15
1;7;9;48;15;12;40476,72
1;7;9;48;15;1;0,00
1;7;9;48;15;8;0,00
1;7;9;48;15;11;0,00
1;7;9;48;15;4;85,91
1;7;9;48;15;15;-11,30
1;7;9;48;15;18;-11,39
1;7;9;48;15;19;-10,58
1;7;9;58;46;6;71,00
1;7;10;27;43;16;24,07
1;7;10;30;31;5;0,00
1;7;10;30;31;14;0,00
1;7;10;30;31;13;4,00
1;7;10;30;31;2;43841,76
1;7;10;30;31;9;46559,95
1;7;10;30;31;12;47612,15
1;7;10;30;31;1;530,00
1;7;10;30;31;8;552,26
1;7;10;30;31;11;604,72
1;7;10;30;31;4;81,72
1;7;10;30;31;15;-10,05
1;7;10;30;31;18;-10,51
1;7;10;30;31;19;-9,58
1;7;10;31;12;-1;80,00
1;7;10;37;1;6;3,00
1;7;10;48;56;3;105,21
1;7;11;20;39;16;22,29
1;7;11;21;43;5;0,00
1;7;11;21;43;14;11,00
1;7;11;21;43;13;0,00
1;7;11;21;43;2;59528,07
1;7;11;21;43;9;58099,40
1;7;11;21;43;12;57980,34
1;7;11;21;43;1;139,00
1;7;11;21;43;8;141,22
1;7;11;21;43;11;127,10
1;7;11;21;43;4;82,81
1;7;11;21;43;15;-9,85
1;7;11;21;43;18;-10,84
1;7;11;21;43;19;-10,64
1;7;11;28;52;6;1,00
1;7;11;40;39;3;102,08
1;7;11;47;13;-1;80,00
1;7;12;30;36;5;0,00
1;7;12;30;36;14;0,00
1;7;12;30;36;13;5,00
1;7;12;30;36;2;73554,15
1;7;12;30;36;9;74510,35
1;7;12;30;36;12;80762,45
1;7;12;30;36;1;0,00
1;7;12;30;36;8;0,00
1;7;12;30;36;11;0,00
1;7;12;30;36;4;85,40
1;7;12;30;36;15;-10,31
1;7;12;30;36;18;-10,91
1;7;12;30;36;19;-11,65
1;7;12;33;25;-1;80,00
1;7;12;34;46;6;0,00
1;7;12;37;50;16;20,35
1;7;12;49;12;3;99,40
1;7;13;7;12;16;19,30
1;7;13;26;32;5;0,00
1;7;13;26;32;14;29,00
1;7;13;26;32;13;0,00
1;7;13;26;32;2;102885,03
1;7;13;26;32;9;107000,43
1;7;13;26;32;12;105868,70
1;7;13;26;32;1;0,00
1;7;13;26;32;8;0,00
1;7;13;26;32;11;0,00
1;7;13;26;32;4;79,46
1;7;13;26;32;15;-9,81
1;7;13;26;32;18;-9,89
1;7;13;26;32;19;-9,97
1;7;13;38;18;-1;60,00
1;7;13;41;29;6;34,00
1;7;13;53;6;3;97,99
1;7;14;3;19;3;102,43
1;7;14;7;55;6;0,00
1;7;14;8;5;5;0,00
1;7;14;8;5;14;0,00
1;7;14;8;5;13;10,00
1;7;14;8;5;2;100200,05
1;7;14;8;5;9;96793,25
1;7;14;8;5;12;94087,85
1;7;14;8;5;1;0,00
1;7;14;8;5;8;0,00
1;7;14;8;5;11;0,00
1;7;14;8;5;4;76,35
1;7;14;8;5;15;-6,70
1;7;14;8;5;18;-6,84
1;7;14;8;5;19;-7,18
1;7;14;15;56;16;21,34
1;7;14;39;36;-1;80,00
1;7;15;23;56;3;103,53
1;7;15;25;0;5;78,00
1;7;15;25;0;14;0,00
1;7;15;25;0;13;87,00
1;7;15;25;0;2;103700,12
1;7;15;25;0;9;101522,42
1;7;15;25;0;12;101937,22
1;7;15;25;0;1;0,00
1;7;15;25;0;8;0,00
1;7;15;25;0;11;0,00
1;7;15;25;0;4;86,04
1;7;15;25;0;15;-4,01
1;7;15;25;0;18;-4,15
1;7;15;25;0;19;-4,55
1;7;15;39;22;16;24,07
1;7;15;43;32;-1;80,00
1;7;15;54;55;6;0,00
1;7;16;1;6;5;0,00
1;7;16;1;6;14;37,00
1;7;16;1;6;13;0,00
1;7;16;1;6;2;85205,02
1;7;16;1;6;9;91084,16
1;7;16;1;6;12;83074,89
1;7;16;1;6;1;0,00
1;7;16;1;6;8;0,00
1;7;16;1;6;11;0,00
1;7;16;1;6;4;74,35
1;7;16;1;6;15;-2,95
1;7;16;1;6;18;-3,08
1;7;16;1;6;19;-3,01
1;7;16;33;14;-1;80,00
1;7;16;38;36;3;106,05
1;7;16;46;14;6;22,00
1;7;16;46;21;16;27,30
1;7;17;2;49;16;28,77
1;7;17;9;29;6;0,00
1;7;17;26;8;3;108,17
1;7;17;55;29;5;103,00
1;7;17;55;29;14;0,00
1;7;17;55;29;13;88,00
1;7;17;55;29;2;51200,16
1;7;17;55;29;9;53350,56
1;7;17;55;29;12;54886,57
1;7;17;55;29;1;0,00
1;7;17;55;29;8;0,00
1;7;17;55;29;11;0,00
1;7;17;55;29;4;76,32
1;7;17;55;29;15;-0,98
1;7;17;55;29;18;-0,91
1;7;17;55;29;19;-0,94
1;7;17;59;21;-1;80,00
1;7;18;4;1;5;0,00
1;7;18;4;1;14;0,00
1;7;18;4;1;13;12,00
1;7;18;4;1;2;21520,12
1;7;18;4;1;9;20035,23
1;7;18;4;1;12;22940,44
1;7;18;4;1;1;0,00
1;7;18;4;1;8;0,00
1;7;18;4;1;11;0,00
1;7;18;4;1;4;74,95
1;7;18;4;1;15;-1,94
1;7;18;4;1;18;-1,79
1;7;18;4;1;19;-1,70
1;7;18;7;18;6;0,00
1;7;18;11;50;16;26,53
1;7;18;20;14;3;107,51
1;7;18;22;1;-1;80,00
1;7;19;3;33;-1;60,00
1;7;19;9;27;3;103,71
1;7;19;43;47;6;24,00
1;7;19;52;28;16;24,07
1;7;19;57;44;5;0,00
1;7;19;57;44;14;19,00
1;7;19;57;44;13;0,00
1;7;19;57;44;2;0,19
1;7;19;57;44;9;0,19
1;7;19;57;44;12;0,18
1;7;19;57;44;1;0,00
1;7;19;57;44;8;0,00
1;7;19;57;44;11;0,00
1;7;19;57;44;4;83,47
1;7;19;57;44;15;-4,09
1;7;19;57;44;18;-3,82
1;7;19;57;44;19;-3,82
1;7;20;0;38;16;20,35
1;7;20;13;28;5;102,00
1;7;20;13;28;14;2,00
1;7;20;13;28;13;89,00
1;7;20;13;28;2;0,09
1;7;20;13;28;9;0,10
1;7;20;13;28;12;0,09
1;7;20;13;28;1;0,00
1;7;20;13;28;8;0,00
1;7;20;13;28;11;0,00
1;7;20;13;28;4;71,71
1;7;20;13;28;15;-6,38
1;7;20;13;28;18;-6,33
1;7;20;13;28;19;-5,81
1;7;20;19;54;-1;60,00
1;7;20;41;8;6;0,00
1;7;20;41;21;3;101,66
1;7;21;21;25;-1;60,00
1;7;21;21;53;3;95,79
1;7;21;31;40;6;0,00
1;7;21;39;36;16;15,76
1;7;21;42;42;5;0,00
1;7;21;42;42;14;1,00
1;7;21;42;42;13;0,00
1;7;21;42;42;2;0,17
1;7;21;42;42;9;0,15
1;7;21;42;42;12;0,17
1;7;21;42;42;1;0,00
1;7;21;42;42;8;0,00
1;7;21;42;42;11;0,00
1;7;21;42;42;4;77,61
1;7;21;42;42;15;-8,56
1;7;21;42;42;18;-9,42
1;7;21;42;42;19;-8,74
1;7;22;11;57;6;0,00
1;7;22;16;15;16;12,87
1;7;22;25;21;-1;70,00
1;7;22;26;54;3;92,39
1;7;22;52;9;5;0,00
1;7;22;52;9;14;5,00
1;7;22;52;9;13;0,00
1;7;22;52;9;2;0,10
1;7;22;52;9;9;0,09
1;7;22;52;9;12;0,10
1;7;22;52;9;1;0,00
1;7;22;52;9;8;0,00
1;7;22;52;9;11;0,00
1;7;22;52;9;4;81,88
1;7;22;52;9;15;-11,41
1;7;22;52;9;18;-12,24
1;7;22;52;9;19;-12,60
1;7;23;11;16;5;27,00
1;7;23;11;16;14;0,00
1;7;23;11;16;13;20,00
1;7;23;11;16;2;0,19
1;7;23;11;16;9;0,18
1;7;23;11;16;12;0,17
1;7;23;11;16;1;0,00
1;7;23;11;16;8;0,00
1;7;23;11;16;11;0,00
1;7;23;11;16;4;80,98
1;7;23;11;16;15;-11,85
1;7;23;11;16;18;-12,66
1;7;23;11;16;19;-11,96
1;7;23;14;8;3;89,96
1;7;23;22;28;16;9,10
1;7;23;34;20;-1;60,00
1;7;23;52;20;6;0,00
1;8;0;7;50;-1;60,00
1;8;0;14;35;3;85,51
1;8;0;18;26;5;0,00
1;8;0;18;26;14;5,00
1;8;0;18;26;13;7,00
1;8;0;18;26;2;0,07
1;8;0;18;26;9;0,07
1;8;0;18;26;12;0,07
1;8;0;18;26;1;0,00
1;8;0;18;26;8;0,00
1;8;0;18;26;11;0,00
1;8;0;18;26;4;80,54
1;8;0;18;26;15;-13,50
1;8;0;18;26;18;-12,19
1;8;0;18;26;19;-12,06
1;8;0;40;50;6;0,00
1;8;0;53;35;16;6,50
1;8;1;2;42;-1;60,00
1;8;1;3;2;6;8,00
1;8;1;5;50;16;5,04
1;8;1;15;47;5;0,00
1;8;1;15;47;14;22,00
1;8;1;15;47;13;15,00
1;8;1;15;47;2;0,10
1;8;1;15;47;9;0,11
1;8;1;15;47;12;0,10
1;8;1;15;47;1;0,00
1;8;1;15;47;8;0,00
1;8;1;15;47;11;0,00
1;8;1;15;47;4;74,00
1;8;1;15;47;15;-13,50
1;8;1;15;47;18;-14,76
1;8;1;15;47;19;-15,71
1;8;1;26;0;3;85,14
1;8;2;9;48;16;4,60
1;8;2;15;44;6;8,00
1;8;2;33;20;-1;60,00
1;8;2;38;14;5;0,00
1;8;2;38;14;14;9,00
1;8;2;38;14;13;6,00
1;8;2;38;14;2;0,11
1;8;2;38;14;9;0,11
1;8;2;38;14;12;0,10
1;8;2;38;14;1;0,00
1;8;2;38;14;8;0,00
1;8;2;38;14;11;0,00
1;8;2;38;14;4;79,62
1;8;2;38;14;15;-13,50
1;8;2;38;14;18;-13,23
1;8;2;38;14;19;-12,07
1;8;2;50;10;3;85,03
1;8;3;21;7;3;86,40
1;8;3;29;36;5;49,00
1;8;3;29;36;14;28,00
1;8;3;29;36;13;43,00
1;8;3;29;36;2;0,16
1;8;3;29;36;9;0,16
1;8;3;29;36;12;0,15
1;8;3;29;36;1;0,00
1;8;3;29;36;8;0,00
1;8;3;29;36;11;0,00
1;8;3;29;36;4;80,96
1;8;3;29;36;15;-13,50
1;8;3;29;36;18;-14,57
1;8;3;29;36;19;-14,17
1;8;3;47;0;-1;70,00
1;8;3;47;9;16;5,44
1;8;3;56;0;6;40,00
1;8;4;2;41;3;88,37
1;8;4;8;3;16;8,23
1;8;4;10;35;6;22,00
1;8;4;33;19;-1;60,00
1;8;4;49;13;5;26,00
1;8;4;49;13;14;13,00
1;8;4;49;13;13;29,00
1;8;4;49;13;2;0,17
1;8;4;49;13;9;0,17
1;8;4;49;13;12;0,17
1;8;4;49;13;1;0,00
1;8;4;49;13;8;0,00
1;8;4;49;13;11;0,00
1;8;4;49;13;4;77,77
1;8;4;49;13;15;-12,85
1;8;4;49;13;18;-14,01
1;8;4;49;13;19;-14,58
1;8;5;40;24;6;8,00
1;8;5;41;3;5;0,00
1;8;5;41;3;14;16,00
1;8;5;41;3;13;0,00
1;8;5;41;3;2;0,08
1;8;5;41;3;9;0,09
1;8;5;41;3;12;0,08
1;8;5;41;3;1;0,00
1;8;5;41;3;8;0,00
1;8;5;41;3;11;0,00
1;8;5;41;3;4;73,95
1;8;5;41;3;15;-13,50
1;8;5;41;3;18;-13,15
1;8;5;41;3;19;-13,32
1;8;5;43;19;-1;70,00
1;8;5;50;37;3;90,13
1;8;5;56;57;16;11,26
1;8;6;12;17;6;0,00
1;8;6;17;7;5;71,00
1;8;6;17;7;14;10,00
1;8;6;17;7;13;74,00
1;8;6;17;7;2;8935,42
1;8;6;17;7;9;8050,81
1;8;6;17;7;12;8435,03
1;8;6;17;7;1;0,00
1;8;6;17;7;8;0,00
1;8;6;17;7;11;0,00
1;8;6;17;7;4;76,86
1;8;6;17;7;15;-13,50
1;8;6;17;7;18;-12,92
1;8;6;17;7;19;-12,08
1;8;6;27;44;3;103,28
1;8;6;44;35;-1;80,00
1;8;6;53;10;16;23,45
1;8;7;11;35;16;29,09
1;8;7;35;20;3;107,97
1;8;7;39;5;5;0,00
1;8;7;39;5;14;11,00
1;8;7;39;5;13;0,00
1;8;7;39;5;2;8517,66
1;8;7;39;5;9;8909,48
1;8;7;39;5;12;8262,13
1;8;7;39;5;1;1991,00
1;8;7;39;5;8;1945,21
1;8;7;39;5;11;1902,41
1;8;7;39;5;4;97,60
1;8;7;39;5;15;-12,30
1;8;7;39;5;18;-11,08
1;8;7;39;5;19;-10,77
1;8;7;47;59;6;0,00
1;8;7;58;31;-1;70,00
1;8;8;7;27;5;0,00
1;8;8;7;27;14;1,00
1;8;8;7;27;13;9,00
1;8;8;7;27;2;16448,16
1;8;8;7;27;9;16382,37
1;8;8;7;27;12;15642,20
1;8;8;7;27;1;0,00
1;8;8;7;27;8;0,00
1;8;8;7;27;11;0,00
1;8;8;7;27;4;86,12
1;8;8;7;27;15;-10,55
1;8;8;7;27;18;-9,66
1;8;8;7;27;19;-9,18
1;8;8;21;6;16;28,35
1;8;8;26;2;6;0,00
1;8;8;34;26;-1;80,00
1;8;8;43;34;3;107,07
1;8;9;10;58;-1;60,00
1;8;9;18;32;16;26,82
1;8;9;25;56;5;0,00
1;8;9;25;56;14;15,00
1;8;9;25;56;13;0,00
1;8;9;25;56;2;28875,16
1;8;9;25;56;9;26536,27
1;8;9;25;56;12;26767,27
1;8;9;25;56;1;2010,00
1;8;9;25;56;8;1961,76
1;8;9;25;56;11;1832,28
1;8;9;25;56;4;95,25
1;8;9;25;56;15;-11,50
1;8;9;25;56;18;-11,33
1;8;9;25;56;19;-12,17
1;8;9;29;27;6;0,00
1;8;9;37;42;3;107,55
1;8;10;13;16;-1;70,00
1;8;10;14;20;16;24,34
1;8;10;24;6;5;0,00
1;8;10;24;6;14;15,00
1;8;10;24;6;13;0,00
1;8;10;24;6;2;30636,03
1;8;10;24;6;9;30482,85
1;8;10;24;6;12;28583,42
1;8;10;24;6;1;1312,00
1;8;10;24;6;8;1390,72
1;8;10;24;6;11;1495,02
1;8;10;24;6;4;96,26
1;8;10;24;6;15;-7,31
1;8;10;24;6;18;-7,15
1;8;10;24;6;19;-7,15
1;8;10;25;41;3;104,50
1;8;10;40;23;6;0,00
1;8;11;1;46;-1;80,00
1;8;11;9;29;6;16,00
1;8;11;13;22;3;102,18
1;8;11;40;37;16;22,53
1;8;11;48;55;5;0,00
1;8;11;48;55;14;28,00
1;8;11;48;55;13;11,00
1;8;11;48;55;2;71958,07
1;8;11;48;55;9;65194,01
1;8;11;48;55;12;66417,30
1;8;11;48;55;1;0,00
1;8;11;48;55;8;0,00
1;8;11;48;55;11;0,00
1;8;11;48;55;4;83,41
1;8;11;48;55;15;-5,71
1;8;11;48;55;18;-6,01
1;8;11;48;55;19;-6,33
1;8;12;11;43;5;0,00
1;8;12;11;43;14;55,00
1;8;12;11;43;13;0,00
1;8;12;11;43;2;78588,20
1;8;12;11;43;9;75287,50
1;8;12;11;43;12;83067,73
1;8;12;11;43;1;0,00
1;8;12;11;43;8;0,00
1;8;12;11;43;11;0,00
1;8;12;11;43;4;79,89
1;8;12;11;43;15;-4,10
1;8;12;11;43;18;-4,17
1;8;12;11;43;19;-3,99
1;8;12;14;26;16;20,57
1;8;12;18;11;6;45,00
1;8;12;50;8;-1;80,00
1;8;12;50;47;3;100,38
1;8;13;13;19;5;0,00
1;8;13;13;19;14;75,00
1;8;13;13;19;13;0,00
1;8;13;13;19;2;101100,04
1;8;13;13;19;9;103324,24
1;8;13;13;19;12;102009,94
1;8;13;13;19;1;0,00
1;8;13;13;19;8;0,00
1;8;13;13;19;11;0,00
1;8;13;13;19;4;73,79
1;8;13;13;19;15;-4,67
1;8;13;13;19;18;-4,84
1;8;13;13;19;19;-4,62
1;8;13;36;58;-1;80,00
1;8;13;50;19;6;85,00
1;8;13;50;26;16;19,51
1;8;13;59;22;3;99,59
1;8;14;7;49;5;108,00
1;8;14;7;49;14;68,00
1;8;14;7;49;13;95,00
1;8;14;7;49;2;103200,21
1;8;14;7;49;9;110114,62
1;8;14;7;49;12;111353,02
1;8;14;7;49;1;0,00
1;8;14;7;49;8;0,00
1;8;14;7;49;11;0,00
1;8;14;7;49;4;76,27
1;8;14;7;49;15;-1,77
1;8;14;7;49;18;-1,73
1;8;14;7;49;19;-1,58
1;8;14;32;23;3;100,60
1;8;14;34;14;16;21,57
1;8;14;45;18;-1;80,00
1;8;14;56;55;6;68,00
1;8;15;13;41;5;0,00
1;8;15;13;41;14;83,00
1;8;15;13;41;13;14,00
1;8;15;13;41;2;84252,12
1;8;15;13;41;9;87537,96
1;8;15;13;41;12;87874,96
1;8;15;13;41;1;0,00
1;8;15;13;41;8;0,00
1;8;15;13;41;11;0,00
1;8;15;13;41;4;84,56
1;8;15;13;41;15;1,02
1;8;15;13;41;18;1,03
1;8;15;13;41;19;1,02
1;8;15;17;56;6;70,00
1;8;15;22;59;16;24,34
1;8;15;35;51;3;103,25
1;8;15;38;16;-1;80,00
1;8;16;2;4;3;107,65
1;8;16;32;4;-1;80,00
1;8;16;46;1;6;49,00
1;8;16;50;32;5;93,00
1;8;16;50;32;14;34,00
1;8;16;50;32;13;98,00
1;8;16;50;32;2;63936,17
1;8;16;50;32;9;58181,91
1;8;16;50;32;12;65087,02
1;8;16;50;32;1;0,00
1;8;16;50;32;8;0,00
1;8;16;50;32;11;0,00
1;8;16;50;32;4;81,57
1;8;16;50;32;15;3,92
1;8;16;50;32;18;3,63
1;8;16;50;32;19;3,35
1;8;16;56;20;16;27,59
1;8;17;7;15;6;85,00
1;8;17;13;42;3;109,58
1;8;17;15;29;-1;80,00
1;8;17;37;27;5;81,00
1;8;17;37;27;14;79,00
1;8;17;37;27;13;82,00
1;8;17;37;27;2;32391,21
1;8;17;37;27;9;29411,22
1;8;17;37;27;12;31970,13
1;8;17;37;27;1;1253,00
1;8;17;37;27;8;1360,76
1;8;17;37;27;11;1351,23
1;8;17;37;27;4;96,02
1;8;17;37;27;15;8,12
1;8;17;37;27;18;8,69
1;8;17;37;27;19;8,61
1;8;17;48;51;16;29,09
1;8;18;7;9;16;26,82
1;8;18;15;36;6;105,00
1;8;18;19;50;3;106,58
1;8;18;29;52;-1;80,00
1;8;18;40;19;5;171,00
1;8;18;40;19;14;100,00
1;8;18;40;19;13;182,00
1;8;18;40;19;2;10009,80
1;8;18;40;19;9;9409,22
1;8;18;40;19;12;10950,73
1;8;18;40;19;1;650,00
1;8;18;40;19;8;586,95
1;8;18;40;19;11;622,17
1;8;18;40;19;4;79,30
1;8;18;40;19;15;10,38
1;8;18;40;19;18;9,54
1;8;18;40;19;19;9,72
1;8;19;17;36;-1;60,00
1;8;19;18;33;3;105,63
1;8;19;28;38;6;55,00
1;8;19;35;25;5;91,00
1;8;19;35;25;14;65,00
1;8;19;35;25;13;84,00
1;8;19;35;25;2;0,14
1;8;19;35;25;9;0,14
1;8;19;35;25;12;0,13
1;8;19;35;25;1;0,00
1;8;19;35;25;8;0,00
1;8;19;35;25;11;0,00
1;8;19;35;25;4;82,77
1;8;19;35;25;15;10,20
1;8;19;35;25;18;10,50
1;8;19;35;25;19;10,67
1;8;19;56;9;16;24,34
1;8;20;2;39;16;20,57
1;8;20;3;24;5;27,00
1;8;20;3;24;14;1,00
1;8;20;3;24;13;14,00
1;8;20;3;24;2;0,12
1;8;20;3;24;9;0,13
1;8;20;3;24;12;0,12
1;8;20;3;24;1;1496,00
1;8;20;3;24;8;1525,92
1;8;20;3;24;11;1512,19
1;8;20;3;24;4;100,00
1;8;20;3;24;15;7,90
1;8;20;3;24;18;7,21
1;8;20;3;24;19;7,67
1;8;20;11;22;6;0,00
1;8;20;31;25;3;100,96
1;8;20;47;7;-1;60,00
1;8;21;0;55;6;5,00
1;8;21;18;7;16;15,93
1;8;21;23;14;3;95,02
1;8;21;34;59;-1;40,00
1;8;21;43;42;5;21,00
1;8;21;43;42;14;12,00
1;8;21;43;42;13;33,00
1;8;21;43;42;2;0,09
1;8;21;43;42;9;0,10
1;8;21;43;42;12;0,09
1;8;21;43;42;1;1996,00
1;8;21;43;42;8;1968,06
1;8;21;43;42;11;2070,39
1;8;21;43;42;4;100,00
1;8;21;43;42;15;8,55
1;8;21;43;42;18;8,76
1;8;21;43;42;19;9,55
1;8;22;2;46;16;13,01
1;8;22;15;26;5;0,00
1;8;22;15;26;14;22,00
1;8;22;15;26;13;0,00
1;8;22;15;26;2;0,19
1;8;22;15;26;9;0,19
1;8;22;15;26;12;0,17
1;8;22;15;26;1;827,00
1;8;22;15;26;8;821,21
1;8;22;15;26;11;810,54
1;8;22;15;26;4;92,17
1;8;22;15;26;15;7,68
1;8;22;15;26;18;7,86
1;8;22;15;26;19;7,12
1;8;22;17;17;6;20,00
1;8;22;20;56;3;93,66
1;8;22;29;26;-1;60,00
1;8;23;29;31;5;1,00
1;8;23;29;31;14;41,00
1;8;23;29;31;13;16,00
1;8;23;29;31;2;0,05
1;8;23;29;31;9;0,04
1;8;23;29;31;12;0,04
1;8;23;29;31;1;613,00
1;8;23;29;31;8;576,22
1;8;23;29;31;11;574,49
1;8;23;29;31;4;77,27
1;8;23;29;31;15;7,88
1;8;23;29;31;18;7,47
1;8;23;29;31;19;6,88
1;8;23;42;29;3;89,78
1;8;23;46;29;-1;50,00
1;8;23;47;9;16;9,20
1;8;23;47;12;6;28,00
1;9;0;7;18;16;6,57
1;9;0;19;6;-1;60,00
1;9;0;32;3;3;86,85
1;9;0;33;43;6;0,00
1;9;0;52;7;5;0,00
1;9;0;52;7;14;7,00
1;9;0;52;7;13;0,00
1;9;0;52;7;2;0,21
1;9;0;52;7;9;0,22
1;9;0;52;7;12;0,20
1;9;0;52;7;1;1313,00
1;9;0;52;7;8;1261,79
1;9;0;52;7;11;1290,81
1;9;0;52;7;4;97,81
1;9;0;52;7;15;9,75
1;9;0;52;7;18;9,60
1;9;0;52;7;19;9,77
1;9;1;4;3;3;86,16
1;9;1;18;3;16;5,09
1;9;1;18;36;5;90,00
1;9;1;18;36;14;0,00
1;9;1;18;36;13;89,00
1;9;1;18;36;2;0,01
1;9;1;18;36;9;0,00
1;9;1;18;36;12;0,01
1;9;1;18;36;1;742,00
1;9;1;18;36;8;672,99
1;9;1;18;36;11;668,96
1;9;1;18;36;4;92,70
1;9;1;18;36;15;10,85
1;9;1;18;36;18;10,35
1;9;1;18;36;19;10,34
1;9;1;30;10;-1;60,00
1;9;1;39;54;6;0,00
1;9;2;13;27;3;83,96
1;9;2;19;21;6;21,00
1;9;2;29;7;16;4,65
1;9;2;35;8;-1;60,00
1;9;2;52;16;5;2,00
1;9;2;52;16;14;21,00
1;9;2;52;16;13;7,00
1;9;2;52;16;2;0,00
1;9;2;52;16;9;0,00
1;9;2;52;16;12;0,00
1;9;2;52;16;1;20,00
1;9;2;52;16;8;19,06
1;9;2;52;16;11;19,57
1;9;2;52;16;4;73,39
1;9;2;52;16;15;11,35
1;9;2;52;16;18;11,24
1;9;2;52;16;19;12,14
1;9;3;1;42;6;0,00
1;9;3;10;51;16;5,50
1;9;3;18;6;-1;60,00
1;9;3;26;34;5;80,00
1;9;3;26;34;14;7,00
1;9;3;26;34;13;92,00
1;9;3;26;34;2;0,01
1;9;3;26;34;9;0,01
1;9;3;26;34;12;0,01
1;9;3;26;34;1;1632,00
1;9;3;26;34;8;1555,30
1;9;3;26;34;11;1586,40
1;9;3;26;34;4;96,65
1;9;3;26;34;15;10,65
1;9;3;26;34;18;9,68
1;9;3;26;34;19;9,86
1;9;3;49;28;3;86,40
1;9;4;25;5;-1;70,00
1;9;4;27;21;6;0,00
1;9;4;28;27;5;58,00
1;9;4;28;27;14;3,00
1;9;4;28;27;13;58,00
1;9;4;28;27;2;0,16
1;9;4;28;27;9;0,15
1;9;4;28;27;12;0,17
1;9;4;28;27;1;0,00
1;9;4;28;27;8;0,00
1;9;4;28;27;11;0,00
1;9;4;28;27;4;73,36
1;9;4;28;27;15;9,15
1;9;4;28;27;18;9,62
1;9;4;28;27;19;10,49
1;9;4;47;56;16;8,31
1;9;4;48;4;3;88,92
1;9;5;3;32;3;90,88
1;9;5;6;38;16;11,38
1;9;5;24;4;-1;70,00
1;9;5;36;28;5;0,00
1;9;5;36;28;14;9,00
1;9;5;36;28;13;3,00
1;9;5;36;28;2;0,20
1;9;5;36;28;9;0,20
1;9;5;36;28;12;0,21
1;9;5;36;28;1;1384,00
1;9;5;36;28;8;1467,04
1;9;5;36;28;11;1478,78
1;9;5;36;28;4;95,62
1;9;5;36;28;15;7,80
1;9;5;36;28;18;7,24
1;9;5;36;28;19;7,81
1;9;5;38;57;6;0,00
1;9;6;16;53;16;18,59
1;9;6;27;59;5;0,00
1;9;6;27;59;14;0,00
1;9;6;27;59;13;0,00
1;9;6;27;59;2;3672,01
1;9;6;27;59;9;3477,40
1;9;6;27;59;12;3866,63
1;9;6;27;59;1;329,00
1;9;6;27;59;8;317,16
1;9;6;27;59;11;345,38
1;9;6;27;59;4;80,84
1;9;6;27;59;15;8,37
1;9;6;27;59;18;9,12
1;9;6;27;59;19;8,36
1;9;6;30;55;3;99,27
1;9;6;31;22;6;0,00
1;9;6;47;35;-1;80,00
1;9;7;12;11;6;0,00
1;9;7;28;4;5;0,00
1;9;7;28;4;14;0,00
1;9;7;28;4;13;0,00
1;9;7;28;4;2;1987,18
1;9;7;28;4;9;2140,19
1;9;7;28;4;12;1975,26
1;9;7;28;4;1;556,00
1;9;7;28;4;8;558,22
1;9;7;28;4;11;595,63
1;9;7;28;4;4;90,16
1;9;7;28;4;15;9,16
1;9;7;28;4;18;8,94
1;9;7;28;4;19;8,32
1;9;7;37;24;3;108,94
1;9;7;41;37;16;29,39
1;9;7;51;0;-1;80,00
1;9;8;17;21;6;37,00
1;9;8;19;17;3;109,18
1;9;8;42;29;16;28,65
1;9;8;43;34;5;0,00
1;9;8;43;34;14;51,00
1;9;8;43;34;13;0,00
1;9;8;43;34;2;6026,22
1;9;8;43;34;9;6255,22
1;9;8;43;34;12;6279,33
1;9;8;43;34;1;1792,00
1;9;8;43;34;8;1815,30
1;9;8;43;34;11;1875,20
1;9;8;43;34;4;99,83
1;9;8;43;34;15;11,40
1;9;8;43;34;18;11,81
1;9;8;43;34;19;12,02
1;9;8;49;14;-1;80,00
1;9;9;12;56;3;108,14
1;9;9;16;23;6;0,00
1;9;9;22;10;16;27,10
1;9;9;29;44;-1;60,00
1;9;9;56;50;5;95,00
1;9;9;56;50;14;15,00
1;9;9;56;50;13;110,00
1;9;9;56;50;2;0,15
1;9;9;56;50;9;0,16
1;9;9;56;50;12;0,16
1;9;9;56;50;1;59,00
1;9;9;56;50;8;58,94
1;9;9;56;50;11;64,01
1;9;9;56;50;4;80,83
1;9;9;56;50;15;11,05
1;9;9;56;50;18;10,43
1;9;9;56;50;19;10,97
1;9;10;28;56;-1;80,00
1;9;10;44;43;3;104,26
1;9;10;50;49;5;6,00
1;9;10;50;49;14;7,00
1;9;10;50;49;13;19,00
1;9;10;50;49;2;8976,19
1;9;10;50;49;9;8644,07
1;9;10;50;49;12;9398,07
1;9;10;50;49;1;501,00
1;9;10;50;49;8;470,44
1;9;10;50;49;11;486,90
1;9;10;50;49;4;89,97
1;9;10;50;49;15;9,00
1;9;10;50;49;18;9,25
1;9;10;50;49;19;10,09
1;9;10;54;50;6;0,00
1;9;10;55;18;16;24,59
1;9;11;9;48;-1;80,00
1;9;11;27;54;3;105,19
1;9;11;39;17;5;0,00
1;9;11;39;17;14;2,00
1;9;11;39;17;13;12,00
1;9;11;39;17;2;32802,00
1;9;11;39;17;9;29521,80
1;9;11;39;17;12;34671,72
1;9;11;39;17;1;80,00
1;9;11;39;17;8;81,28
1;9;11;39;17;11;78,35
1;9;11;39;17;4;86,37
1;9;11;39;17;15;7,32
1;9;11;39;17;18;7,55
1;9;11;39;17;19;7,03
1;9;11;40;7;16;24,59
1;9;11;59;45;6;3,00
1;9;12;17;20;3;106,99
1;9;12;23;53;6;34,00
1;9;12;31;32;16;27,57
1;9;12;34;59;5;0,00
1;9;12;34;59;14;29,00
1;9;12;34;59;13;15,00
1;9;12;34;59;2;12912,08
1;9;12;34;59;9;12305,21
1;9;12;34;59;12;11943,67
1;9;12;34;59;1;2068,00
1;9;12;34;59;8;2049,39
1;9;12;34;59;11;2051,44
1;9;12;34;59;4;100,00
1;9;12;34;59;15;8,11
1;9;12;34;59;18;8,19
1;9;12;34;59;19;8,38
1;9;12;49;52;-1;80,00
1;9;13;1;22;16;29,39
1;9;13;4;15;3;109,76
1;9;13;35;21;5;89,00
1;9;13;35;21;14;62,00
1;9;13;35;21;13;81,00
1;9;13;35;21;2;2970,09
1;9;13;35;21;9;3002,76
1;9;13;35;21;12;2964,15
1;9;13;35;21;1;1933,00
1;9;13;35;21;8;1956,20
1;9;13;35;21;11;1889,69
1;9;13;35;21;4;93,08
1;9;13;35;21;15;7,10
1;9;13;35;21;18;7,01
1;9;13;35;21;19;7,41
1;9;13;48;43;6;53,00
1;9;13;56;18;-1;80,00
1;9;14;4;25;-1;80,00
1;9;14;17;2;5;143,00
1;9;14;17;2;14;66,00
1;9;14;17;2;13;135,00
1;9;14;17;2;2;6492,08
1;9;14;17;2;9;5979,20
1;9;14;17;2;12;6875,11
1;9;14;17;2;1;440,00
1;9;14;17;2;8;429,00
1;9;14;17;2;11;427,71
1;9;14;17;2;4;83,28
1;9;14;17;2;15;3,57
1;9;14;17;2;18;3,82
1;9;14;17;2;19;3,51
1;9;14;23;57;6;63,00
1;9;14;37;4;3;106,89
1;9;14;45;47;16;28,04
1;9;15;12;25;16;27,10
1;9;15;31;42;5;5,00
1;9;15;31;42;14;25,00
1;9;15;31;42;13;0,00
1;9;15;31;42;2;43160,13
1;9;15;31;42;9;43764,37
1;9;15;31;42;12;41779,00
1;9;15;31;42;1;1494,00
1;9;15;31;42;8;1580,65
1;9;15;31;42;11;1444,72
1;9;15;31;42;4;90,88
1;9;15;31;42;15;-0,14
1;9;15;31;42;18;-0,13
1;9;15;31;42;19;-0,14
1;9;15;31;46;-1;60,00
1;9;15;32;6;6;27,00
1;9;15;51;37;3;105,95
1;9;16;4;48;5;56,00
1;9;16;4;48;14;0,00
1;9;16;4;48;13;52,00
1;9;16;4;48;2;24601,67
1;9;16;4;48;9;25757,94
1;9;16;4;48;12;23273,18
1;9;16;4;48;1;1809,00
1;9;16;4;48;8;1778,25
1;9;16;4;48;11;1851,16
1;9;16;4;48;4;95,36
1;9;16;4;48;15;-1,01
1;9;16;4;48;18;-0,97
1;9;16;4;48;19;-0,97
1;9;16;19;13;3;103,21
1;9;16;46;10;6;0,00
1;9;16;53;36;16;24,59
1;9;16;59;52;-1;70,00
1;9;17;0;31;-1;80,00
1;9;17;23;20;3;101,82
1;9;17;31;41;5;0,00
1;9;17;31;41;14;0,00
1;9;17;31;41;13;7,00
1;9;17;31;41;2;34368,12
1;9;17;31;41;9;32065,46
1;9;17;31;41;12;36670,79
1;9;17;31;41;1;0,00
1;9;17;31;41;8;0,00
1;9;17;31;41;11;0,00
1;9;17;31;41;4;74,37
1;9;17;31;41;15;-1,78
1;9;17;31;41;18;-1,89
1;9;17;31;41;19;-2,05
1;9;17;50;11;16;22,77
1;9;17;51;53;6;0,00
1;9;18;7;25;16;20,78
1;9;18;25;4;6;0,00
1;9;18;29;1;3;100,15
1;9;18;29;7;5;73,00
1;9;18;29;7;14;0,00
1;9;18;29;7;13;63,00
1;9;18;29;7;2;12051,30
1;9;18;29;7;9;11942,84
1;9;18;29;7;12;11484,89
1;9;18;29;7;1;2104,00
1;9;18;29;7;8;1979,86
1;9;18;29;7;11;1962,05
1;9;18;29;7;4;100,00
1;9;18;29;7;15;0,99
1;9;18;29;7;18;0,90
1;9;18;29;7;19;0,92
1;9;18;53;46;-1;80,00
1;9;19;5;39;3;99,76
1;9;19;6;9;16;20,78
1;9;19;7;17;5;0,00
1;9;19;7;17;14;2,00
1;9;19;7;17;13;0,00
1;9;19;7;17;2;0,18
1;9;19;7;17;9;0,18
1;9;19;7;17;12;0,18
1;9;19;7;17;1;0,00
1;9;19;7;17;8;0,00
1;9;19;7;17;11;0,00
1;9;19;7;17;4;86,67
1;9;19;7;17;15;2,09
1;9;19;7;17;18;1,95
1;9;19;7;17;19;2,02
1;9;19;14;38;6;0,00
1;9;19;34;13;-1;60,00
1;9;20;9;25;5;0,00
1;9;20;9;25;14;15,00
1;9;20;9;25;13;7,00
1;9;20;9;25;2;0,10
1;9;20;9;25;9;0,10
1;9;20;9;25;12;0,09
1;9;20;9;25;1;0,00
1;9;20;9;25;8;0,00
1;9;20;9;25;11;0,00
1;9;20;9;25;4;71,07
1;9;20;9;25;15;-1,44
1;9;20;9;25;18;-1,58
1;9;20;9;25;19;-1,57
1;9;20;12;38;3;100,41
1;9;20;13;31;-1;60,00
1;9;20;32;58;16;20,78
1;9;20;34;3;6;0,00
1;9;21;1;10;5;0,00
1;9;21;1;10;14;4,00
1;9;21;1;10;13;9,00
1;9;21;1;10;2;0,12
1;9;21;1;10;9;0,13
1;9;21;1;10;12;0,11
1;9;21;1;10;1;0,00
1;9;21;1;10;8;0,00
1;9;21;1;10;11;0,00
1;9;21;1;10;4;80,02
1;9;21;1;10;15;-2,96
1;9;21;1;10;18;-3,03
1;9;21;1;10;19;-3,33
1;9;21;32;0;6;0,00
1;9;21;33;17;3;94,90
1;9;21;46;22;-1;60,00
1;9;21;54;27;16;16,10
1;9;22;15;42;-1;50,00
1;9;22;17;55;3;94,54
1;9;22;36;59;16;13,15
1;9;22;52;32;5;7,00
1;9;22;52;32;14;17,00
1;9;22;52;32;13;20,00
1;9;22;52;32;2;0,05
1;9;22;52;32;9;0,05
1;9;22;52;32;12;0,05
1;9;22;52;32;1;0,00
1;9;22;52;32;8;0,00
1;9;22;52;32;11;0,00
1;9;22;52;32;4;78,68
1;9;22;52;32;15;-5,87
1;9;22;52;32;18;-6,34
1;9;22;52;32;19;-6,88
1;9;22;56;8;6;31,00
1;9;23;12;4;-1;60,00
1;9;23;17;20;16;9,30
1;9;23;18;12;5;127,00
1;9;23;18;12;14;3,00
1;9;23;18;12;13;139,00
1;9;23;18;12;2;0,19
1;9;23;18;12;9;0,20
1;9;23;18;12;12;0,17
1;9;23;18;12;1;0,00
1;9;23;18;12;8;0,00
1;9;23;18;12;11;0,00
1;9;23;18;12;4;79,54
1;9;23;18;12;15;-6,72
1;9;23;18;12;18;-6,26
1;9;23;18;12;19;-6,03
1;9;23;27;16;3;90,50
1;9;23;54;56;6;0,00
1;10;0;10;9;5;0,00
1;10;0;10;9;14;2,00
1;10;0;10;9;13;0,00
1;10;0;10;9;2;0,07
1;10;0;10;9;9;0,07
1;10;0;10;9;12;0,07
1;10;0;10;9;1;0,00
1;10;0;10;9;8;0,00
1;10;0;10;9;11;0,00
1;10;0;10;9;4;72,78
1;10;0;10;9;15;-8,72
1;10;0;10;9;18;-8,52
1;10;0;10;9;19;-9,18
1;10;0;12;55;6;0,00
1;10;0;16;14;3;86,31
1;10;0;49;31;16;7,22
1;10;0;51;25;-1;60,00
1;10;1;12;17;6;40,00
1;10;1;15;11;16;3,96
1;10;1;41;17;-1;60,00
1;10;1;51;32;5;0,00
1;10;1;51;32;14;43,00
1;10;1;51;32;13;0,00
1;10;1;51;32;2;0,12
1;10;1;51;32;9;0,12
1;10;1;51;32;12;0,11
1;10;1;51;32;1;0,00
1;10;1;51;32;8;0,00
1;10;1;51;32;11;0,00
1;10;1;51;32;4;74,25
1;10;1;51;32;15;-10,21
1;10;1;51;32;18;-9,50
1;10;1;51;32;19;-10,16
1;10;1;59;14;3;83,13
1;10;2;6;17;-1;70,00
1;10;2;12;10;6;48,00
1;10;2;20;13;16;3,61
1;10;2;48;14;3;83,17
1;10;2;59;41;5;53,00
1;10;2;59;41;14;33,00
1;10;2;59;41;13;53,00
1;10;2;59;41;2;0,14
1;10;2;59;41;9;0,13
1;10;2;59;41;12;0,13
1;10;2;59;41;1;0,00
1;10;2;59;41;8;0,00
1;10;2;59;41;11;0,00
1;10;2;59;41;4;81,30
1;10;2;59;41;15;-12,90
1;10;2;59;41;18;-13,07
1;10;2;59;41;19;-13,63
1;10;3;29;14;-1;60,00
1;10;3;52;46;5;96,00
1;10;3;52;46;14;96,00
1;10;3;52;46;13;84,00
1;10;3;52;46;2;0,08
1;10;3;52;46;9;0,07
1;10;3;52;46;12;0,09
1;10;3;52;46;1;0,00
1;10;3;52;46;8;0,00
1;10;3;52;46;11;0,00
1;10;3;52;46;4;84,07
1;10;3;52;46;15;-13,15
1;10;3;52;46;18;-12,20
1;10;3;52;46;19;-11,48
1;10;3;53;11;6;82,00
1;10;3;54;19;16;4,27
1;10;3;56;48;3;85,71
1;10;4;0;58;5;168,00
1;10;4;0;58;14;55,00
1;10;4;0;58;13;182,00
1;10;4;0;58;2;0,08
1;10;4;0;58;9;0,08
1;10;4;0;58;12;0,07
1;10;4;0;58;1;591,00
1;10;4;0;58;8;593,96
1;10;4;0;58;11;581,48
1;10;4;0;58;4;80,70
1;10;4;0;58;15;-12,15
1;10;4;0;58;18;-12,05
1;10;4;0;58;19;-12,98
1;10;4;8;12;6;46,00
1;10;4;19;36;3;87,72
1;10;4;32;20;16;6,46
1;10;4;34;34;-1;60,00
1;10;5;2;39;-1;60,00
1;10;5;37;0;5;95,00
1;10;5;37;0;14;53,00
1;10;5;37;0;13;100,00
1;10;5;37;0;2;0,16
1;10;5;37;0;9;0,17
1;10;5;37;0;12;0,16
1;10;5;37;0;1;513,00
1;10;5;37;0;8;530,44
1;10;5;37;0;11;544,76
1;10;5;37;0;4;84,31
1;10;5;37;0;15;-11,45
1;10;5;37;0;18;-11,06
1;10;5;37;0;19;-10,89
1;10;5;45;6;16;8,85
1;10;5;46;42;6;48,00
1;10;5;58;49;3;87,79
1;10;6;0;35;6;0,00
1;10;6;42;0;16;10,22
1;10;6;49;35;3;91,47
1;10;6;53;18;-1;80,00
1;10;6;58;30;5;0,00
1;10;6;58;30;14;0,00
1;10;6;58;30;13;6,00
1;10;6;58;30;2;4172,49
1;10;6;58;30;9;4318,53
1;10;6;58;30;12;4585,57
1;10;6;58;30;1;328,00
1;10;6;58;30;8;339,81
1;10;6;58;30;11;371,41
1;10;6;58;30;4;80,16
1;10;6;58;30;15;-9,80
1;10;6;58;30;18;-9,94
1;10;6;58;30;19;-10,57
1;10;7;1;22;5;0,00
1;10;7;1;22;14;0,00
1;10;7;1;22;13;0,00
1;10;7;1;22;2;8828,52
1;10;7;1;22;9;8607,81
1;10;7;1;22;12;8104,58
1;10;7;1;22;1;468,00
1;10;7;1;22;8;512,93
1;10;7;1;22;11;553,96
1;10;7;1;22;4;77,70
1;10;7;1;22;15;-8,09
1;10;7;1;22;18;-8,80
1;10;7;1;22;19;-7,93
1;10;7;8;30;6;14,00
1;10;7;34;43;3;91,19
1;10;7;37;3;16;12,51
1;10;7;41;32;-1;80,00
1;10;8;1;50;6;50,00
1;10;8;2;29;-1;60,00
1;10;8;46;37;16;16,16
1;10;8;57;23;3;96,84
1;10;8;58;7;5;0,00
1;10;8;58;7;14;56,00
1;10;8;58;7;13;0,00
1;10;8;58;7;2;8862,12
1;10;8;58;7;9;9650,85
1;10;8;58;7;12;7984,77
1;10;8;58;7;1;1752,00
1;10;8;58;7;8;1864,13
1;10;8;58;7;11;1998,35
1;10;8;58;7;4;100,00
1;10;8;58;7;15;-7,42
1;10;8;58;7;18;-6,96
1;10;8;58;7;19;-6,88
1;10;9;19;6;16;22,85
1;10;9;21;14;-1;80,00
1;10;9;32;18;5;0,00
1;10;9;32;18;14;60,00
1;10;9;32;18;13;0,00
1;10;9;32;18;2;26494,64
1;10;9;32;18;9;25593,82
1;10;9;32;18;12;29091,12
1;10;9;32;18;1;909,00
1;10;9;32;18;8;940,82
1;10;9;32;18;11;880,60
1;10;9;32;18;4;94,91
1;10;9;32;18;15;-6,71
1;10;9;32;18;18;-6,19
1;10;9;32;18;19;-6,42
1;10;9;45;26;6;56,00
1;10;9;54;18;3;103,41
1;10;10;6;33;-1;80,00
1;10;10;18;13;16;20,44
1;10;10;18;57;6;0,00
1;10;10;27;28;3;101,94
1;10;10;54;6;5;139,00
1;10;10;54;6;14;0,00
1;10;10;54;6;13;153,00
1;10;10;54;6;2;39564,17
1;10;10;54;6;9;40474,15
1;10;10;54;6;12;36834,25
1;10;10;54;6;1;541,00
1;10;10;54;6;8;546,95
1;10;10;54;6;11;561,17
1;10;10;54;6;4;83,61
1;10;10;54;6;15;-5,57
1;10;10;54;6;18;-5,18
1;10;10;54;6;19;-5,36
1;10;11;3;10;6;12,00
1;10;11;19;15;5;0,00
1;10;11;19;15;14;14,00
1;10;11;19;15;13;0,00
1;10;11;19;15;2;34560,06
1;10;11;19;15;9;35078,46
1;10;11;19;15;12;31207,73
1;10;11;19;15;1;896,00
1;10;11;19;15;8;982,02
1;10;11;19;15;11;952,56
1;10;11;19;15;4;89,30
1;10;11;19;15;15;-3,84
1;10;11;19;15;18;-3,64
1;10;11;19;15;19;-3,47
1;10;11;21;5;3;97,70
1;10;11;43;27;-1;80,00
1;10;11;51;57;16;17,70
1;10;12;11;23;16;16,16
1;10;12;43;44;5;0,00
1;10;12;43;44;14;43,00
1;10;12;43;44;13;14,00
1;10;12;43;44;2;24528,05
1;10;12;43;44;9;24160,13
1;10;12;43;44;12;24454,46
1;10;12;43;44;1;1117,00
1;10;12;43;44;8;1222,00
1;10;12;43;44;11;1252,55
1;10;12;43;44;4;88,63
1;10;12;43;44;15;-2,79
1;10;12;43;44;18;-3,04
1;10;12;43;44;19;-2,86
1;10;12;46;20;6;31,00
1;10;12;54;53;3;96,04
1;10;12;57;28;-1;50,00
1;10;13;1;58;5;0,00
1;10;13;1;58;14;0,00
1;10;13;1;58;13;0,00
1;10;13;1;58;2;5958,06
1;10;13;1;58;9;6422,79
1;10;13;1;58;12;5618,45
1;10;13;1;58;1;2036,00
1;10;13;1;58;8;1915,88
1;10;13;1;58;11;1789,43
1;10;13;1;58;4;100,00
1;10;13;1;58;15;-5,99
1;10;13;1;58;18;-6,01
1;10;13;1;58;19;-5,79
1;10;13;9;22;6;0,00
1;10;13;17;42;16;15,33
1;10;13;40;14;-1;60,00
1;10;13;56;47;3;95,39
1;10;14;9;21;-1;80,00
1;10;14;21;45;3;98,26
1;10;14;42;45;6;0,00
1;10;14;43;46;5;0,00
1;10;14;43;46;14;9,00
1;10;14;43;46;13;5,00
1;10;14;43;46;2;19570,09
1;10;14;43;46;9;20411,60
1;10;14;43;46;12;20450,74
1;10;14;43;46;1;642,00
1;10;14;43;46;8;700,42
1;10;14;43;46;11;702,52
1;10;14;43;46;4;81,60
1;10;14;43;46;15;-6,35
1;10;14;43;46;18;-5,88
1;10;14;43;46;19;-5,56
1;10;14;44;25;16;16,94
1;10;15;9;12;5;0,00
1;10;15;9;12;14;18,00
1;10;15;9;12;13;0,00
1;10;15;9;12;2;54400,10
1;10;15;9;12;9;51897,69
1;10;15;9;12;12;51136,09
1;10;15;9;12;1;1548,00
1;10;15;9;12;8;1571,22
1;10;15;9;12;11;1637,21
1;10;15;9;12;4;88,69
1;10;15;9;12;15;-6,68
1;10;15;9;12;18;-6,53
1;10;15;9;12;19;-6,04
1;10;15;19;30;-1;50,00
1;10;15;21;18;6;27,00
1;10;15;27;26;16;17,70
1;10;15;51;2;3;97,94
1;10;16;6;27;6;0,00
1;10;16;12;21;16;19,12
1;10;16;14;3;5;0,00
1;10;16;14;3;14;0,00
1;10;16;14;3;13;14,00
1;10;16;14;3;2;25196,98
1;10;16;14;3;9;25247,38
1;10;16;14;3;12;25071,00
1;10;16;14;3;1;119,00
1;10;16;14;3;8;123,28
1;10;16;14;3;11;123,90
1;10;16;14;3;4;79,81
1;10;16;14;3;15;-7,11
1;10;16;14;3;18;-6,79
1;10;16;14;3;19;-6,74
1;10;16;49;13;3;98,66
1;10;16;59;59;-1;80,00
1;10;17;2;39;3;101,16
1;10;17;3;55;-1;60,00
1;10;17;10;14;5;0,00
1;10;17;10;14;14;49,00
1;10;17;10;14;13;0,00
1;10;17;10;14;2;29469,06
1;10;17;10;14;9;28084,01
1;10;17;10;14;12;27435,69
1;10;17;10;14;1;1470,00
1;10;17;10;14;8;1562,61
1;10;17;10;14;11;1543,86
1;10;17;10;14;4;100,00
1;10;17;10;14;15;-6,86
1;10;17;10;14;18;-6,85
1;10;17;10;14;19;-7,20
1;10;17;19;6;16;20,44
1;10;17;25;10;6;36,00
1;10;18;7;27;-1;70,00
1;10;18;12;26;5;13,00
1;10;18;12;26;14;19,00
1;10;18;12;26;13;13,00
1;10;18;12;26;2;7364,05
1;10;18;12;26;9;7680,71
1;10;18;12;26;12;7827,99
1;10;18;12;26;1;1683,00
1;10;18;12;26;8;1770,52
1;10;18;12;26;11;1740,42
1;10;18;12;26;4;100,00
1;10;18;12;26;15;-4,96
1;10;18;12;26;18;-4,58
1;10;18;12;26;19;-4,28
1;10;18;14;51;6;28,00
1;10;18;51;6;3;101,59
1;10;18;54;47;16;22,85
1;10;19;4;9;-1;70,00
1;10;19;6;6;16;21,06
1;10;19;15;21;5;59,00
1;10;19;15;21;14;23,00
1;10;19;15;21;13;50,00
1;10;19;15;21;2;0,01
1;10;19;15;21;9;0,01
1;10;19;15;21;12;0,01
1;10;19;15;21;1;1156,00
1;10;19;15;21;8;1063,52
1;10;19;15;21;11;1055,01
1;10;19;15;21;4;93,70
1;10;19;15;21;15;-2,49
1;10;19;15;21;18;-2,61
1;10;19;15;21;19;-2,51
1;10;19;42;20;6;18,00
1;10;19;52;28;3;99,92
1;10;20;13;25;6;49,00
1;10;20;25;11;16;19,79
1;10;20;35;8;-1;70,00
1;10;20;40;45;5;108,00
1;10;20;40;45;14;47,00
1;10;20;40;45;13;106,00
1;10;20;40;45;2;0,16
1;10;20;40;45;9;0,15
1;10;20;40;45;12;0,14
1;10;20;40;45;1;0,00
1;10;20;40;45;8;0,00
1;10;20;40;45;11;0,00
1;10;20;40;45;4;76,12
1;10;20;40;45;15;-1,95
1;10;20;40;45;18;-1,91
1;10;20;40;45;19;-1,87
1;10;20;42;1;3;99,31
1;10;21;5;50;5;16,00
1;10;21;5;50;14;8,00
1;10;21;5;50;13;2,00
1;10;21;5;50;2;0,13
1;10;21;5;50;9;0,12
1;10;21;5;50;12;0,12
1;10;21;5;50;1;0,00
1;10;21;5;50;8;0,00
1;10;21;5;50;11;0,00
1;10;21;5;50;4;79,40
1;10;21;5;50;15;-2,58
1;10;21;5;50;18;-2,55
1;10;21;5;50;19;-2,81
1;10;21;26;4;3;99,48
1;10;21;28;11;-1;70,00
1;10;21;35;15;16;18,42
1;10;21;52;54;6;6,00
1;10;22;28;13;6;0,00
1;10;22;31;31;16;14,45
1;10;22;36;48;3;95,00
1;10;22;38;42;-1;60,00
1;10;22;46;47;5;89,00
1;10;22;46;47;14;0,00
1;10;22;46;47;13;75,00
1;10;22;46;47;2;0,08
1;10;22;46;47;9;0,07
1;10;22;46;47;12;0,08
1;10;22;46;47;1;0,00
1;10;22;46;47;8;0,00
1;10;22;46;47;11;0,00
1;10;22;46;47;4;74,81
1;10;22;46;47;15;-4,94
1;10;22;46;47;18;-4,61
1;10;22;46;47;19;-4,54
1;10;23;4;35;3;88,85
1;10;23;23;14;-1;60,00
1;10;23;25;59;5;0,00
1;10;23;25;59;14;0,00
1;10;23;25;59;13;0,00
1;10;23;25;59;2;0,13
1;10;23;25;59;9;0,12
1;10;23;25;59;12;0,12
1;10;23;25;59;1;0,00
1;10;23;25;59;8;0,00
1;10;23;25;59;11;0,00
1;10;23;25;59;4;79,81
1;10;23;25;59;15;-7,80
1;10;23;25;59;18;-8,02
1;10;23;25;59;19;-8,03
1;10;23;39;55;16;8,85
1;10;23;45;23;6;0,00
1;11;0;19;51;-1;50,00
1;11;0;22;34;6;0,00
1;11;0;40;15;5;0,00
1;11;0;40;15;14;0,00
1;11;0;40;15;13;1,00
1;11;0;40;15;2;0,08
1;11;0;40;15;9;0,09
1;11;0;40;15;12;0,08
1;11;0;40;15;1;0,00
1;11;0;40;15;8;0,00
1;11;0;40;15;11;0,00
1;11;0;40;15;4;72,38
1;11;0;40;15;15;-9,53
1;11;0;40;15;18;-10,16
1;11;0;40;15;19;-9,96
1;11;0;43;18;3;83,47
1;11;0;57;15;16;3,79
1;11;1;17;10;6;14,00
1;11;1;41;4;3;81,50
1;11;1;46;26;-1;60,00
1;11;1;50;18;16;3,00
1;11;1;56;17;5;87,00
1;11;1;56;17;14;28,00
1;11;1;56;17;13;72,00
1;11;1;56;17;2;0,02
1;11;1;56;17;9;0,02
1;11;1;56;17;12;0,02
1;11;1;56;17;1;0,00
1;11;1;56;17;8;0,00
1;11;1;56;17;11;0,00
1;11;1;56;17;4;75,66
1;11;1;56;17;15;-11,74
1;11;1;56;17;18;-12,90
1;11;1;56;17;19;-12,53
1;11;2;1;33;5;72,00
1;11;2;1;33;14;12,00
1;11;2;1;33;13;71,00
1;11;2;1;33;2;0,09
1;11;2;1;33;9;0,09
1;11;2;1;33;12;0,09
1;11;2;1;33;1;0,00
1;11;2;1;33;8;0,00
1;11;2;1;33;11;0,00
1;11;2;1;33;4;81,45
1;11;2;1;33;15;-11,50
1;11;2;1;33;18;-10,88
1;11;2;1;33;19;-10,49
1;11;2;17;9;16;2,32
1;11;2;20;45;-1;60,00
1;11;2;38;57;6;7,00
1;11;2;42;2;3;83,68
1;11;3;14;23;6;0,00
1;11;3;20;10;16;1,90
1;11;3;30;8;5;92,00
1;11;3;30;8;14;0,00
1;11;3;30;8;13;97,00
1;11;3;30;8;2;0,07
1;11;3;30;8;9;0,06
1;11;3;30;8;12;0,07
1;11;3;30;8;1;1606,00
1;11;3;30;8;8;1601,18
1;11;3;30;8;11;1497,11
1;11;3;30;8;4;97,02
1;11;3;30;8;15;-11,50
1;11;3;30;8;18;-10,55
1;11;3;30;8;19;-11,42
1;11;3;48;22;-1;60,00
1;11;3;49;56;3;80,69
1;11;4;8;56;-1;50,00
1;11;4;23;18;3;82,63
1;11;4;39;48;16;2,32
1;11;4;44;41;6;18,00
1;11;4;55;4;5;0,00
1;11;4;55;4;14;23,00
1;11;4;55;4;13;0,00
1;11;4;55;4;2;0,10
1;11;4;55;4;9;0,11
1;11;4;55;4;12;0,10
1;11;4;55;4;1;1742,00
1;11;4;55;4;8;1870,91
1;11;4;55;4;11;2013,10
1;11;4;55;4;4;94,64
1;11;4;55;4;15;-8,87
1;11;4;55;4;18;-8,46
1;11;4;55;4;19;-8,01
1;11;5;20;6;16;2,68
1;11;5;26;14;3;82,84
1;11;5;29;35;-1;70,00
1;11;5;37;15;5;19,00
1;11;5;37;15;14;0,00
1;11;5;37;15;13;17,00
1;11;5;37;15;2;0,21
1;11;5;37;15;9;0,19
1;11;5;37;15;12;0,22
1;11;5;37;15;1;0,00
1;11;5;37;15;8;0,00
1;11;5;37;15;11;0,00
1;11;5;37;15;4;77,00
1;11;5;37;15;15;-7,25
1;11;5;37;15;18;-7,32
1;11;5;37;15;19;-7,23
1;11;5;37;49;6;0,00
1;11;6;2;37;-1;70,00
1;11;6;4;59;16;3,00
1;11;6;17;9;3;84,06
1;11;6;27;40;6;27,00
1;11;6;33;4;5;6,00
1;11;6;33;4;14;36,00
1;11;6;33;4;13;20,00
1;11;6;33;4;2;5875,52
1;11;6;33;4;9;5675,76
1;11;6;33;4;12;5381,98
1;11;6;33;4;1;1823,00
1;11;6;33;4;8;1649,82
1;11;6;33;4;11;1737,26
1;11;6;33;4;4;89,59
1;11;6;33;4;15;-9,30
1;11;6;33;4;18;-8,90
1;11;6;33;4;19;-9,64
1;11;7;2;54;-1;60,00
1;11;7;16;25;6;0,00
1;11;7;23;12;5;96,00
1;11;7;23;12;14;2,00
1;11;7;23;12;13;106,00
1;11;7;23;12;2;9153,14
1;11;7;23;12;9;9793,86
1;11;7;23;12;12;9885,39
1;11;7;23;12;1;0,00
1;11;7;23;12;8;0,00
1;11;7;23;12;11;0,00
1;11;7;23;12;4;74,20
1;11;7;23;12;15;-8,40
1;11;7;23;12;18;-7,70
1;11;7;23;12;19;-7,54
1;11;7;38;6;16;3,79
1;11;7;39;7;3;82,61
1;11;8;2;51;16;5,20
1;11;8;3;17;6;15,00
1;11;8;16;15;3;84,20
1;11;8;41;18;5;24,00
1;11;8;41;18;14;28,00
1;11;8;41;18;13;36,00
1;11;8;41;18;2;7336,80
1;11;8;41;18;9;7168,06
1;11;8;41;18;12;6669,15
1;11;8;41;18;1;1310,00
1;11;8;41;18;8;1384,67
1;11;8;41;18;11;1481,60
1;11;8;41;18;4;91,42
1;11;8;41;18;15;-8,35
1;11;8;41;18;18;-8,05
1;11;8;41;18;19;-7,79
1;11;8;55;55;-1;50,00
1;11;9;6;46;16;8,49
1;11;9;17;3;5;0,00
1;11;9;17;3;14;7,00
1;11;9;17;3;13;0,00
1;11;9;17;3;2;40725,09
1;11;9;17;3;9;38688,83
1;11;9;17;3;12;39299,71
1;11;9;17;3;1;0,00
1;11;9;17;3;8;0,00
1;11;9;17;3;11;0,00
1;11;9;17;3;4;85,08
1;11;9;17;3;15;-5,36
1;11;9;17;3;18;-4,86
1;11;9;17;3;19;-4,83
1;11;9;23;3;6;0,00
1;11;9;24;19;-1;80,00
1;11;9;32;37;3;87,09
1;11;10;0;58;-1;80,00
1;11;10;7;31;16;13,42
1;11;10;23;34;6;0,00
1;11;10;27;20;5;31,00
1;11;10;27;20;14;9,00
1;11;10;27;20;13;43,00
1;11;10;27;20;2;70118,49
1;11;10;27;20;9;68786,23
1;11;10;27;20;12;65701,02
1;11;10;27;20;1;0,00
1;11;10;27;20;8;0,00
1;11;10;27;20;11;0,00
1;11;10;27;20;4;83,75
1;11;10;27;20;15;-4,82
1;11;10;27;20;18;-5,27
1;11;10;27;20;19;-5,78
1;11;10;30;50;3;92,24
1;11;11;10;30;3;91,82
1;11;11;14;23;-1;80,00
1;11;11;17;7;16;10,39
1;11;11;24;3;5;0,00
1;11;11;24;3;14;0,00
1;11;11;24;3;13;9,00
1;11;11;24;3;2;65604,03
1;11;11;24;3;9;63570,31
1;11;11;24;3;12;59765,27
1;11;11;24;3;1;0,00
1;11;11;24;3;8;0,00
1;11;11;24;3;11;0,00
1;11;11;24;3;4;73,55
1;11;11;24;3;15;-3,15
1;11;11;24;3;18;-3,41
1;11;11;24;3;19;-3,09
1;11;11;51;48;6;0,00
1;11;12;7;46;6;28,00
1;11;12;15;59;5;36,00
1;11;12;15;59;14;34,00
1;11;12;15;59;13;49,00
1;11;12;15;59;2;38912,13
1;11;12;15;59;9;38678,66
1;11;12;15;59;12;36227,20
1;11;12;15;59;1;1292,00
1;11;12;15;59;8;1343,68
1;11;12;15;59;11;1451,17
1;11;12;15;59;4;85,17
1;11;12;15;59;15;-1,67
1;11;12;15;59;18;-1,62
1;11;12;15;59;19;-1,51
1;11;12;19;19;-1;60,00
1;11;12;27;50;16;9,49
1;11;12;54;50;3;90,35
1;11;13;35;19;6;0,00
1;11;13;38;31;16;9,00
1;11;13;39;49;3;88,32
1;11;13;45;6;-1;70,00
1;11;13;46;42;5;72,00
1;11;13;46;42;14;0,00
1;11;13;46;42;13;80,00
1;11;13;46;42;2;44264,19
1;11;13;46;42;9;47495,47
1;11;13;46;42;12;48115,17
1;11;13;46;42;1;1186,00
1;11;13;46;42;8;1164,65
1;11;13;46;42;11;1224,05
1;11;13;46;42;4;90,42
1;11;13;46;42;15;-0,89
1;11;13;46;42;18;-0,92
1;11;13;46;42;19;-0,88
1;11;14;10;14;-1;80,00
1;11;14;17;11;16;9,95
1;11;14;21;38;6;0,00
1;11;14;29;17;3;89,53
1;11;14;44;28;5;7,00
1;11;14;44;28;14;0,00
1;11;14;44;28;13;0,00
1;11;14;44;28;2;44376,02
1;11;14;44;28;9;42245,97
1;11;14;44;28;12;42334,73
1;11;14;44;28;1;2119,00
1;11;14;44;28;8;2148,67
1;11;14;44;28;11;2159,41
1;11;14;44;28;4;93,68
1;11;14;44;28;15;0,48
1;11;14;44;28;18;0,43
1;11;14;44;28;19;0,39
1;11;15;7;30;3;92,11
1;11;15;8;3;6;9,00
1;11;15;8;22;-1;80,00
1;11;15;8;32;5;0,00
1;11;15;8;32;14;24,00
1;11;15;8;32;13;0,00
1;11;15;8;32;2;61732,20
1;11;15;8;32;9;57657,87
1;11;15;8;32;12;62472,98
1;11;15;8;32;1;0,00
1;11;15;8;32;8;0,00
1;11;15;8;32;11;0,00
1;11;15;8;32;4;86,51
1;11;15;8;32;15;1,13
1;11;15;8;32;18;1,02
1;11;15;8;32;19;1,03
1;11;15;15;3;16;11,22
1;11;16;15;32;5;0,00
1;11;16;15;32;14;0,00
1;11;16;15;32;13;0,00
1;11;16;15;32;2;56472,08
1;11;16;15;32;9;62006,34
1;11;16;15;32;12;59860,40
1;11;16;15;32;1;0,00
1;11;16;15;32;8;0,00
1;11;16;15;32;11;0,00
1;11;16;15;32;4;80,53
1;11;16;15;32;15;-0,15
1;11;16;15;32;18;-0,15
1;11;16;15;32;19;-0,15
1;11;16;32;57;3;93,57
1;11;16;36;23;6;0,00
1;11;16;53;1;-1;80,00
1;11;16;55;3;16;12,73
1;11;17;4;15;5;71,00
1;11;17;4;15;14;12,00
1;11;17;4;15;13;86,00
1;11;17;4;15;2;53010,71
1;11;17;4;15;9;54495,01
1;11;17;4;15;12;55555,22
1;11;17;4;15;1;0,00
1;11;17;4;15;8;0,00
1;11;17;4;15;11;0,00
1;11;17;4;15;4;77,10
1;11;17;4;15;15;-0,30
1;11;17;4;15;18;-0,31
1;11;17;4;15;19;-0,29
1;11;17;9;16;-1;80,00
1;11;17;19;40;16;13,42
1;11;17;24;15;3;93,17
1;11;17;33;1;6;0,00
1;11;18;4;18;-1;80,00
1;11;18;10;11;6;0,00
1;11;18;10;31;3;92,50
1;11;18;15;5;16;12,37
1;11;18;35;10;5;21,00
1;11;18;35;10;14;0,00
1;11;18;35;10;13;32,00
1;11;18;35;10;2;18180,53
1;11;18;35;10;9;17871,46
1;11;18;35;10;12;17071,52
1;11;18;35;10;1;0,00
1;11;18;35;10;8;0,00
1;11;18;35;10;11;0,00
1;11;18;35;10;4;79,49
1;11;18;35;10;15;-0,85
1;11;18;35;10;18;-0,87
1;11;18;35;10;19;-0,82
1;11;19;20;3;16;11,22
1;11;19;30;6;3;92,57
1;11;19;34;11;-1;60,00
1;11;19;39;40;6;24,00
1;11;19;54;41;5;0,00
1;11;19;54;41;14;14,00
1;11;19;54;41;13;7,00
1;11;19;54;41;2;0,16
1;11;19;54;41;9;0,17
1;11;19;54;41;12;0,16
1;11;19;54;41;1;0,00
1;11;19;54;41;8;0,00
1;11;19;54;41;11;0,00
1;11;19;54;41;4;81,70
1;11;19;54;41;15;-1,91
1;11;19;54;41;18;-1,89
1;11;19;54;41;19;-2,01
1;11;20;2;18;5;106,00
1;11;20;2;18;14;0,00
1;11;20;2;18;13;107,00
1;11;20;2;18;2;0,11
1;11;20;2;18;9;0,12
1;11;20;2;18;12;0,12
1;11;20;2;18;1;0,00
1;11;20;2;18;8;0,00
1;11;20;2;18;11;0,00
1;11;20;2;18;4;76,11
1;11;20;2;18;15;-5,16
1;11;20;2;18;18;-5,09
1;11;20;2;18;19;-5,17
1;11;20;41;4;3;89,65
1;11;20;43;45;-1;60,00
1;11;20;47;58;16;9,49
1;11;20;50;36;6;0,00
1;11;21;10;9;5;0,00
1;11;21;10;9;14;9,00
1;11;21;10;9;13;3,00
1;11;21;10;9;2;0,03
1;11;21;10;9;9;0,03
1;11;21;10;9;12;0,03
1;11;21;10;9;1;0,00
1;11;21;10;9;8;0,00
1;11;21;10;9;11;0,00
1;11;21;10;9;4;74,51
1;11;21;10;9;15;-7,55
1;11;21;10;9;18;-7,94
1;11;21;10;9;19;-8,68
1;11;21;14;22;-1;60,00
1;11;21;18;56;3;88,51
1;11;21;26;37;6;0,00
1;11;21;41;58;16;7,35
1;11;22;9;12;5;0,00
1;11;22;9;12;14;0,00
1;11;22;9;12;13;5,00
1;11;22;9;12;2;0,18
1;11;22;9;12;9;0,17
1;11;22;9;12;12;0,20
1;11;22;9;12;1;0,00
1;11;22;9;12;8;0,00
1;11;22;9;12;11;0,00
1;11;22;9;12;4;84,36
1;11;22;9;12;15;-8,98
1;11;22;9;12;18;-8,49
1;11;22;9;12;19;-7,75
1;11;22;17;25;16;6,00
1;11;22;20;13;3;85,37
1;11;22;28;55;-1;60,00
1;11;22;38;14;6;0,00
1;11;23;13;18;16;4,24
1;11;23;21;25;6;0,00
1;11;23;27;57;5;0,00
1;11;23;27;57;14;7,00
1;11;23;27;57;13;0,00
1;11;23;27;57;2;0,14
1;11;23;27;57;9;0,14
1;11;23;27;57;12;0,14
1;11;23;27;57;1;0,00
1;11;23;27;57;8;0,00
1;11;23;27;57;11;0,00
1;11;23;27;57;4;85,36
1;11;23;27;57;15;-9,81
1;11;23;27;57;18;-10,62
1;11;23;27;57;19;-10,45
1;11;23;50;34;3;83,55
1;11;23;55;58;-1;70,00
1;12;0;6;22;6;0,00
1;12;0;9;48;3;85,75
1;12;0;18;21;16;6,71
1;12;0;26;30;5;38,00
1;12;0;26;30;14;0,00
1;12;0;26;30;13;24,00
1;12;0;26;30;2;0,17
1;12;0;26;30;9;0,16
1;12;0;26;30;12;0,16
1;12;0;26;30;1;0,00
1;12;0;26;30;8;0,00
1;12;0;26;30;11;0,00
1;12;0;26;30;4;78,34
1;12;0;26;30;15;-13,00
1;12;0;26;30;18;-12,71
1;12;0;26;30;19;-12,21
1;12;0;33;50;-1;50,00
1;12;1;7;3;5;0,00
1;12;1;7;3;14;0,00
1;12;1;7;3;13;15,00
1;12;1;7;3;2;0,17
1;12;1;7;3;9;0,16
1;12;1;7;3;12;0,16
1;12;1;7;3;1;0,00
1;12;1;7;3;8;0,00
1;12;1;7;3;11;0,00
1;12;1;7;3;4;80,71
1;12;1;7;3;15;-12,40
1;12;1;7;3;18;-11,27
1;12;1;7;3;19;-10,23
1;12;1;10;49;3;84,30
1;12;1;13;21;6;0,00
1;12;1;41;2;16;5,20
1;12;1;53;27;-1;70,00
1;12;2;5;16;6;5,00
1;12;2;24;23;-1;60,00
1;12;2;26;6;16;4,74
1;12;2;35;28;5;0,00
1;12;2;35;28;14;5,00
1;12;2;35;28;13;15,00
1;12;2;35;28;2;0,13
1;12;2;35;28;9;0,13
1;12;2;35;28;12;0,13
1;12;2;35;28;1;0,00
1;12;2;35;28;8;0,00
1;12;2;35;28;11;0,00
1;12;2;35;28;4;80,57
1;12;2;35;28;15;-13,50
1;12;2;35;28;18;-12,66
1;12;2;35;28;19;-11,47
1;12;2;45;19;3;85,07
1;12;3;6;18;-1;60,00
1;12;3;6;21;3;84,94
1;12;3;23;9;6;0,00
1;12;3;25;53;16;5,61
1;12;3;34;57;5;64,00
1;12;3;34;57;14;10,00
1;12;3;34;57;13;65,00
1;12;3;34;57;2;0,19
1;12;3;34;57;9;0,21
1;12;3;34;57;12;0,20
1;12;3;34;57;1;0,00
1;12;3;34;57;8;0,00
1;12;3;34;57;11;0,00
1;12;3;34;57;4;77,71
1;12;3;34;57;15;-13,15
1;12;3;34;57;18;-14,37
1;12;3;34;57;19;-15,02
1;12;4;12;46;3;88,83
1;12;4;23;27;16;8,49
1;12;4;29;10;-1;60,00
1;12;4;56;23;6;0,00
1;12;4;59;5;5;85,00
1;12;4;59;5;14;0,00
1;12;4;59;5;13;76,00
1;12;4;59;5;2;0,08
1;12;4;59;5;9;0,07
1;12;4;59;5;12;0,07
1;12;4;59;5;1;159,00
1;12;4;59;5;8;168,22
1;12;4;59;5;11;174,45
1;12;4;59;5;4;83,90
1;12;4;59;5;15;-11,90
1;12;4;59;5;18;-11,54
1;12;4;59;5;19;-11,75
1;12;5;0;44;3;92,13
1;12;5;11;28;-1;60,00
1;12;5;37;3;5;53,00
1;12;5;37;3;14;10,00
1;12;5;37;3;13;59,00
1;12;5;37;3;2;0,08
1;12;5;37;3;9;0,08
1;12;5;37;3;12;0,08
1;12;5;37;3;1;0,00
1;12;5;37;3;8;0,00
1;12;5;37;3;11;0,00
1;12;5;37;3;4;76,00
1;12;5;37;3;15;-10,75
1;12;5;37;3;18;-10,83
1;12;5;37;3;19;-11,77
1;12;5;50;59;6;0,00
1;12;5;57;5;16;11,62
1;12;6;5;29;-1;80,00
1;12;6;37;43;16;24,19
1;12;6;37;52;6;9,00
1;12;6;54;57;5;26,00
1;12;6;54;57;14;9,00
1;12;6;54;57;13;15,00
1;12;6;54;57;2;10640,08
1;12;6;54;57;9;10842,24
1;12;6;54;57;12;11108,25
1;12;6;54;57;1;0,00
1;12;6;54;57;8;0,00
1;12;6;54;57;11;0,00
1;12;6;54;57;4;76,42
1;12;6;54;57;15;-12,93
1;12;6;54;57;18;-13,15
1;12;6;54;57;19;-13,62
1;12;6;55;1;3;104,78
1;12;7;8;52;-1;80,00
1;12;7;25;43;6;0,00
1;12;7;39;29;5;63,00
1;12;7;39;29;14;0,00
1;12;7;39;29;13;51,00
1;12;7;39;29;2;12300,67
1;12;7;39;29;9;12522,08
1;12;7;39;29;12;12030,05
1;12;7;39;29;1;0,00
1;12;7;39;29;8;0,00
1;12;7;39;29;11;0,00
1;12;7;39;29;4;85,01
1;12;7;39;29;15;-13,00
1;12;7;39;29;18;-12,64
1;12;7;39;29;19;-11,73
1;12;7;40;56;16;30,00
1;12;7;51;19;3;108,64
1;12;8;20;46;16;29,24
1;12;8;45;9;5;45,00
1;12;8;45;9;14;0,00
1;12;8;45;9;13;51,00
1;12;8;45;9;2;21180,14
1;12;8;45;9;9;20862,44
1;12;8;45;9;12;19273,93
1;12;8;45;9;1;0,00
1;12;8;45;9;8;0,00
1;12;8;45;9;11;0,00
1;12;8;45;9;4;74,94
1;12;8;45;9;15;-11,55
1;12;8;45;9;18;-11,16
1;12;8;45;9;19;-11,02
1;12;8;47;4;6;0,00
1;12;8;50;11;-1;80,00
1;12;8;54;8;3;110,25
1;12;9;6;25;6;0,00
1;12;9;10;39;5;7,00
1;12;9;10;39;14;0,00
1;12;9;10;39;13;11,00
1;12;9;10;39;2;37559,04
1;12;9;10;39;9;36544,95
1;12;9;10;39;12;36282,03
1;12;9;10;39;1;0,00
1;12;9;10;39;8;0,00
1;12;9;10;39;11;0,00
1;12;9;10;39;4;82,03
1;12;9;10;39;15;-12,50
1;12;9;10;39;18;-13,21
1;12;9;10;39;19;-12,68
1;12;9;27;20;-1;80,00
1;12;9;31;25;3;108,78
1;12;9;52;19;16;27,66
1;12;10;1;2;6;3,00
1;12;10;4;12;16;25,10
1;12;10;30;9;-1;80,00
1;12;10;32;17;5;0,00
1;12;10;32;17;14;2,00
1;12;10;32;17;13;3,00
1;12;10;32;17;2;81840,08
1;12;10;32;17;9;88141,77
1;12;10;32;17;12;86177,61
1;12;10;32;17;1;0,00
1;12;10;32;17;8;0,00
1;12;10;32;17;11;0,00
1;12;10;32;17;4;74,44
1;12;10;32;17;15;-9,55
1;12;10;32;17;18;-10,29
1;12;10;32;17;19;-11,19
1;12;10;37;20;3;103,87
1;12;11;17;8;3;104,71
1;12;11;18;42;-1;60,00
1;12;11;44;7;6;0,00
1;12;11;51;39;5;0,00
1;12;11;51;39;14;0,00
1;12;11;51;39;13;0,00
1;12;11;51;39;2;88580,19
1;12;11;51;39;9;91060,44
1;12;11;51;39;12;86188,53
1;12;11;51;39;1;0,00
1;12;11;51;39;8;0,00
1;12;11;51;39;11;0,00
1;12;11;51;39;4;73,16
1;12;11;51;39;15;-8,37
1;12;11;51;39;18;-9,09
1;12;11;51;39;19;-8,44
1;12;11;53;45;16;23,24
1;12;12;23;2;16;21,21
1;12;12;28;28;3;101,56
1;12;12;30;24;6;0,00
1;12;12;52;48;-1;80,00
1;12;12;58;50;5;11,00
1;12;12;58;50;14;13,00
1;12;12;58;50;13;12,00
1;12;12;58;50;2;90024,00
1;12;12;58;50;9;86423,04
1;12;12;58;50;12;89033,74
1;12;12;58;50;1;0,00
1;12;12;58;50;8;0,00
1;12;12;58;50;11;0,00
1;12;12;58;50;4;72,12
1;12;12;58;50;15;-4,82
1;12;12;58;50;18;-5,21
1;12;12;58;50;19;-4,78
1;12;13;0;10;16;20,12
1;12;13;23;0;6;0,00
1;12;13;32;24;-1;80,00
1;12;13;36;31;5;0,00
1;12;13;36;31;14;7,00
1;12;13;36;31;13;4,00
1;12;13;36;31;2;106100,02
1;12;13;36;31;9;107267,12
1;12;13;36;31;12;104826,82
1;12;13;36;31;1;0,00
1;12;13;36;31;8;0,00
1;12;13;36;31;11;0,00
1;12;13;36;31;4;85,85
1;12;13;36;31;15;-1,30
1;12;13;36;31;18;-1,37
1;12;13;36;31;19;-1,27
1;12;13;48;5;3;100,85
1;12;14;3;24;-1;80,00
1;12;14;26;44;5;80,00
1;12;14;26;44;14;13,00
1;12;14;26;44;13;78,00
1;12;14;26;44;2;99700,06
1;12;14;26;44;9;95512,66
1;12;14;26;44;12;91125,85
1;12;14;26;44;1;0,00
1;12;14;26;44;8;0,00
1;12;14;26;44;11;0,00
1;12;14;26;44;4;72,89
1;12;14;26;44;15;0,55
1;12;14;26;44;18;0,57
1;12;14;26;44;19;0,59
1;12;14;29;4;6;0,00
1;12;14;36;28;3;102,74
1;12;14;48;0;16;22,25
1;12;15;4;51;6;18,00
1;12;15;26;16;5;4,00
1;12;15;26;16;14;23,00
1;12;15;26;16;13;1,00
1;12;15;26;16;2;105400,08
1;12;15;26;16;9;97284,27
1;12;15;26;16;12;96230,27
1;12;15;26;16;1;0,00
1;12;15;26;16;8;0,00
1;12;15;26;16;11;0,00
1;12;15;26;16;4;71,48
1;12;15;26;16;15;2,04
1;12;15;26;16;18;2,11
1;12;15;26;16;19;2,29
1;12;15;35;28;3;104,43
1;12;15;39;31;16;25,10
1;12;15;49;20;-1;80,00
1;12;16;2;11;6;1,00
1;12;16;17;37;-1;60,00
1;12;16;18;58;5;104,00
1;12;16;18;58;14;0,00
1;12;16;18;58;13;119,00
1;12;16;18;58;2;75821,00
1;12;16;18;58;9;83327,28
1;12;16;18;58;12;79536,23
1;12;16;18;58;1;0,00
1;12;16;18;58;8;0,00
1;12;16;18;58;11;0,00
1;12;16;18;58;4;86,31
1;12;16;18;58;15;6,22
1;12;16;18;58;18;5,75
1;12;16;18;58;19;6,09
1;12;16;21;3;3;108,86
1;12;16;27;21;16;28,46
1;12;17;9;7;-1;60,00
1;12;17;9;40;3;109,45
1;12;17;18;51;6;0,00
1;12;17;30;25;16;30,00
1;12;17;38;1;5;19,00
1;12;17;38;1;14;0,00
1;12;17;38;1;13;25,00
1;12;17;38;1;2;51250,03
1;12;17;38;1;9;52890,03
1;12;17;38;1;12;48841,28
1;12;17;38;1;1;0,00
1;12;17;38;1;8;0,00
1;12;17;38;1;11;0,00
1;12;17;38;1;4;77,52
1;12;17;38;1;15;8,19
1;12;17;38;1;18;7,72
1;12;17;38;1;19;7,33
1;12;18;6;47;6;0,00
1;12;18;20;58;-1;80,00
1;12;18;21;39;5;42,00
1;12;18;21;39;14;0,00
1;12;18;21;39;13;38,00
1;12;18;21;39;2;21700,14
1;12;18;21;39;9;23414,45
1;12;18;21;39;12;21352,94
1;12;18;21;39;1;0,00
1;12;18;21;39;8;0,00
1;12;18;21;39;11;0,00
1;12;18;21;39;4;82,53
1;12;18;21;39;15;9,00
1;12;18;21;39;18;9,60
1;12;18;21;39;19;10,06
1;12;18;26;31;16;27,66
1;12;18;30;10;3;107,78
1;12;19;12;8;5;0,00
1;12;19;12;8;14;0,00
1;12;19;12;8;13;0,00
1;12;19;12;8;2;0,00
1;12;19;12;8;9;0,00
1;12;19;12;8;12;0,00
1;12;19;12;8;1;0,00
1;12;19;12;8;8;0,00
1;12;19;12;8;11;0,00
1;12;19;12;8;4;74,19
1;12;19;12;8;15;7,36
1;12;19;12;8;18;6,84
1;12;19;12;8;19;7,19
1;12;19;28;35;3;105,82
1;12;19;29;39;16;25,10
1;12;19;30;53;-1;70,00
1;12;19;34;37;6;0,00
1;12;20;4;50;5;0,00
1;12;20;4;50;14;0,00
1;12;20;4;50;13;0,00
1;12;20;4;50;2;0,08
1;12;20;4;50;9;0,08
1;12;20;4;50;12;0,08
1;12;20;4;50;1;0,00
1;12;20;4;50;8;0,00
1;12;20;4;50;11;0,00
1;12;20;4;50;4;81,77
1;12;20;4;50;15;6,01
1;12;20;4;50;18;5,88
1;12;20;4;50;19;6,43
1;12;20;5;38;16;21,21
1;12;20;29;39;6;0,00
1;12;20;39;6;-1;60,00
1;12;20;53;13;3;102,13
1;12;21;6;45;6;39,00
1;12;21;20;15;3;97,17
1;12;21;28;12;-1;60,00
1;12;21;31;7;16;16,43
1;12;21;52;23;5;0,00
1;12;21;52;23;14;31,00
1;12;21;52;23;13;11,00
1;12;21;52;23;2;0,14
1;12;21;52;23;9;0,15
1;12;21;52;23;12;0,13
1;12;21;52;23;1;0,00
1;12;21;52;23;8;0,00
1;12;21;52;23;11;0,00
1;12;21;52;23;4;74,92
1;12;21;52;23;15;4,59
1;12;21;52;23;18;4,92
1;12;21;52;23;19;5,05
1;12;22;13;13;3;94,38
1;12;22;13;48;16;13,42
1;12;22;21;34;5;16,00
1;12;22;21;34;14;31,00
1;12;22;21;34;13;7,00
1;12;22;21;34;2;0,09
1;12;22;21;34;9;0,09
1;12;22;21;34;12;0,09
1;12;22;21;34;1;0,00
1;12;22;21;34;8;0,00
1;12;22;21;34;11;0,00
1;12;22;21;34;4;76,25
1;12;22;21;34;15;3,49
1;12;22;21;34;18;3,43
1;12;22;21;34;19;3,71
1;12;22;41;32;-1;70,00
1;12;22;42;9;6;26,00
1;12;23;30;36;3;88,83
1;12;23;45;4;16;9,49
1;12;23;49;28;5;0,00
1;12;23;49;28;14;15,00
1;12;23;49;28;13;10,00
1;12;23;49;28;2;0,10
1;12;23;49;28;9;0,10
1;12;23;49;28;12;0,10
1;12;23;49;28;1;0,00
1;12;23;49;28;8;0,00
1;12;23;49;28;11;0,00
1;12;23;49;28;4;85,52
1;12;23;49;28;15;2,30
1;12;23;49;28;18;2,32
1;12;23;49;28;19;2,41
1;12;23;54;7;6;0,00
1;12;23;58;18;-1;40,00
1;13;0;22;57;16;6,71
1;13;0;35;12;5;0,00
1;13;0;35;12;14;12,00
1;13;0;35;12;13;0,00
1;13;0;35;12;2;0,03
1;13;0;35;12;9;0,03
1;13;0;35;12;12;0,03
1;13;0;35;12;1;0,00
1;13;0;35;12;8;0,00
1;13;0;35;12;11;0,00
1;13;0;35;12;4;71,91
1;13;0;35;12;15;-0,07
1;13;0;35;12;18;-0,07
1;13;0;35;12;19;-0,06
1;13;0;43;50;6;9,00
1;13;0;47;42;-1;50,00
1;13;0;53;40;3;87,51
1;13;1;4;45;3;83,81
1;13;1;16;16;-1;60,00
1;13;1;17;2;5;109,00
1;13;1;17;2;14;0,00
1;13;1;17;2;13;103,00
1;13;1;17;2;2;0,14
1;13;1;17;2;9;0,13
1;13;1;17;2;12;0,14
1;13;1;17;2;1;0,00
1;13;1;17;2;8;0,00
1;13;1;17;2;11;0,00
1;13;1;17;2;4;84,09
1;13;1;17;2;15;-1,30
1;13;1;17;2;18;-1,41
1;13;1;17;2;19;-1,42
1;13;1;18;22;16;5,20
1;13;1;53;52;6;0,00
1;13;2;1;40;16;4,74
1;13;2;20;30;-1;60,00
1;13;2;21;1;6;38,00
1;13;2;24;27;3;86,22
1;13;2;24;36;5;0,00
1;13;2;24;36;14;32,00
1;13;2;24;36;13;8,00
1;13;2;24;36;2;0,06
1;13;2;24;36;9;0,05
1;13;2;24;36;12;0,05
1;13;2;24;36;1;0,00
1;13;2;24;36;8;0,00
1;13;2;24;36;11;0,00
1;13;2;24;36;4;79,35
1;13;2;24;36;15;-2,47
1;13;2;24;36;18;-2,48
1;13;2;24;36;19;-2,33
1;13;3;3;26;5;85,00
1;13;3;3;26;14;0,00
1;13;3;3;26;13;99,00
1;13;3;3;26;2;0,18
1;13;3;3;26;9;0,17
1;13;3;3;26;12;0,19
1;13;3;3;26;1;0,00
1;13;3;3;26;8;0,00
1;13;3;3;26;11;0,00
1;13;3;3;26;4;82,04
1;13;3;3;26;15;-6,26
1;13;3;3;26;18;-6,12
1;13;3;3;26;19;-6,57
1;13;3;41;12;3;85,64
1;13;3;42;45;-1;60,00
1;13;3;49;33;6;0,00
1;13;3;55;44;16;5,61
1;13;4;24;24;5;18,00
1;13;4;24;24;14;14,00
1;13;4;24;24;13;20,00
1;13;4;24;24;2;0,05
1;13;4;24;24;9;0,04
1;13;4;24;24;12;0,04
1;13;4;24;24;1;0,00
1;13;4;24;24;8;0,00
1;13;4;24;24;11;0,00
1;13;4;24;24;4;81,99
1;13;4;24;24;15;-5,83
1;13;4;24;24;18;-5,27
1;13;4;24;24;19;-4,90
1;13;4;32;12;3;87,46
1;13;4;36;37;-1;70,00
1;13;4;58;32;6;0,00
1;13;4;58;48;16;8,49
1;13;5;10;18;16;11,62
1;13;5;10;39;5;0,00
1;13;5;10;39;14;0,00
1;13;5;10;39;13;0,00
1;13;5;10;39;2;0,07
1;13;5;10;39;9;0,08
1;13;5;10;39;12;0,08
1;13;5;10;39;1;0,00
1;13;5;10;39;8;0,00
1;13;5;10;39;11;0,00
1;13;5;10;39;4;82,89
1;13;5;10;39;15;-7,05
1;13;5;10;39;18;-7,68
1;13;5;10;39;19;-7,93
1;13;5;29;40;3;91,08
1;13;5;41;34;6;0,00
1;13;5;51;20;-1;60,00
1;13;6;3;6;3;103,82
1;13;6;22;20;6;0,00
1;13;6;29;11;-1;80,00
1;13;6;44;32;5;76,00
1;13;6;44;32;14;6,00
1;13;6;44;32;13;85,00
1;13;6;44;32;2;16260,00
1;13;6;44;32;9;15512,04
1;13;6;44;32;12;15674,64
1;13;6;44;32;1;0,00
1;13;6;44;32;8;0,00
1;13;6;44;32;11;0,00
1;13;6;44;32;4;76,21
1;13;6;44;32;15;-10,48
1;13;6;44;32;18;-10,91
1;13;6;44;32;19;-11,16
1;13;6;47;50;16;24,19
1;13;7;3;27;5;60,00
1;13;7;3;27;14;5,00
1;13;7;3;27;13;56,00
1;13;7;3;27;2;26553,81
1;13;7;3;27;9;26766,24
1;13;7;3;27;12;24774,70
1;13;7;3;27;1;0,00
1;13;7;3;27;8;0,00
1;13;7;3;27;11;0,00
1;13;7;3;27;4;71,63
1;13;7;3;27;15;-11,24
1;13;7;3;27;18;-10,85
1;13;7;3;27;19;-11,78
1;13;7;27;5;3;108,67
1;13;7;34;28;6;0,00
1;13;7;46;46;16;30,00
1;13;7;50;39;-1;80,00
1;13;8;0;24;5;64,00
1;13;8;0;24;14;0,00
1;13;8;0;24;13;57,00
1;13;8;0;24;2;29820,07
1;13;8;0;24;9;28388,70
1;13;8;0;24;12;31311,07
1;13;8;0;24;1;0,00
1;13;8;0;24;8;0,00
1;13;8;0;24;11;0,00
1;13;8;0;24;4;80,12
1;13;8;0;24;15;-11,29
1;13;8;0;24;18;-11,94
1;13;8;0;24;19;-11,05
1;13;8;0;35;-1;80,00
1;13;8;23;5;3;109,94
1;13;8;29;1;16;29,24
1;13;8;44;46;6;8,00
1;13;9;18;8;6;0,00
1;13;9;27;21;5;0,00
1;13;9;27;21;14;0,00
1;13;9;27;21;13;0,00
1;13;9;27;21;2;55430,84
1;13;9;27;21;9;57758,94
1;13;9;27;21;12;57814,37
1;13;9;27;21;1;0,00
1;13;9;27;21;8;0,00
1;13;9;27;21;11;0,00
1;13;9;27;21;4;81,74
1;13;9;27;21;15;-11,76
1;13;9;27;21;18;-11,48
1;13;9;27;21;19;-10,67
1;13;9;29;59;16;27,66
1;13;9;49;16;-1;80,00
1;13;9;58;45;3;107,31
1;13;10;20;48;6;27,00
1;13;10;25;21;3;104,21
1;13;10;32;18;5;88,00
1;13;10;32;18;14;19,00
1;13;10;32;18;13;102,00
1;13;10;32;18;2;86105,14
1;13;10;32;18;9;93079,65
1;13;10;32;18;12;92563,02
1;13;10;32;18;1;0,00
1;13;10;32;18;8;0,00
1;13;10;32;18;11;0,00
1;13;10;32;18;4;74,60
1;13;10;32;18;15;-10,25
1;13;10;32;18;18;-10,72
1;13;10;32;18;19;-10,05
1;13;10;33;34;16;25,10
1;13;10;35;26;-1;80,00
1;13;11;28;1;3;104,57
1;13;11;29;36;6;0,00
1;13;11;36;52;-1;80,00
1;13;11;50;8;16;23,24
1;13;11;58;48;5;0,00
1;13;11;58;48;14;10,00
1;13;11;58;48;13;0,00
1;13;11;58;48;2;81000,12
1;13;11;58;48;9;86184,13
1;13;11;58;48;12;73791,11
1;13;11;58;48;1;0,00
1;13;11;58;48;8;0,00
1;13;11;58;48;11;0,00
1;13;11;58;48;4;72,00
1;13;11;58;48;15;-9,25
1;13;11;58;48;18;-9,81
1;13;11;58;48;19;-10,52
1;13;12;6;52;16;21,21
1;13;12;41;30;3;100,03
1;13;12;45;23;-1;80,00
1;13;12;47;1;5;0,00
1;13;12;47;1;14;0,00
1;13;12;47;1;13;3,00
1;13;12;47;1;2;99700,17
1;13;12;47;1;9;96509,77
1;13;12;47;1;12;103089,98
1;13;12;47;1;1;0,00
1;13;12;47;1;8;0,00
1;13;12;47;1;11;0,00
1;13;12;47;1;4;83,12
1;13;12;47;1;15;-7,94
1;13;12;47;1;18;-8,24
1;13;12;47;1;19;-8,74
1;13;12;51;49;6;0,00
1;13;13;10;42;5;0,00
1;13;13;10;42;14;12,00
1;13;13;10;42;13;0,00
1;13;13;10;42;2;109900,20
1;13;13;10;42;9;115834,81
1;13;13;10;42;12;110669,50
1;13;13;10;42;1;0,00
1;13;13;10;42;8;0,00
1;13;13;10;42;11;0,00
1;13;13;10;42;4;73,29
1;13;13;10;42;15;-7,27
1;13;13;10;42;18;-7,04
1;13;13;10;42;19;-7,58
1;13;13;16;13;3;101,31
1;13;13;24;26;16;20,12
1;13;13;36;12;6;4,00
1;13;13;42;4;-1;80,00
1;13;14;4;27;-1;80,00
1;13;14;14;25;6;0,00
1;13;14;20;21;5;24,00
1;13;14;20;21;14;15,00
1;13;14;20;21;13;35,00
1;13;14;20;21;2;104000,20
1;13;14;20;21;9;109720,21
1;13;14;20;21;12;111904,21
1;13;14;20;21;1;0,00
1;13;14;20;21;8;0,00
1;13;14;20;21;11;0,00
1;13;14;20;21;4;76,80
1;13;14;20;21;15;-5,28
1;13;14;20;21;18;-5,79
1;13;14;20;21;19;-5,88
1;13;14;25;4;16;22,25
1;13;14;46;32;3;101,48
1;13;15;5;12;5;0,00
1;13;15;5;12;14;0,00
1;13;15;5;12;13;0,00
1;13;15;5;12;2;103300,10
1;13;15;5;12;9;108981,61
1;13;15;5;12;12;102370,40
1;13;15;5;12;1;0,00
1;13;15;5;12;8;0,00
1;13;15;5;12;11;0,00
1;13;15;5;12;4;83,59
1;13;15;5;12;15;-4,15
1;13;15;5;12;18;-3,88
1;13;15;5;12;19;-3,77
1;13;15;6;46;-1;60,00
1;13;15;23;12;16;25,10
1;13;15;25;5;6;10,00
1;13;15;57;32;3;105,98
1;13;16;2;21;-1;80,00
1;13;16;32;21;5;0,00
1;13;16;32;21;14;41,00
1;13;16;32;21;13;0,00
1;13;16;32;21;2;69499,98
1;13;16;32;21;9;67831,98
1;13;16;32;21;12;69013,48
1;13;16;32;21;1;0,00
1;13;16;32;21;8;0,00
1;13;16;32;21;11;0,00
1;13;16;32;21;4;85,94
1;13;16;32;21;15;-2,15
1;13;16;32;21;18;-2,25
1;13;16;32;21;19;-2,14
1;13;16;32;36;16;28,46
1;13;16;44;30;6;37,00
1;13;16;47;48;3;108,91
1;13;17;10;36;16;30,00
1;13;17;10;56;5;86,00
1;13;17;10;56;14;62,00
1;13;17;10;56;13;92,00
1;13;17;10;56;2;65460,05
1;13;17;10;56;9;69191,28
1;13;17;10;56;12;68863,98
1;13;17;10;56;1;0,00
1;13;17;10;56;8;0,00
1;13;17;10;56;11;0,00
1;13;17;10;56;4;72,04
1;13;17;10;56;15;1,31
1;13;17;10;56;18;1,38
1;13;17;10;56;19;1,26
1;13;17;18;58;3;108,64
1;13;17;41;42;-1;80,00
1;13;17;52;52;6;68,00
1;13;18;2;14;3;107,73
1;13;18;23;39;6;92,00
1;13;18;45;54;5;162,00
1;13;18;45;54;14;91,00
1;13;18;45;54;13;148,00
1;13;18;45;54;2;27225,06
1;13;18;45;54;9;28749,66
1;13;18;45;54;12;27687,88
1;13;18;45;54;1;0,00
1;13;18;45;54;8;0,00
1;13;18;45;54;11;0,00
1;13;18;45;54;4;72,83
1;13;18;45;54;15;3,63
1;13;18;45;54;18;3,98
1;13;18;45;54;19;4,24
1;13;18;53;47;-1;80,00
1;13;18;56;52;16;27,66
1;13;19;4;14;6;124,00
1;13;19;17;52;5;153,00
1;13;19;17;52;14;100,00
1;13;19;17;52;13;166,00
1;13;19;17;52;2;0,13
1;13;19;17;52;9;0,14
1;13;19;17;52;12;0,14
1;13;19;17;52;1;0,00
1;13;19;17;52;8;0,00
1;13;19;17;52;11;0,00
1;13;19;17;52;4;86,38
1;13;19;17;52;15;2,67
1;13;19;17;52;18;2,48
1;13;19;17;52;19;2,65
1;13;19;28;50;16;25,10
1;13;19;48;30;-1;50,00
1;13;19;49;42;3;103,79
1;13;20;9;41;6;81,00
1;13;20;20;26;16;21,21
1;13;20;27;29;3;100,08
1;13;20;38;9;5;111,00
1;13;20;38;9;14;88,00
1;13;20;38;9;13;126,00
1;13;20;38;9;2;0,18
1;13;20;38;9;9;0,18
1;13;20;38;9;12;0,18
1;13;20;38;9;1;0,00
1;13;20;38;9;8;0,00
1;13;20;38;9;11;0,00
1;13;20;38;9;4;74,05
1;13;20;38;9;15;1,75
1;13;20;38;9;18;1,64
1;13;20;38;9;19;1,49
1;13;20;46;10;-1;60,00
1;13;21;0;1;3;95,93
1;13;21;18;28;-1;60,00
1;13;21;22;42;16;16,43
1;13;21;36;45;6;77,00
1;13;21;51;50;5;45,00
1;13;21;51;50;14;89,00
1;13;21;51;50;13;45,00
1;13;21;51;50;2;0,06
1;13;21;51;50;9;0,06
1;13;21;51;50;12;0,06
1;13;21;51;50;1;0,00
1;13;21;51;50;8;0,00
1;13;21;51;50;11;0,00
1;13;21;51;50;4;80,65
1;13;21;51;50;15;-1,16
1;13;21;51;50;18;-1,06
1;13;21;51;50;19;-0,96
1;13;22;13;0;16;13,42
1;13;22;28;40;5;130,00
1;13;22;28;40;14;76,00
1;13;22;28;40;13;134,00
1;13;22;28;40;2;0,09
1;13;22;28;40;9;0,09
1;13;22;28;40;12;0,09
1;13;22;28;40;1;0,00
1;13;22;28;40;8;0,00
1;13;22;28;40;11;0,00
1;13;22;28;40;4;77,50
1;13;22;28;40;15;-5,28
1;13;22;28;40;18;-4,91
1;13;22;28;40;19;-4,46
1;13;22;30;35;-1;60,00
1;13;22;34;25;6;85,00
1;13;22;45;24;3;94,87
1;13;23;1;32;3;90,08
1;13;23;2;31;16;9,49
1;13;23;10;56;-1;60,00
1;13;23;33;9;5;38,00
1;13;23;33;9;14;87,00
1;13;23;33;9;13;37,00
1;13;23;33;9;2;0,04
1;13;23;33;9;9;0,04
1;13;23;33;9;12;0,04
1;13;23;33;9;1;0,00
1;13;23;33;9;8;0,00
1;13;23;33;9;11;0,00
1;13;23;33;9;4;79,00
1;13;23;33;9;15;-8,51
1;13;23;33;9;18;-8,73
1;13;23;33;9;19;-8,97
1;13;23;50;39;6;92,00
1;14;0;1;24;16;6,71
1;14;0;3;53;5;55,00
1;14;0;3;53;14;60,00
1;14;0;3;53;13;58,00
1;14;0;3;53;2;0,09
1;14;0;3;53;9;0,10
1;14;0;3;53;12;0,09
1;14;0;3;53;1;0,00
1;14;0;3;53;8;0,00
1;14;0;3;53;11;0,00
1;14;0;3;53;4;71,54
1;14;0;3;53;15;-12,58
1;14;0;3;53;18;-13,83
1;14;0;3;53;19;-13,22
1;14;0;11;49;3;85,81
1;14;0;22;35;6;62,00
1;14;0;44;2;-1;60,00
1;14;1;17;54;6;25,00
1;14;1;22;43;-1;50,00
1;14;1;30;22;5;26,00
1;14;1;30;22;14;28,00
1;14;1;30;22;13;29,00
1;14;1;30;22;2;0,01
1;14;1;30;22;9;0,01
1;14;1;30;22;12;0,01
1;14;1;30;22;1;0,00
1;14;1;30;22;8;0,00
1;14;1;30;22;11;0,00
1;14;1;30;22;4;78,16
1;14;1;30;22;15;-13,50
1;14;1;30;22;18;-12,74
1;14;1;30;22;19;-11,76
1;14;1;45;9;16;5,20
1;14;1;55;44;3;86,09
1;14;2;0;5;5;63,00
1;14;2;0;5;14;0,00
1;14;2;0;5;13;54,00
1;14;2;0;5;2;0,07
1;14;2;0;5;9;0,08
1;14;2;0;5;12;0,08
1;14;2;0;5;1;0,00
1;14;2;0;5;8;0,00
1;14;2;0;5;11;0,00
1;14;2;0;5;4;85,92
1;14;2;0;5;15;-13,25
1;14;2;0;5;18;-12,40
1;14;2;0;5;19;-12,94
1;14;2;13;32;-1;60,00
1;14;2;22;41;3;83,65
1;14;2;43;22;16;4,74
1;14;2;52;37;6;6,00
1;14;3;17;35;5;0,00
1;14;3;17;35;14;49,00
1;14;3;17;35;13;4,00
1;14;3;17;35;2;0,05
1;14;3;17;35;9;0,06
1;14;3;17;35;12;0,06
1;14;3;17;35;1;0,00
1;14;3;17;35;8;0,00
1;14;3;17;35;11;0,00
1;14;3;17;35;4;76,45
1;14;3;17;35;15;-13,50
1;14;3;17;35;18;-12,96
1;14;3;17;35;19;-12,53
1;14;3;21;14;3;85,58
1;14;3;22;44;16;5,61
1;14;3;26;51;-1;70,00
1;14;3;37;22;6;34,00
1;14;4;2;36;6;13,00
1;14;4;11;29;5;62,00
1;14;4;11;29;14;21,00
1;14;4;11;29;13;75,00
1;14;4;11;29;2;0,04
1;14;4;11;29;9;0,04
1;14;4;11;29;12;0,04
1;14;4;11;29;1;0,00
1;14;4;11;29;8;0,00
1;14;4;11;29;11;0,00
1;14;4;11;29;4;71,43
1;14;4;11;29;15;-13,50
1;14;4;11;29;18;-14,67
1;14;4;11;29;19;-13,50
1;14;4;23;18;3;88,20
1;14;4;25;11;-1;70,00
1;14;4;59;57;16;8,49
1;14;5;4;28;16;11,62
1;14;5;5;44;5;78,00
1;14;5;5;44;14;38,00
1;14;5;5;44;13;71,00
1;14;5;5;44;2;0,05
1;14;5;5;44;9;0,05
1;14;5;5;44;12;0,05
1;14;5;5;44;1;0,00
1;14;5;5;44;8;0,00
1;14;5;5;44;11;0,00
1;14;5;5;44;4;83,38
1;14;5;5;44;15;-13,20
1;14;5;5;44;18;-12,41
1;14;5;5;44;19;-11,96
1;14;5;5;56;-1;70,00
1;14;5;22;42;3;93,04
1;14;5;40;41;6;43,00
1;14;6;19;43;5;21,00
1;14;6;19;43;14;0,00
1;14;6;19;43;13;36,00
1;14;6;19;43;2;11238,82
1;14;6;19;43;9;11429,88
1;14;6;19;43;12;12003,07
1;14;6;19;43;1;0,00
1;14;6;19;43;8;0,00
1;14;6;19;43;11;0,00
1;14;6;19;43;4;80,78
1;14;6;19;43;15;-12,90
1;14;6;19;43;18;-13,88
1;14;6;19;43;19;-14,96
1;14;6;29;32;6;3,00
1;14;6;43;18;-1;80,00
1;14;6;48;9;16;24,19
1;14;6;49;26;3;105,14
1;14;7;31;21;16;30,00
1;14;7;40;11;3;110,75
1;14;7;40;11;-1;80,00
1;14;7;43;15;5;0,00
1;14;7;43;15;14;0,00
1;14;7;43;15;13;0,00
1;14;7;43;15;2;20026,68
1;14;7;43;15;9;20086,76
1;14;7;43;15;12;19325,75
1;14;7;43;15;1;0,00
1;14;7;43;15;8;0,00
1;14;7;43;15;11;0,00
1;14;7;43;15;4;74,02
1;14;7;43;15;15;-11,50
1;14;7;43;15;18;-10,64
1;14;7;43;15;19;-11,54
1;14;7;57;17;6;0,00
1;14;8;3;11;-1;80,00
1;14;8;18;38;16;29,24
1;14;8;23;3;6;0,00
1;14;8;33;51;3;109,34
1;14;8;41;58;5;23,00
1;14;8;41;58;14;7,00
1;14;8;41;58;13;26,00
1;14;8;41;58;2;19391,54
1;14;8;41;58;9;20089,63
1;14;8;41;58;12;18771,01
1;14;8;41;58;1;0,00
1;14;8;41;58;8;0,00
1;14;8;41;58;11;0,00
1;14;8;41;58;4;84,89
1;14;8;41;58;15;-11,15
1;14;8;41;58;18;-11,85
1;14;8;41;58;19;-12,21
1;14;9;6;15;-1;80,00
1;14;9;19;26;16;27,66
1;14;9;29;11;5;89,00
1;14;9;29;11;14;21,00
1;14;9;29;11;13;75,00
1;14;9;29;11;2;55880,06
1;14;9;29;11;9;56830,02
1;14;9;29;11;12;51130,25
1;14;9;29;11;1;0,00
1;14;9;29;11;8;0,00
1;14;9;29;11;11;0,00
1;14;9;29;11;4;74,16
1;14;9;29;11;15;-10,15
1;14;9;29;11;18;-9,57
1;14;9;29;11;19;-10,40
1;14;9;47;47;3;109,10
1;14;9;48;58;6;8,00
1;14;10;8;17;5;22,00
1;14;10;8;17;14;4,00
1;14;10;8;17;13;16,00
1;14;10;8;17;2;86700,06
1;14;10;8;17;9;89214,36
1;14;10;8;17;12;83492,16
1;14;10;8;17;1;0,00
1;14;10;8;17;8;0,00
1;14;10;8;17;11;0,00
1;14;10;8;17;4;80,37
1;14;10;8;17;15;-8,98
1;14;10;8;17;18;-9,87
1;14;10;8;17;19;-10,11
1;14;10;15;13;16;25,10
1;14;10;17;1;6;0,00
1;14;10;27;24;-1;80,00
1;14;10;39;0;3;104,79
1;14;11;8;32;-1;60,00
1;14;11;9;12;3;102,72
1;14;11;11;5;6;0,00
1;14;11;26;4;5;0,00
1;14;11;26;4;14;0,00
1;14;11;26;4;13;3,00
1;14;11;26;4;2;106900,12
1;14;11;26;4;9;101234,41
1;14;11;26;4;12;115345,23
1;14;11;26;4;1;0,00
1;14;11;26;4;8;0,00
1;14;11;26;4;11;0,00
1;14;11;26;4;4;86,84
1;14;11;26;4;15;-7,65
1;14;11;26;4;18;-7,62
1;14;11;26;4;19;-7,93
1;14;11;39;43;16;23,24
1;14;12;7;22;3;101,27
1;14;12;14;38;16;21,21
1;14;12;33;5;-1;80,00
1;14;12;49;0;5;74,00
1;14;12;49;0;14;0,00
1;14;12;49;0;13;85,00
1;14;12;49;0;2;88727,16
1;14;12;49;0;9;85887,89
1;14;12;49;0;12;83137,35
1;14;12;49;0;1;0,00
1;14;12;49;0;8;0,00
1;14;12;49;0;11;0,00
1;14;12;49;0;4;76,33
1;14;12;49;0;15;-3,61
1;14;12;49;0;18;-3,59
1;14;12;49;0;19;-3,48
1;14;12;52;25;6;0,00
1;14;13;24;28;6;35,00
1;14;13;35;50;3;100,12
1;14;13;45;4;5;0,00
1;14;13;45;4;14;21,00
1;14;13;45;4;13;4,00
1;14;13;45;4;2;92907,06
1;14;13;45;4;9;84452,52
1;14;13;45;4;12;96809,16
1;14;13;45;4;1;0,00
1;14;13;45;4;8;0,00
1;14;13;45;4;11;0,00
1;14;13;45;4;4;80,59
1;14;13;45;4;15;-1,21
1;14;13;45;4;18;-1,21
1;14;13;45;4;19;-1,23
1;14;13;51;56;-1;80,00
1;14;13;58;38;16;20,12
1;14;14;3;4;6;0,00
1;14;14;16;53;5;82,00
1;14;14;16;53;14;0,00
1;14;14;16;53;13;69,00
1;14;14;16;53;2;103200,20
1;14;14;16;53;9;98556,19
1;14;14;16;53;12;113520,22
1;14;14;16;53;1;0,00
1;14;14;16;53;8;0,00
1;14;14;16;53;11;0,00
1;14;14;16;53;4;82,26
1;14;14;16;53;15;0,77
1;14;14;16;53;18;0,74
1;14;14;16;53;19;0,76
1;14;14;31;11;-1;80,00
1;14;14;47;33;16;22,25
1;14;14;54;55;3;102,57
1;14;15;3;48;-1;80,00
1;14;15;11;2;6;0,00
1;14;15;28;36;3;105,03
1;14;15;38;20;16;25,10
1;14;15;51;44;5;0,00
1;14;15;51;44;14;0,00
1;14;15;51;44;13;0,00
1;14;15;51;44;2;101300,07
1;14;15;51;44;9;96235,07
1;14;15;51;44;12;93196,06
1;14;15;51;44;1;0,00
1;14;15;51;44;8;0,00
1;14;15;51;44;11;0,00
1;14;15;51;44;4;74,77
1;14;15;51;44;15;4,15
1;14;15;51;44;18;4,00
1;14;15;51;44;19;4,06
1;14;16;4;54;5;0,00
1;14;16;4;54;14;29,00
1;14;16;4;54;13;0,00
1;14;16;4;54;2;83354,20
1;14;16;4;54;9;90022,54
1;14;16;4;54;12;81270,35
1;14;16;4;54;1;0,00
1;14;16;4;54;8;0,00
1;14;16;4;54;11;0,00
1;14;16;4;54;4;74,97
1;14;16;4;54;15;7,96
1;14;16;4;54;18;7,43
1;14;16;4;54;19;8,10
1;14;16;24;45;3;106,97
1;14;16;45;21;6;29,00
1;14;16;50;15;-1;80,00
1;14;16;58;15;16;28,46
1;14;17;6;5;-1;80,00
1;14;17;9;50;5;63,00
1;14;17;9;50;14;49,00
1;14;17;9;50;13;55,00
1;14;17;9;50;2;60720,01
1;14;17;9;50;9;61630,81
1;14;17;9;50;12;61145,05
1;14;17;9;50;1;0,00
1;14;17;9;50;8;0,00
1;14;17;9;50;11;0,00
1;14;17;9;50;4;86,82
1;14;17;9;50;15;8,33
1;14;17;9;50;18;8,28
1;14;17;9;50;19;8,27
1;14;17;22;18;16;30,00
1;14;17;22;55;3;108,64
1;14;17;53;37;6;62,00
1;14;18;1;31;3;108,55
1;14;18;6;49;-1;80,00
1;14;18;16;11;16;27,66
1;14;18;34;40;6;69,00
1;14;18;48;45;5;73,00
1;14;18;48;45;14;61,00
1;14;18;48;45;13;64,00
1;14;18;48;45;2;26100,05
1;14;18;48;45;9;23646,65
1;14;18;48;45;12;26830,85
1;14;18;48;45;1;0,00
1;14;18;48;45;8;0,00
1;14;18;48;45;11;0,00
1;14;18;48;45;4;82,40
1;14;18;48;45;15;9,50
1;14;18;48;45;18;9,81
1;14;18;48;45;19;10,69
1;14;19;12;29;5;153,00
1;14;19;12;29;14;75,00
1;14;19;12;29;13;148,00
1;14;19;12;29;2;0,18
1;14;19;12;29;9;0,18
1;14;19;12;29;12;0,19
1;14;19;12;29;1;0,00
1;14;19;12;29;8;0,00
1;14;19;12;29;11;0,00
1;14;19;12;29;4;84,48
1;14;19;12;29;15;7,75
1;14;19;12;29;18;8,14
1;14;19;12;29;19;7,75
1;14;19;19;38;-1;40,00
1;14;19;24;17;6;70,00
1;14;19;26;7;3;105,86
1;14;19;27;54;16;25,10
1;14;20;1;47;3;100,28
1;14;20;26;4;5;85,00
1;14;20;26;4;14;4,00
1;14;20;26;4;13;70,00
1;14;20;26;4;2;0,02
1;14;20;26;4;9;0,02
1;14;20;26;4;12;0,02
1;14;20;26;4;1;0,00
1;14;20;26;4;8;0,00
1;14;20;26;4;11;0,00
1;14;20;26;4;4;80,21
1;14;20;26;4;15;7,75
1;14;20;26;4;18;8,38
1;14;20;26;4;19;8,31
1;14;20;32;1;-1;60,00
1;14;20;34;31;6;11,00
1;14;20;51;44;16;21,21
1;14;21;1;59;3;97,75
1;14;21;14;13;16;16,43
1;14;21;33;2;5;95,00
1;14;21;33;2;14;15,00
1;14;21;33;2;13;85,00
1;14;21;33;2;2;0,11
1;14;21;33;2;9;0,11
1;14;21;33;2;12;0,12
1;14;21;33;2;1;0,00
1;14;21;33;2;8;0,00
1;14;21;33;2;11;0,00
1;14;21;33;2;4;76,04
1;14;21;33;2;15;6,57
1;14;21;33;2;18;6,77
1;14;21;33;2;19;7,36
1;14;21;43;8;-1;50,00
1;14;21;44;7;6;0,00
1;14;22;11;39;-1;50,00
1;14;22;13;37;16;13,42
1;14;22;17;6;6;2,00
1;14;22;24;43;5;91,00
1;14;22;24;43;14;0,00
1;14;22;24;43;13;90,00
1;14;22;24;43;2;0,13
1;14;22;24;43;9;0,12
1;14;22;24;43;12;0,13
1;14;22;24;43;1;0,00
1;14;22;24;43;8;0,00
1;14;22;24;43;11;0,00
1;14;22;24;43;4;72,37
1;14;22;24;43;15;4,87
1;14;22;24;43;18;5,32
1;14;22;24;43;19;5,24
1;14;22;57;51;3;92,81
1;14;23;3;29;6;26,00
1;14;23;29;4;-1;50,00
1;14;23;30;51;5;0,00
1;14;23;30;51;14;30,00
1;14;23;30;51;13;1,00
1;14;23;30;51;2;0,12
1;14;23;30;51;9;0,13
1;14;23;30;51;12;0,12
1;14;23;30;51;1;0,00
1;14;23;30;51;8;0,00
1;14;23;30;51;11;0,00
1;14;23;30;51;4;84,00
1;14;23;30;51;15;2,11
1;14;23;30;51;18;2,00
1;14;23;30;51;19;1,86
1;14;23;38;26;16;9,49
1;14;23;39;50;3;88,05
1;15;0;12;51;6;0,00
1;15;0;13;21;-1;60,00
1;15;0;14;12;3;85,83
1;15;0;19;58;5;59,00
1;15;0;19;58;14;0,00
1;15;0;19;58;13;64,00
1;15;0;19;58;2;0,04
1;15;0;19;58;9;0,04
1;15;0;19;58;12;0,03
1;15;0;19;58;1;0,00
1;15;0;19;58;8;0,00
1;15;0;19;58;11;0,00
1;15;0;19;58;4;85,27
1;15;0;19;58;15;-1,13
1;15;0;19;58;18;-1,08
1;15;0;19;58;19;-1,08
1;15;0;32;21;16;6,71
1;15;1;12;18;6;0,00
1;15;1;12;24;5;0,00
1;15;1;12;24;14;0,00
1;15;1;12;24;13;0,00
1;15;1;12;24;2;0,09
1;15;1;12;24;9;0,10
1;15;1;12;24;12;0,10
1;15;1;12;24;1;0,00
1;15;1;12;24;8;0,00
1;15;1;12;24;11;0,00
1;15;1;12;24;4;85,71
1;15;1;12;24;15;-2,00
1;15;1;12;24;18;-2,03
1;15;1;12;24;19;-2,09
1;15;1;16;1;16;5,20
1;15;1;34;5;-1;60,00
1;15;1;54;26;3;85,12
1;15;2;5;31;6;0,00
1;15;2;22;0;3;85,02
1;15;2;24;56;16;4,74
1;15;2;39;27;5;97,00
1;15;2;39;27;14;0,00
1;15;2;39;27;13;88,00
1;15;2;39;27;2;0,09
1;15;2;39;27;9;0,09
1;15;2;39;27;12;0,08
1;15;2;39;27;1;0,00
1;15;2;39;27;8;0,00
1;15;2;39;27;11;0,00
1;15;2;39;27;4;71,67
1;15;2;39;27;15;-5,04
1;15;2;39;27;18;-5,39
1;15;2;39;27;19;-5,25
1;15;2;53;17;-1;70,00
1;15;3;12;56;3;85,77
1;15;3;24;14;16;5,61
1;15;3;30;49;5;0,00
1;15;3;30;49;14;0,00
1;15;3;30;49;13;2,00
1;15;3;30;49;2;0,18
1;15;3;30;49;9;0,18
1;15;3;30;49;12;0,17
1;15;3;30;49;1;0,00
1;15;3;30;49;8;0,00
1;15;3;30;49;11;0,00
1;15;3;30;49;4;72,07
1;15;3;30;49;15;-5,91
1;15;3;30;49;18;-5,51
1;15;3;30;49;19;-5,56
1;15;3;44;58;-1;60,00
1;15;3;55;30;6;0,00
1;15;4;1;25;3;87,63
1;15;4;16;36;5;0,00
1;15;4;16;36;14;0,00
1;15;4;16;36;13;15,00
1;15;4;16;36;2;0,21
1;15;4;16;36;9;0,23
1;15;4;16;36;12;0,20
1;15;4;16;36;1;0,00
1;15;4;16;36;8;0,00
1;15;4;16;36;11;0,00
1;15;4;16;36;4;80,48
1;15;4;16;36;15;-9,44
1;15;4;16;36;18;-10,33
1;15;4;16;36;19;-10,34
1;15;4;24;22;16;8,49
1;15;4;35;14;-1;60,00
1;15;4;39;4;6;0,00
1;15;5;6;37;3;92,93
1;15;5;16;38;5;0,00
1;15;5;16;38;14;13,00
1;15;5;16;38;13;5,00
1;15;5;16;38;2;0,14
1;15;5;16;38;9;0,13
1;15;5;16;38;12;0,14
1;15;5;16;38;1;0,00
1;15;5;16;38;8;0,00
1;15;5;16;38;11;0,00
1;15;5;16;38;4;76,67
1;15;5;16;38;15;-11,75
1;15;5;16;38;18;-11,27
1;15;5;16;38;19;-11,83
1;15;5;17;31;-1;60,00
1;15;5;45;39;6;0,00
1;15;5;56;14;16;11,62
1;15;6;18;28;16;24,19
1;15;6;19;22;5;0,00
1;15;6;19;22;14;4,00
1;15;6;19;22;13;0,00
1;15;6;19;22;2;15870,17
1;15;6;19;22;9;15378,19
1;15;6;19;22;12;16965,21
1;15;6;19;22;1;0,00
1;15;6;19;22;8;0,00
1;15;6;19;22;11;0,00
1;15;6;19;22;4;74,81
1;15;6;19;22;15;-13,50
1;15;6;19;22;18;-13,50
1;15;6;19;22;19;-12,76
1;15;6;37;27;3;103,38
1;15;6;40;31;-1;80,00
1;15;6;56;49;6;7,00
1;15;7;16;1;6;0,00
1;15;7;29;58;5;37,00
1;15;7;29;58;14;8,00
1;15;7;29;58;13;47,00
1;15;7;29;58;2;27150,15
1;15;7;29;58;9;27258,75
1;15;7;29;58;12;29023,51
1;15;7;29;58;1;0,00
1;15;7;29;58;8;0,00
1;15;7;29;58;11;0,00
1;15;7;29;58;4;77,86
1;15;7;29;58;15;-12,75
1;15;7;29;58;18;-11,55
1;15;7;29;58;19;-12,30
1;15;7;31;26;-1;80,00
1;15;7;49;23;16;30,00
1;15;7;53;5;3;109,36
1;15;8;1;20;5;0,00
1;15;8;1;20;14;0,00
1;15;8;1;20;13;0,00
1;15;8;1;20;2;22938,41
1;15;8;1;20;9;20644,57
1;15;8;1;20;12;23901,83
1;15;8;1;20;1;0,00
1;15;8;1;20;8;0,00
1;15;8;1;20;11;0,00
1;15;8;1;20;4;71,30
1;15;8;1;20;15;-12,25
1;15;8;1;20;18;-11,34
1;15;8;1;20;19;-10,58
1;15;8;6;28;-1;80,00
1;15;8;31;17;3;109,07
1;15;8;34;12;16;29,24
1;15;8;58;31;6;0,00
1;15;9;7;52;-1;70,00
1;15;9;32;56;3;108,03
1;15;9;46;16;16;27,66
1;15;9;50;37;6;0,00
1;15;9;53;29;5;66,00
1;15;9;53;29;14;5,00
1;15;9;53;29;13;77,00
1;15;9;53;29;2;31482,04
1;15;9;53;29;9;28648,66
1;15;9;53;29;12;31450,56
1;15;9;53;29;1;1736,00
1;15;9;53;29;8;1578,02
1;15;9;53;29;11;1612,74
1;15;9;53;29;4;96,28
1;15;9;53;29;15;-10,26
1;15;9;53;29;18;-10,48
1;15;9;53;29;19;-9,72
1;15;10;12;13;16;25,10
1;15;10;28;10;3;105,00
1;15;10;52;15;5;0,00
1;15;10;52;15;14;0,00
1;15;10;52;15;13;0,00
1;15;10;52;15;2;71995,07
1;15;10;52;15;9;73075,00
1;15;10;52;15;12;69187,26
1;15;10;52;15;1;0,00
1;15;10;52;15;8;0,00
1;15;10;52;15;11;0,00
1;15;10;52;15;4;76,78
1;15;10;52;15;15;-8,55
1;15;10;52;15;18;-8,70
1;15;10;52;15;19;-8,16
1;15;10;55;47;-1;80,00
1;15;10;57;37;6;0,00
1;15;11;2;30;-1;80,00
1;15;11;5;18;6;0,00
1;15;11;16;24;5;12,00
1;15;11;16;24;14;11,00
1;15;11;16;24;13;25,00
1;15;11;16;24;2;96726,16
1;15;11;16;24;9;88310,98
1;15;11;16;24;12;94211,28
1;15;11;16;24;1;0,00
1;15;11;16;24;8;0,00
1;15;11;16;24;11;0,00
1;15;11;16;24;4;84,64
1;15;11;16;24;15;-6,62
1;15;11;16;24;18;-6,40
1;15;11;16;24;19;-6,64
1;15;11;50;3;3;102,86
1;15;11;55;32;16;23,24
1;15;12;0;10;-1;80,00
1;15;12;1;35;16;21,21
1;15;12;19;2;6;32,00
1;15;12;24;15;5;0,00
1;15;12;24;15;14;17,00
1;15;12;24;15;13;11,00
1;15;12;24;15;2;85526,07
1;15;12;24;15;9;85269,49
1;15;12;24;15;12;86210,28
1;15;12;24;15;1;0,00
1;15;12;24;15;8;0,00
1;15;12;24;15;11;0,00
1;15;12;24;15;4;76,94
1;15;12;24;15;15;-3,21
1;15;12;24;15;18;-3,28
1;15;12;24;15;19;-3,08
1;15;12;37;2;3;102,69
1;15;13;5;32;6;67,00
1;15;13;7;6;5;30,00
1;15;13;7;6;14;56,00
1;15;13;7;6;13;19,00
1;15;13;7;6;2;102300,00
1;15;13;7;6;9;100663,20
1;15;13;7;6;12;106392,00
1;15;13;7;6;1;0,00
1;15;13;7;6;8;0,00
1;15;13;7;6;11;0,00
1;15;13;7;6;4;71,03
1;15;13;7;6;15;-2,68
1;15;13;7;6;18;-2,92
1;15;13;7;6;19;-3,01
1;15;13;8;38;-1;80,00
1;15;13;19;26;16;20,12
1;15;13;27;27;3;100,79
1;15;14;12;12;16;22,25
1;15;14;36;12;5;25,00
1;15;14;36;12;14;86,00
1;15;14;36;12;13;37,00
1;15;14;36;12;2;79237,18
1;15;14;36;12;9;81138,87
1;15;14;36;12;12;82406,67
1;15;14;36;12;1;0,00
1;15;14;36;12;8;0,00
1;15;14;36;12;11;0,00
1;15;14;36;12;4;73,18
1;15;14;36;12;15;0,74
1;15;14;36;12;18;0,79
1;15;14;36;12;19;0,82
1;15;14;39;35;6;74,00
1;15;14;43;8;-1;80,00
1;15;14;54;43;3;101,11
1;15;15;13;26;5;12,00
1;15;15;13;26;14;25,00
1;15;15;13;26;13;19,00
1;15;15;13;26;2;94300,14
1;15;15;13;26;9;89962,33
1;15;15;13;26;12;89773,73
1;15;15;13;26;1;0,00
1;15;15;13;26;8;0,00
1;15;15;13;26;11;0,00
1;15;15;13;26;4;75,62
1;15;15;13;26;15;3,07
1;15;15;13;26;18;2,88
1;15;15;13;26;19;2,96
1;15;15;26;22;-1;80,00
1;15;15;29;11;3;105,49
1;15;15;40;16;6;30,00
1;15;15;48;12;16;25,10
1;15;16;23;33;5;111,00
1;15;16;23;33;14;8,00
1;15;16;23;33;13;119,00
1;15;16;23;33;2;84000,02
1;15;16;23;33;9;88032,02
1;15;16;23;33;12;78372,02
1;15;16;23;33;1;0,00
1;15;16;23;33;8;0,00
1;15;16;23;33;11;0,00
1;15;16;23;33;4;73,20
1;15;16;23;33;15;4,41
1;15;16;23;33;18;4,30
1;15;16;23;33;19;4,16
1;15;16;31;39;3;108,06
1;15;16;42;30;6;0,00
1;15;16;49;54;16;28,46
1;15;16;54;53;-1;60,00
1;15;17;1;43;6;0,00
1;15;17;8;51;16;30,00
1;15;17;33;4;3;108,88
1;15;17;40;33;-1;80,00
1;15;17;45;48;5;36,00
1;15;17;45;48;14;0,00
1;15;17;45;48;13;23,00
1;15;17;45;48;2;43200,13
1;15;17;45;48;9;47433,74
1;15;17;45;48;12;42120,13
1;15;17;45;48;1;0,00
1;15;17;45;48;8;0,00
1;15;17;45;48;11;0,00
1;15;17;45;48;4;83,59
1;15;17;45;48;15;5,51
1;15;17;45;48;18;5,14
1;15;17;45;48;19;4,73
1;15;18;0;28;3;107,09
1;15;18;41;44;6;0,00
1;15;18;46;53;5;0,00
1;15;18;46;53;14;0,00
1;15;18;46;53;13;0,00
1;15;18;46;53;2;22660,08
1;15;18;46;53;9;21300,48
1;15;18;46;53;12;20960,58
1;15;18;46;53;1;0,00
1;15;18;46;53;8;0,00
1;15;18;46;53;11;0,00
1;15;18;46;53;4;84,40
1;15;18;46;53;15;9,24
1;15;18;46;53;18;9,55
1;15;18;46;53;19;10,21
1;15;18;55;16;16;27,66
1;15;18;59;53;-1;80,00
1;15;19;3;18;6;0,00
1;15;19;13;24;-1;60,00
1;15;19;27;18;16;25,10
1;15;19;27;45;3;104,02
1;15;19;46;16;5;0,00
1;15;19;46;16;14;0,00
1;15;19;46;16;13;6,00
1;15;19;46;16;2;0,14
1;15;19;46;16;9;0,15
1;15;19;46;16;12;0,15
1;15;19;46;16;1;0,00
1;15;19;46;16;8;0,00
1;15;19;46;16;11;0,00
1;15;19;46;16;4;72,00
1;15;19;46;16;15;8,35
1;15;19;46;16;18;8,07
1;15;19;46;16;19;8,50
1;15;20;0;22;3;102,21
1;15;20;1;42;-1;60,00
1;15;20;2;44;5;59,00
1;15;20;2;44;14;19,00
1;15;20;2;44;13;69,00
1;15;20;2;44;2;0,17
1;15;20;2;44;9;0,17
1;15;20;2;44;12;0,17
1;15;20;2;44;1;1814,00
1;15;20;2;44;8;1859,35
1;15;20;2;44;11;1781,26
1;15;20;2;44;4;89,77
1;15;20;2;44;15;5,96
1;15;20;2;44;18;6,22
1;15;20;2;44;19;6,79
1;15;20;38;20;16;21,21
1;15;20;45;33;6;29,00
1;15;21;20;57;16;16,43
1;15;21;31;16;-1;60,00
1;15;21;36;13;3;95,59
1;15;21;40;51;5;34,00
1;15;21;40;51;14;53,00
1;15;21;40;51;13;34,00
1;15;21;40;51;2;0,05
1;15;21;40;51;9;0,05
1;15;21;40;51;12;0,05
1;15;21;40;51;1;0,00
1;15;21;40;51;8;0,00
1;15;21;40;51;11;0,00
1;15;21;40;51;4;78,71
1;15;21;40;51;15;4,19
1;15;21;40;51;18;3,96
1;15;21;40;51;19;3,92
1;15;21;49;21;6;63,00
1;15;22;16;46;16;13,42
1;15;22;47;47;5;84,00
1;15;22;47;47;14;27,00
1;15;22;47;47;13;98,00
1;15;22;47;47;2;0,05
1;15;22;47;47;9;0,05
1;15;22;47;47;12;0,05
1;15;22;47;47;1;0,00
1;15;22;47;47;8;0,00
1;15;22;47;47;11;0,00
1;15;22;47;47;4;73,61
1;15;22;47;47;15;2,49
1;15;22;47;47;18;2,62
1;15;22;47;47;19;2,84
1;15;22;56;5;6;38,00
1;15;22;56;23;3;92,71
1;15;22;56;41;-1;70,00
1;15;23;13;8;3;89,67
1;15;23;39;40;-1;60,00
1;15;23;48;22;16;9,49
1;15;23;50;32;6;0,00
1;15;23;59;43;5;25,00
1;15;23;59;43;14;8,00
1;15;23;59;43;13;39,00
1;15;23;59;43;2;0,13
1;15;23;59;43;9;0,14
1;15;23;59;43;12;0,12
1;15;23;59;43;1;0,00
1;15;23;59;43;8;0,00
1;15;23;59;43;11;0,00
1;15;23;59;43;4;80,47
1;15;23;59;43;15;1,58
1;15;23;59;43;18;1,46
1;15;23;59;43;19;1,51
1;16;0;3;14;3;84,35
1;16;0;9;55;6;0,00
1;16;0;23;37;-1;60,00
1;16;0;25;55;5;0,00
1;16;0;25;55;14;6,00
1;16;0;25;55;13;0,00
1;16;0;25;55;2;0,11
1;16;0;25;55;9;0,12
1;16;0;25;55;12;0,11
1;16;0;25;55;1;0,00
1;16;0;25;55;8;0,00
1;16;0;25;55;11;0,00
1;16;0;25;55;4;77,21
1;16;0;25;55;15;-0,01
1;16;0;25;55;18;-0,01
1;16;0;25;55;19;-0,01
1;16;0;34;23;16;5,69
1;16;1;2;6;-1;70,00
1;16;1;36;50;16;4,41
1;16;1;37;34;3;85,47
1;16;1;56;15;6;0,00
1;16;1;59;7;5;0,00
1;16;1;59;7;14;0,00
1;16;1;59;7;13;3,00
1;16;1;59;7;2;0,17
1;16;1;59;7;9;0,17
1;16;1;59;7;12;0,18
1;16;1;59;7;1;0,00
1;16;1;59;7;8;0,00
1;16;1;59;7;11;0,00
1;16;1;59;7;4;71,81
1;16;1;59;7;15;-3,64
1;16;1;59;7;18;-3,65
1;16;1;59;7;19;-3,98
1;16;2;28;31;5;8,00
1;16;2;28;31;14;21,00
1;16;2;28;31;13;6,00
1;16;2;28;31;2;0,12
1;16;2;28;31;9;0,12
1;16;2;28;31;12;0,12
1;16;2;28;31;1;0,00
1;16;2;28;31;8;0,00
1;16;2;28;31;11;0,00
1;16;2;28;31;4;84,85
1;16;2;28;31;15;-4,36
1;16;2;28;31;18;-4,35
1;16;2;28;31;19;-4,53
1;16;2;29;59;-1;60,00
1;16;2;38;32;3;83,37
1;16;2;54;9;6;31,00
1;16;2;59;17;16;4,02
1;16;3;0;0;6;29,00
1;16;3;19;5;-1;60,00
1;16;3;39;49;5;0,00
1;16;3;39;49;14;14,00
1;16;3;39;49;13;2,00
1;16;3;39;49;2;0,19
1;16;3;39;49;9;0,17
1;16;3;39;49;12;0,20
1;16;3;39;49;1;0,00
1;16;3;39;49;8;0,00
1;16;3;39;49;11;0,00
1;16;3;39;49;4;84,52
1;16;3;39;49;15;-6,51
1;16;3;39;49;18;-6,60
1;16;3;39;49;19;-6,19
1;16;3;41;33;3;84,08
1;16;3;47;57;16;4,76
1;16;4;0;44;-1;70,00
1;16;4;17;32;6;0,00
1;16;4;22;32;3;86,67
1;16;4;37;3;5;78,00
1;16;4;37;3;14;3,00
1;16;4;37;3;13;78,00
1;16;4;37;3;2;0,15
1;16;4;37;3;9;0,16
1;16;4;37;3;12;0,14
1;16;4;37;3;1;0,00
1;16;4;37;3;8;0,00
1;16;4;37;3;11;0,00
1;16;4;37;3;4;78,86
1;16;4;37;3;15;-8,52
1;16;4;37;3;18;-9,18
1;16;4;37;3;19;-8,42
1;16;4;37;27;16;7,20
1;16;5;8;54;-1;60,00
1;16;5;20;40;6;2,00
1;16;5;28;18;5;45,00
1;16;5;28;18;14;6,00
1;16;5;28;18;13;33,00
1;16;5;28;18;2;0,18
1;16;5;28;18;9;0,18
1;16;5;28;18;12;0,19
1;16;5;28;18;1;0,00
1;16;5;28;18;8;0,00
1;16;5;28;18;11;0,00
1;16;5;28;18;4;81,58
1;16;5;28;18;15;-12,10
1;16;5;28;18;18;-11,75
1;16;5;28;18;19;-11,75
1;16;5;49;29;16;9,86
1;16;5;54;16;3;90,26
1;16;6;0;9;3;94,90
1;16;6;15;32;16;16,10
1;16;6;19;10;5;101,00
1;16;6;19;10;14;29,00
1;16;6;19;10;13;104,00
1;16;6;19;10;2;11108,10
1;16;6;19;10;9;10497,15
1;16;6;19;10;12;10241,67
1;16;6;19;10;1;0,00
1;16;6;19;10;8;0,00
1;16;6;19;10;11;0,00
1;16;6;19;10;4;74,40
1;16;6;19;10;15;-13,50
1;16;6;19;10;18;-14,34
1;16;6;19;10;19;-13,76
1;16;6;36;7;6;38,00
1;16;6;46;19;-1;80,00
1;16;7;10;32;16;25,46
1;16;7;22;14;5;72,00
1;16;7;22;14;14;8,00
1;16;7;22;14;13;67,00
1;16;7;22;14;2;24487,13
1;16;7;22;14;9;26813,40
1;16;7;22;14;12;23923,92
1;16;7;22;14;1;0,00
1;16;7;22;14;8;0,00
1;16;7;22;14;11;0,00
1;16;7;22;14;4;83,82
1;16;7;22;14;15;-11,30
1;16;7;22;14;18;-10,80
1;16;7;22;14;19;-9,88
1;16;7;26;15;6;0,00
1;16;7;41;29;3;104,43
1;16;7;46;41;-1;60,00
1;16;8;9;2;-1;80,00
1;16;8;43;38;3;104,99
1;16;8;53;42;6;0,00
1;16;8;57;38;5;0,00
1;16;8;57;38;14;8,00
1;16;8;57;38;13;3,00
1;16;8;57;38;2;30690,18
1;16;8;57;38;9;30413,97
1;16;8;57;38;12;30229,83
1;16;8;57;38;1;0,00
1;16;8;57;38;8;0,00
1;16;8;57;38;11;0,00
1;16;8;57;38;4;78,05
1;16;8;57;38;15;-11,95
1;16;8;57;38;18;-11,40
1;16;8;57;38;19;-11,15
1;16;8;59;45;16;24,81
1;16;9;1;45;16;23,47
1;16;9;17;21;-1;80,00
1;16;9;23;22;3;102,10
1;16;9;28;37;6;0,00
1;16;9;34;14;5;59,00
1;16;9;34;14;14;10,00
1;16;9;34;14;13;65,00
1;16;9;34;14;2;49907,67
1;16;9;34;14;9;48210,81
1;16;9;34;14;12;49658,13
1;16;9;34;14;1;0,00
1;16;9;34;14;8;0,00
1;16;9;34;14;11;0,00
1;16;9;34;14;4;82,21
1;16;9;34;14;15;-12,00
1;16;9;34;14;18;-12,92
1;16;9;34;14;19;-12,14
1;16;10;4;25;5;0,00
1;16;10;4;25;14;0,00
1;16;10;4;25;13;0,00
1;16;10;4;25;2;78146,62
1;16;10;4;25;9;71973,04
1;16;10;4;25;12;84554,65
1;16;10;4;25;1;0,00
1;16;10;4;25;8;0,00
1;16;10;4;25;11;0,00
1;16;10;4;25;4;71,79
1;16;10;4;25;15;-10,10
1;16;10;4;25;18;-10,28
1;16;10;4;25;19;-10,84
1;16;10;19;56;-1;80,00
1;16;10;35;44;16;21,30
1;16;10;47;23;6;0,00
1;16;10;53;47;3;100,29
1;16;11;3;53;6;0,00
1;16;11;11;3;3;100,31
1;16;11;13;21;5;0,00
1;16;11;13;21;14;0,00
1;16;11;13;21;13;0,00
1;16;11;13;21;2;98230,10
1;16;11;13;21;9;100194,71
1;16;11;13;21;12;90961,08
1;16;11;13;21;1;0,00
1;16;11;13;21;8;0,00
1;16;11;13;21;11;0,00
1;16;11;13;21;4;79,87
1;16;11;13;21;15;-8,70
1;16;11;13;21;18;-8,42
1;16;11;13;21;19;-8,24
1;16;11;33;4;-1;80,00
1;16;11;35;29;16;21,30
1;16;12;16;5;3;105,35
1;16;12;21;51;16;23,88
1;16;12;27;54;6;0,00
1;16;12;46;42;5;0,00
1;16;12;46;42;14;0,00
1;16;12;46;42;13;13,00
1;16;12;46;42;2;85941,05
1;16;12;46;42;9;86800,46
1;16;12;46;42;12;87745,81
1;16;12;46;42;1;0,00
1;16;12;46;42;8;0,00
1;16;12;46;42;11;0,00
1;16;12;46;42;4;83,41
1;16;12;46;42;15;-7,25
1;16;12;46;42;18;-6,60
1;16;12;46;42;19;-6,45
1;16;12;59;11;-1;80,00
1;16;13;21;37;5;54,00
1;16;13;21;37;14;0,00
1;16;13;21;37;13;48,00
1;16;13;21;37;2;98370,03
1;16;13;21;37;9;99943,95
1;16;13;21;37;12;103386,90
1;16;13;21;37;1;0,00
1;16;13;21;37;8;0,00
1;16;13;21;37;11;0,00
1;16;13;21;37;4;77,65
1;16;13;21;37;15;-6,59
1;16;13;21;37;18;-6,53
1;16;13;21;37;19;-7,14
1;16;13;24;31;6;0,00
1;16;13;32;35;3;104,77
1;16;13;47;54;-1;80,00
1;16;13;52;23;16;25,46
1;16;14;0;12;6;0,00
1;16;14;6;9;5;0,00
1;16;14;6;9;14;7,00
1;16;14;6;9;13;0,00
1;16;14;6;9;2;73584,14
1;16;14;6;9;9;73731,31
1;16;14;6;9;12;71744,54
1;16;14;6;9;1;0,00
1;16;14;6;9;8;0,00
1;16;14;6;9;11;0,00
1;16;14;6;9;4;82,17
1;16;14;6;9;15;-4,60
1;16;14;6;9;18;-4,77
1;16;14;6;9;19;-4,67
1;16;14;8;36;16;24,28
1;16;14;17;24;-1;80,00
1;16;14;56;6;3;104,65
1;16;15;15;19;-1;80,00
1;16;15;19;18;6;0,00
1;16;15;48;24;3;104,68
1;16;15;50;8;16;23,47
1;16;15;53;9;5;59,00
1;16;15;53;9;14;0,00
1;16;15;53;9;13;54,00
1;16;15;53;9;2;99600,08
1;16;15;53;9;9;103484,48
1;16;15;53;9;12;102289,28
1;16;15;53;9;1;0,00
1;16;15;53;9;8;0,00
1;16;15;53;9;11;0,00
1;16;15;53;9;4;78,36
1;16;15;53;9;15;-4,15
1;16;15;53;9;18;-3,76
1;16;15;53;9;19;-3,50
1;16;16;8;34;-1;80,00
1;16;16;9;4;16;21,30
1;16;16;26;45;3;100,03
1;16;16;32;0;5;0,00
1;16;16;32;0;14;5,00
1;16;16;32;0;13;2,00
1;16;16;32;0;2;71635,32
1;16;16;32;0;9;68411,73
1;16;16;32;0;12;67050,66
1;16;16;32;0;1;0,00
1;16;16;32;0;8;0,00
1;16;16;32;0;11;0,00
1;16;16;32;0;4;74,73
1;16;16;32;0;15;0,20
1;16;16;32;0;18;0,21
1;16;16;32;0;19;0,21
1;16;16;33;7;6;0,00
1;16;17;9;8;3;100,40
1;16;17;12;8;16;19,72
1;16;17;31;57;5;48,00
1;16;17;31;57;14;0,00
1;16;17;31;57;13;46,00
1;16;17;31;57;2;65340,17
1;16;17;31;57;9;69260,58
1;16;17;31;57;12;60308,98
1;16;17;31;57;1;0,00
1;16;17;31;57;8;0,00
1;16;17;31;57;11;0,00
1;16;17;31;57;4;85,02
1;16;17;31;57;15;2,01
1;16;17;31;57;18;2,07
1;16;17;31;57;19;2,25
1;16;17;48;43;-1;80,00
1;16;17;59;9;6;0,00
1;16;18;2;56;3;99,42
1;16;18;16;24;6;37,00
1;16;18;34;11;16;18,00
1;16;18;52;3;-1;80,00
1;16;18;56;39;5;98,00
1;16;18;56;39;14;22,00
1;16;18;56;39;13;110,00
1;16;18;56;39;2;21647,45
1;16;18;56;39;9;22361,82
1;16;18;56;39;12;23314,30
1;16;18;56;39;1;0,00
1;16;18;56;39;8;0,00
1;16;18;56;39;11;0,00
1;16;18;56;39;4;76,02
1;16;18;56;39;15;4,49
1;16;18;56;39;18;4,66
1;16;18;56;39;19;4,27
1;16;19;12;16;16;18,00
1;16;19;14;36;6;70,00
1;16;19;41;57;-1;60,00
1;16;19;43;29;5;112,00
1;16;19;43;29;14;61,00
1;16;19;43;29;13;102,00
1;16;19;43;29;2;0,20
1;16;19;43;29;9;0,19
1;16;19;43;29;12;0,19
1;16;19;43;29;1;544,00
1;16;19;43;29;8;549,98
1;16;19;43;29;11;593,43
1;16;19;43;29;4;81,17
1;16;19;43;29;15;3,52
1;16;19;43;29;18;3,28
1;16;19;43;29;19;3,05
1;16;19;52;16;3;98,65
1;16;20;1;8;5;27,00
1;16;20;1;8;14;58,00
1;16;20;1;8;13;16,00
1;16;20;1;8;2;0,11
1;16;20;1;8;9;0,10
1;16;20;1;8;12;0,11
1;16;20;1;8;1;0,00
1;16;20;1;8;8;0,00
1;16;20;1;8;11;0,00
1;16;20;1;8;4;79,81
1;16;20;1;8;15;4,47
1;16;20;1;8;18;4,64
1;16;20;1;8;19;4,41
1;16;20;10;33;-1;50,00
1;16;20;37;11;16;18,00
1;16;20;56;45;6;54,00
1;16;20;59;16;3;96,64
1;16;21;6;1;5;152,00
1;16;21;6;1;14;100,00
1;16;21;6;1;13;140,00
1;16;21;6;1;2;0,17
1;16;21;6;1;9;0,17
1;16;21;6;1;12;0,19
1;16;21;6;1;1;0,00
1;16;21;6;1;8;0,00
1;16;21;6;1;11;0,00
1;16;21;6;1;4;78,47
1;16;21;6;1;15;5,05
1;16;21;6;1;18;4,59
1;16;21;6;1;19;4,79
1;16;21;33;15;16;13,94
1;16;21;37;37;-1;60,00
1;16;21;38;37;6;93,00
1;16;21;48;46;3;94,65
1;16;22;5;20;16;11,38
1;16;22;45;25;-1;60,00
1;16;22;48;39;5;139,00
1;16;22;48;39;14;60,00
1;16;22;48;39;13;146,00
1;16;22;48;39;2;0,10
1;16;22;48;39;9;0,10
1;16;22;48;39;12;0,09
1;16;22;48;39;1;0,00
1;16;22;48;39;8;0,00
1;16;22;48;39;11;0,00
1;16;22;48;39;4;84,61
1;16;22;48;39;15;3,03
1;16;22;48;39;18;2,76
1;16;22;48;39;19;2,78
1;16;22;57;1;6;71,00
1;16;22;58;33;3;92,65
1;16;23;3;57;16;8,05
1;16;23;40;30;3;88,63
1;16;23;46;5;6;12,00
1;16;23;54;57;5;36,00
1;16;23;54;57;14;25,00
1;16;23;54;57;13;51,00
1;16;23;54;57;2;0,01
1;16;23;54;57;9;0,01
1;16;23;54;57;12;0,01
1;16;23;54;57;1;0,00
1;16;23;54;57;8;0,00
1;16;23;54;57;11;0,00
1;16;23;54;57;4;81,30
1;16;23;54;57;15;-0,62
1;16;23;54;57;18;-0,64
1;16;23;54;57;19;-0,64
1;16;23;55;53;-1;60,00
1;17;0;6;30;16;7,04
1;17;0;9;47;5;59,00
1;17;0;9;47;14;0,00
1;17;0;9;47;13;64,00
1;17;0;9;47;2;0,03
1;17;0;9;47;9;0,03
1;17;0;9;47;12;0,03
1;17;0;9;47;1;0,00
1;17;0;9;47;8;0,00
1;17;0;9;47;11;0,00
1;17;0;9;47;4;83,07
1;17;0;9;47;15;-4,92
1;17;0;9;47;18;-5,03
1;17;0;9;47;19;-4,95
1;17;0;14;34;-1;70,00
1;17;0;16;6;3;88,19
1;17;0;18;23;6;0,00
1;17;1;16;27;5;25,00
1;17;1;16;27;14;2,00
1;17;1;16;27;13;30,00
1;17;1;16;27;2;0,04
1;17;1;16;27;9;0,04
1;17;1;16;27;12;0,04
1;17;1;16;27;1;0,00
1;17;1;16;27;8;0,00
1;17;1;16;27;11;0,00
1;17;1;16;27;4;73,08
1;17;1;16;27;15;-7,67
1;17;1;16;27;18;-7,47
1;17;1;16;27;19;-7,13
1;17;1;23;48;16;3,85
1;17;1;27;47;-1;60,00
1;17;1;30;5;3;84,06
1;17;1;40;46;6;0,00
1;17;2;9;47;3;82,51
1;17;2;21;15;5;0,00
1;17;2;21;15;14;0,00
1;17;2;21;15;13;0,00
1;17;2;21;15;2;0,09
1;17;2;21;15;9;0,08
1;17;2;21;15;12;0,09
1;17;2;21;15;1;0,00
1;17;2;21;15;8;0,00
1;17;2;21;15;11;0,00
1;17;2;21;15;4;76,58
1;17;2;21;15;15;-7,56
1;17;2;21;15;18;-8,09
1;17;2;21;15;19;-8,17
1;17;2;23;37;6;0,00
1;17;2;29;31;-1;60,00
1;17;2;53;23;16;3,52
1;17;3;12;7;3;83,14
1;17;3;34;49;6;32,00
1;17;3;42;40;5;0,00
1;17;3;42;40;14;22,00
1;17;3;42;40;13;0,00
1;17;3;42;40;2;0,06
1;17;3;42;40;9;0,06
1;17;3;42;40;12;0,05
1;17;3;42;40;1;0,00
1;17;3;42;40;8;0,00
1;17;3;42;40;11;0,00
1;17;3;42;40;4;74,71
1;17;3;42;40;15;-10,48
1;17;3;42;40;18;-9,67
1;17;3;42;40;19;-9,49
1;17;3;49;51;16;4,16
1;17;3;53;21;-1;70,00
1;17;4;2;57;5;25,00
1;17;4;2;57;14;5,00
1;17;4;2;57;13;10,00
1;17;4;2;57;2;0,15
1;17;4;2;57;9;0,15
1;17;4;2;57;12;0,14
1;17;4;2;57;1;0,00
1;17;4;2;57;8;0,00
1;17;4;2;57;11;0,00
1;17;4;2;57;4;80,98
1;17;4;2;57;15;-13,50
1;17;4;2;57;18;-14,39
1;17;4;2;57;19;-14,30
1;17;4;7;24;16;6,29
1;17;4;27;50;3;86,09
1;17;4;30;4;-1;60,00
1;17;4;30;8;6;18,00
1;17;5;9;23;5;0,00
1;17;5;9;23;14;18,00
1;17;5;9;23;13;0,00
1;17;5;9;23;2;0,19
1;17;5;9;23;9;0,17
1;17;5;9;23;12;0,18
1;17;5;9;23;1;0,00
1;17;5;9;23;8;0,00
1;17;5;9;23;11;0,00
1;17;5;9;23;4;76,54
1;17;5;9;23;15;-13,15
1;17;5;9;23;18;-13,23
1;17;5;9;23;19;-14,12
1;17;5;20;3;16;8,62
1;17;5;31;52;-1;60,00
1;17;5;32;55;6;33,00
1;17;5;58;37;3;87,41
1;17;6;11;35;5;0,00
1;17;6;11;35;14;42,00
1;17;6;11;35;13;10,00
1;17;6;11;35;2;7516,94
1;17;6;11;35;9;7111,02
1;17;6;11;35;12;7847,68
1;17;6;11;35;1;162,00
1;17;6;11;35;8;176,42
1;17;6;11;35;11;160,19
1;17;6;11;35;4;84,18
1;17;6;11;35;15;-11,70
1;17;6;11;35;18;-10,86
1;17;6;11;35;19;-11,79
1;17;6;12;11;3;91,12
1;17;6;18;14;-1;80,00
1;17;6;48;45;16;9,95
1;17;6;55;23;6;40,00
1;17;7;35;50;6;23,00
1;17;7;39;44;-1;80,00
1;17;7;40;35;3;90,75
1;17;7;51;12;5;92,00
1;17;7;51;12;14;12,00
1;17;7;51;12;13;84,00
1;17;7;51;12;2;13581,06
1;17;7;51;12;9;12915,59
1;17;7;51;12;12;13241,54
1;17;7;51;12;1;148,00
1;17;7;51;12;8;137,79
1;17;7;51;12;11;132,83
1;17;7;51;12;4;83,72
1;17;7;51;12;15;-9,91
1;17;7;51;12;18;-9,78
1;17;7;51;12;19;-10,03
1;17;7;52;26;16;12,19
1;17;8;0;37;5;6,00
1;17;8;0;37;14;0,00
1;17;8;0;37;13;18,00
1;17;8;0;37;2;8310,67
1;17;8;0;37;9;8427,02
1;17;8;0;37;12;8127,84
1;17;8;0;37;1;967,00
1;17;8;0;37;8;879,97
1;17;8;0;37;11;932,77
1;17;8;0;37;4;88,87
1;17;8;0;37;15;-8,30
1;17;8;0;37;18;-8,32
1;17;8;0;37;19;-8,40
1;17;8;3;23;6;0,00
1;17;8;13;38;16;15,73
1;17;8;30;21;-1;80,00
1;17;8;53;14;3;94,51
1;17;9;0;7;6;0,00
1;17;9;16;30;3;103,14
1;17;9;24;13;16;22,25
1;17;9;58;13;5;100,00
1;17;9;58;13;14;0,00
1;17;9;58;13;13;95,00
1;17;9;58;13;2;0,01
1;17;9;58;13;9;0,01
1;17;9;58;13;12;0,02
1;17;9;58;13;1;20,00
1;17;9;58;13;8;18,00
1;17;9;58;13;11;17,46
1;17;9;58;13;4;84,70
1;17;9;58;13;15;-7,46
1;17;9;58;13;18;-7,53
1;17;9;58;13;19;-7,21
1;17;9;58;19;-1;60,00
1;17;10;26;11;5;0,00
1;17;10;26;11;14;4,00
1;17;10;26;11;13;0,00
1;17;10;26;11;2;0,18
1;17;10;26;11;9;0,19
1;17;10;26;11;12;0,17
1;17;10;26;11;1;90,00
1;17;10;26;11;8;89,46
1;17;10;26;11;11;96,53
1;17;10;26;11;4;82,07
1;17;10;26;11;15;-6,91
1;17;10;26;11;18;-7,41
1;17;10;26;11;19;-7,41
1;17;10;30;23;16;19,90
1;17;10;46;44;-1;60,00
1;17;10;52;41;6;0,00
1;17;10;57;39;3;101,34
1;17;11;0;10;16;17,23
1;17;11;9;22;3;97,00
1;17;11;11;11;5;0,00
1;17;11;11;11;14;0,00
1;17;11;11;11;13;1,00
1;17;11;11;11;2;9360,18
1;17;11;11;11;9;9669,06
1;17;11;11;11;12;9594,18
1;17;11;11;11;1;1195,00
1;17;11;11;11;8;1218,90
1;17;11;11;11;11;1338,35
1;17;11;11;11;4;91,65
1;17;11;11;11;15;-7,12
1;17;11;11;11;18;-7,26
1;17;11;11;11;19;-7,68
1;17;11;21;48;-1;70,00
1;17;11;42;44;6;0,00
1;17;12;0;0;3;96,16
1;17;12;3;3;16;15,73
1;17;12;5;36;6;15,00
1;17;12;13;36;5;0,00
1;17;12;13;36;14;0,00
1;17;12;13;36;13;4,00
1;17;12;13;36;2;0,09
1;17;12;13;36;9;0,08
1;17;12;13;36;12;0,08
1;17;12;13;36;1;2134,00
1;17;12;13;36;8;2012,36
1;17;12;13;36;11;2014,37
1;17;12;13;36;4;100,00
1;17;12;13;36;15;-9,10
1;17;12;13;36;18;-9,62
1;17;12;13;36;19;-9,42
1;17;12;53;15;-1;50,00
1;17;13;5;12;-1;40,00
1;17;13;11;10;16;14,92
1;17;13;17;36;5;0,00
1;17;13;17;36;14;7,00
1;17;13;17;36;13;0,00
1;17;13;17;36;2;0,05
1;17;13;17;36;9;0,05
1;17;13;17;36;12;0,05
1;17;13;17;36;1;367,00
1;17;13;17;36;8;371,04
1;17;13;17;36;11;369,55
1;17;13;17;36;4;78,73
1;17;13;17;36;15;-12,96
1;17;13;17;36;18;-11,87
1;17;13;17;36;19;-11,62
1;17;13;39;6;3;95,84
1;17;13;43;45;6;0,00
1;17;14;14;55;5;0,00
1;17;14;14;55;14;2,00
1;17;14;14;55;13;9,00
1;17;14;14;55;2;0,04
1;17;14;14;55;9;0,04
1;17;14;14;55;12;0,04
1;17;14;14;55;1;1860,00
1;17;14;14;55;8;1899,06
1;17;14;14;55;11;1940,84
1;17;14;14;55;4;95,12
1;17;14;14;55;15;-13,50
1;17;14;14;55;18;-14,20
1;17;14;14;55;19;-13,53
1;17;14;15;18;-1;60,00
1;17;14;37;38;16;16,50
1;17;14;51;15;3;96,30
1;17;14;56;30;6;0,00
1;17;15;3;22;16;17,23
1;17;15;30;8;-1;70,00
1;17;15;35;54;6;13,00
1;17;15;41;25;3;96,43
1;17;15;56;7;5;87,00
1;17;15;56;7;14;27,00
1;17;15;56;7;13;97,00
1;17;15;56;7;2;0,14
1;17;15;56;7;9;0,13
1;17;15;56;7;12;0,15
1;17;15;56;7;1;1083,00
1;17;15;56;7;8;1028,85
1;17;15;56;7;11;1127,62
1;17;15;56;7;4;92,72
1;17;15;56;7;15;-13,50
1;17;15;56;7;18;-12,54
1;17;15;56;7;19;-12,17
1;17;16;0;27;16;18,61
1;17;16;0;35;-1;80,00
1;17;16;1;20;6;0,00
1;17;16;47;27;5;0,00
1;17;16;47;27;14;9,00
1;17;16;47;27;13;4,00
1;17;16;47;27;2;21136,09
1;17;16;47;27;9;19994,74
1;17;16;47;27;12;21474,27
1;17;16;47;27;1;431,00
1;17;16;47;27;8;418,93
1;17;16;47;27;11;452,45
1;17;16;47;27;4;82,88
1;17;16;47;27;15;-13,50
1;17;16;47;27;18;-12,54
1;17;16;47;27;19;-12,24
1;17;16;54;15;3;98,67
1;17;17;32;46;6;15,00
1;17;17;33;26;5;89,00
1;17;17;33;26;14;11,00
1;17;17;33;26;13;104,00
1;17;17;33;26;2;28290,12
1;17;17;33;26;9;27299,97
1;17;17;33;26;12;28997,38
1;17;17;33;26;1;1781,00
1;17;17;33;26;8;1711,54
1;17;17;33;26;11;1872,43
1;17;17;33;26;4;93,95
1;17;17;33;26;15;-11,55
1;17;17;33;26;18;-11,69
1;17;17;33;26;19;-12,31
1;17;17;42;51;3;99,40
1;17;17;52;0;16;19,90
1;17;17;58;2;-1;70,00
1;17;18;1;12;5;0,00
1;17;18;1;12;14;7,00
1;17;18;1;12;13;9,00
1;17;18;1;12;2;11198,04
1;17;18;1;12;9;10235,01
1;17;18;1;12;12;10470,17
1;17;18;1;12;1;1509,00
1;17;18;1;12;8;1625,19
1;17;18;1;12;11;1756,83
1;17;18;1;12;4;95,87
1;17;18;1;12;15;-9,20
1;17;18;1;12;18;-9,49
1;17;18;1;12;19;-8,97
1;17;18;6;12;16;22,25
1;17;18;12;35;-1;60,00
1;17;18;43;59;3;103,50
1;17;18;53;17;6;0,00
1;17;19;0;50;-1;60,00
1;17;19;14;38;6;21,00
1;17;19;22;44;3;101,59
1;17;19;23;13;5;100,00
1;17;19;23;13;14;24,00
1;17;19;23;13;13;86,00
1;17;19;23;13;2;0,13
1;17;19;23;13;9;0,12
1;17;19;23;13;12;0,11
1;17;19;23;13;1;0,00
1;17;19;23;13;8;0,00
1;17;19;23;13;11;0,00
1;17;19;23;13;4;80,85
1;17;19;23;13;15;-6,31
1;17;19;23;13;18;-5,72
1;17;19;23;13;19;-5,60
1;17;19;40;27;16;20,51
1;17;20;11;39;-1;60,00
1;17;20;26;25;3;99,32
1;17;20;27;36;6;5,00
1;17;20;28;59;16;19,27
1;17;20;51;57;5;0,00
1;17;20;51;57;14;17,00
1;17;20;51;57;13;0,00
1;17;20;51;57;2;0,09
1;17;20;51;57;9;0,09
1;17;20;51;57;12;0,10
1;17;20;51;57;1;0,00
1;17;20;51;57;8;0,00
1;17;20;51;57;11;0,00
1;17;20;51;57;4;74,58
1;17;20;51;57;15;-8,17
1;17;20;51;57;18;-8,34
1;17;20;51;57;19;-8,61
1;17;21;1;22;-1;70,00
1;17;21;19;58;6;0,00
1;17;21;43;35;5;0,00
1;17;21;43;35;14;0,00
1;17;21;43;35;13;0,00
1;17;21;43;35;2;0,16
1;17;21;43;35;9;0,16
1;17;21;43;35;12;0,17
1;17;21;43;35;1;0,00
1;17;21;43;35;8;0,00
1;17;21;43;35;11;0,00
1;17;21;43;35;4;84,52
1;17;21;43;35;15;-11,43
1;17;21;43;35;18;-12,48
1;17;21;43;35;19;-13,59
1;17;21;47;18;3;97,16
1;17;21;49;3;16;17,94
1;17;22;5;52;5;9,00
1;17;22;5;52;14;16,00
1;17;22;5;52;13;0,00
1;17;22;5;52;2;0,15
1;17;22;5;52;9;0,15
1;17;22;5;52;12;0,15
1;17;22;5;52;1;0,00
1;17;22;5;52;8;0,00
1;17;22;5;52;11;0,00
1;17;22;5;52;4;76,23
1;17;22;5;52;15;-12,17
1;17;22;5;52;18;-11,94
1;17;22;5;52;19;-12,63
1;17;22;24;25;-1;60,00
1;17;22;31;0;3;94,51
1;17;22;53;56;16;14,07
1;17;22;58;57;6;14,00
1;17;23;3;12;16;8,62
1;17;23;3;35;3;88,19
1;17;23;24;46;6;35,00
1;17;23;27;0;5;47,00
1;17;23;27;0;14;20,00
1;17;23;27;0;13;40,00
1;17;23;27;0;2;0,09
1;17;23;27;0;9;0,09
1;17;23;27;0;12;0,09
1;17;23;27;0;1;0,00
1;17;23;27;0;8;0,00
1;17;23;27;0;11;0,00
1;17;23;27;0;4;81,73
1;17;23;27;0;15;-13,17
1;17;23;27;0;18;-11,97
1;17;23;27;0;19;-11,36
1;17;23;35;12;-1;70,00
1;18;0;15;43;3;82,45
1;18;0;17;33;5;35,00
1;18;0;17;33;14;12,00
1;18;0;17;33;13;46,00
1;18;0;17;33;2;0,03
1;18;0;17;33;9;0,03
1;18;0;17;33;12;0,03
1;18;0;17;33;1;0,00
1;18;0;17;33;8;0,00
1;18;0;17;33;11;0,00
1;18;0;17;33;4;82,73
1;18;0;17;33;15;-12,55
1;18;0;17;33;18;-11,86
1;18;0;17;33;19;-11,76
1;18;0;27;20;16;3,89
1;18;0;34;38;6;0,00
1;18;0;44;38;-1;60,00
1;18;1;0;9;16;3,07
1;18;1;14;48;-1;60,00
1;18;1;16;40;3;82,76
1;18;1;26;56;5;48,00
1;18;1;26;56;14;24,00
1;18;1;26;56;13;33,00
1;18;1;26;56;2;0,14
1;18;1;26;56;9;0,15
1;18;1;26;56;12;0,14
1;18;1;26;56;1;0,00
1;18;1;26;56;8;0,00
1;18;1;26;56;11;0,00
1;18;1;26;56;4;79,69
1;18;1;26;56;15;-13,50
1;18;1;26;56;18;-14,03
1;18;1;26;56;19;-15,42
1;18;1;35;22;6;10,00
1;18;2;0;4;5;32,00
1;18;2;0;4;14;57,00
1;18;2;0;4;13;31,00
1;18;2;0;4;2;0,03
1;18;2;0;4;9;0,03
1;18;2;0;4;12;0,03
1;18;2;0;4;1;0,00
1;18;2;0;4;8;0,00
1;18;2;0;4;11;0,00
1;18;2;0;4;4;71,39
1;18;2;0;4;15;-13,50
1;18;2;0;4;18;-13,16
1;18;2;0;4;19;-13,47
1;18;2;7;46;3;83,62
1;18;2;16;56;6;43,00
1;18;2;20;47;16;2,38
1;18;2;41;2;-1;60,00
1;18;3;21;34;-1;60,00
1;18;3;34;41;16;1,94
1;18;3;39;55;5;0,00
1;18;3;39;55;14;77,00
1;18;3;39;55;13;0,00
1;18;3;39;55;2;0,16
1;18;3;39;55;9;0,15
1;18;3;39;55;12;0,16
1;18;3;39;55;1;0,00
1;18;3;39;55;8;0,00
1;18;3;39;55;11;0,00
1;18;3;39;55;4;79,70
1;18;3;39;55;15;-13,00
1;18;3;39;55;18;-13,49
1;18;3;39;55;19;-14,57
1;18;3;50;21;6;70,00
1;18;3;58;41;3;81,57
1;18;4;12;59;5;142,00
1;18;4;12;59;14;94,00
1;18;4;12;59;13;137,00
1;18;4;12;59;2;0,03
1;18;4;12;59;9;0,03
1;18;4;12;59;12;0,03
1;18;4;12;59;1;0,00
1;18;4;12;59;8;0,00
1;18;4;12;59;11;0,00
1;18;4;12;59;4;71,08
1;18;4;12;59;15;-13,50
1;18;4;12;59;18;-13,61
1;18;4;12;59;19;-13,27
1;18;4;13;54;16;2,38
1;18;4;28;42;3;81,49
1;18;4;53;39;6;108,00
1;18;4;57;6;-1;60,00
1;18;5;18;10;16;2,75
1;18;5;23;35;3;84,20
1;18;5;31;30;6;63,00
1;18;5;53;5;5;157,00
1;18;5;53;5;14;61,00
1;18;5;53;5;13;166,00
1;18;5;53;5;2;0,00
1;18;5;53;5;9;0,00
1;18;5;53;5;12;0,00
1;18;5;53;5;1;0,00
1;18;5;53;5;8;0,00
1;18;5;53;5;11;0,00
1;18;5;53;5;4;81,73
1;18;5;53;5;15;-12,15
1;18;5;53;5;18;-13,00
1;18;5;53;5;19;-13,92
1;18;5;54;26;-1;60,00
1;18;6;0;32;16;3,07
1;18;6;11;59;6;97,00
1;18;6;24;58;5;93,00
1;18;6;24;58;14;100,00
1;18;6;24;58;13;100,00
1;18;6;24;58;2;9880,36
1;18;6;24;58;9;10236,05
1;18;6;24;58;12;9257,90
1;18;6;24;58;1;0,00
1;18;6;24;58;8;0,00
1;18;6;24;58;11;0,00
1;18;6;24;58;4;77,20
1;18;6;24;58;15;-11,65
1;18;6;24;58;18;-10,90
1;18;6;24;58;19;-10,36
1;18;6;39;20;3;83,84
1;18;6;52;15;-1;80,00
1;18;7;17;36;3;84,04
1;18;7;21;59;6;115,00
1;18;7;26;56;-1;80,00
1;18;7;54;42;16;3,89
1;18;7;54;46;5;149,00
1;18;7;54;46;14;100,00
1;18;7;54;46;13;145,00
1;18;7;54;46;2;24825,18
1;18;7;54;46;9;24899,66
1;18;7;54;46;12;25272,04
1;18;7;54;46;1;0,00
1;18;7;54;46;8;0,00
1;18;7;54;46;11;0,00
1;18;7;54;46;4;86,39
1;18;7;54;46;15;-10,57
1;18;7;54;46;18;-11,39
1;18;7;54;46;19;-11,94
1;18;8;9;15;6;59,00
1;18;8;25;40;3;85,50
1;18;8;27;6;-1;80,00
1;18;8;56;8;5;215,00
1;18;8;56;8;14;66,00
1;18;8;56;8;13;227,00
1;18;8;56;8;2;27820,85
1;18;8;56;8;9;29128,43
1;18;8;56;8;12;29267,53
1;18;8;56;8;1;0,00
1;18;8;56;8;8;0,00
1;18;8;56;8;11;0,00
1;18;8;56;8;4;72,90
1;18;8;56;8;15;-11,25
1;18;8;56;8;18;-11,18
1;18;8;56;8;19;-12,05
1;18;8;58;4;16;5,32
1;18;9;2;24;6;93,00
1;18;9;14;54;5;97,00
1;18;9;14;54;14;99,00
1;18;9;14;54;13;102,00
1;18;9;14;54;2;39987,36
1;18;9;14;54;9;42506,56
1;18;9;14;54;12;42666,51
1;18;9;14;54;1;0,00
1;18;9;14;54;8;0,00
1;18;9;14;54;11;0,00
1;18;9;14;54;4;84,88
1;18;9;14;54;15;-11,12
1;18;9;14;54;18;-10,98
1;18;9;14;54;19;-11,48
1;18;9;32;10;16;8,69
1;18;9;33;40;-1;80,00
1;18;9;39;46;3;89,92
1;18;10;0;54;6;98,00
1;18;10;14;28;16;13,75
1;18;10;35;43;3;94,60
1;18;10;37;44;-1;80,00
1;18;10;59;48;5;105,00
1;18;10;59;48;14;97,00
1;18;10;59;48;13;119,00
1;18;10;59;48;2;47322,95
1;18;10;59;48;9;51250,76
1;18;10;59;48;12;50304,30
1;18;10;59;48;1;523,00
1;18;10;59;48;8;561,18
1;18;10;59;48;11;610,56
1;18;10;59;48;4;88,26
1;18;10;59;48;15;-9,30
1;18;10;59;48;18;-8,37
1;18;10;59;48;19;-8,24
1;18;11;1;1;6;98,00
1;18;11;14;54;5;68,00
1;18;11;14;54;14;84,00
1;18;11;14;54;13;78,00
1;18;11;14;54;2;65472,19
1;18;11;14;54;9;63508,03
1;18;11;14;54;12;68352,97
1;18;11;14;54;1;0,00
1;18;11;14;54;8;0,00
1;18;11;14;54;11;0,00
1;18;11;14;54;4;82,44
1;18;11;14;54;15;-8,04
1;18;11;14;54;18;-7,86
1;18;11;14;54;19;-7,49
1;18;11;27;44;3;90,01
1;18;11;33;18;-1;80,00
1;18;11;53;54;16;10,65
1;18;12;26;6;6;63,00
1;18;12;30;41;5;8,00
1;18;12;30;41;14;78,00
1;18;12;30;41;13;23,00
1;18;12;30;41;2;67725,02
1;18;12;30;41;9;63051,99
1;18;12;30;41;12;64135,59
1;18;12;30;41;1;0,00
1;18;12;30;41;8;0,00
1;18;12;30;41;11;0,00
1;18;12;30;41;4;86,05
1;18;12;30;41;15;-7,37
1;18;12;30;41;18;-7,48
1;18;12;30;41;19;-6,87
1;18;12;52;35;-1;80,00
1;18;12;52;37;16;9,72
1;18;12;57;43;3;90,63
1;18;13;2;17;16;9,22
1;18;13;22;3;-1;60,00
1;18;13;23;52;6;53,00
1;18;13;39;41;3;90,34
1;18;13;49;29;5;38,00
1;18;13;49;29;14;41,00
1;18;13;49;29;13;37,00
1;18;13;49;29;2;90048,10
1;18;13;49;29;9;96711,66
1;18;13;49;29;12;85635,74
1;18;13;49;29;1;0,00
1;18;13;49;29;8;0,00
1;18;13;49;29;11;0,00
1;18;13;49;29;4;84,30
1;18;13;49;29;15;-7,95
1;18;13;49;29;18;-7,95
1;18;13;49;29;19;-8,22
1;18;14;35;33;3;91,35
1;18;14;42;37;5;0,00
1;18;14;42;37;14;53,00
1;18;14;42;37;13;14,00
1;18;14;42;37;2;75044,00
1;18;14;42;37;9;76094,62
1;18;14;42;37;12;75119,05
1;18;14;42;37;1;0,00
1;18;14;42;37;8;0,00
1;18;14;42;37;11;0,00
1;18;14;42;37;4;84,84
1;18;14;42;37;15;-6,52
1;18;14;42;37;18;-5,92
1;18;14;42;37;19;-5,80
1;18;14;45;59;-1;80,00
1;18;14;52;0;6;60,00
1;18;14;56;44;16;10,20
1;18;15;0;59;6;36,00
1;18;15;9;28;3;92,72
1;18;15;11;20;5;131,00
1;18;15;11;20;14;42,00
1;18;15;11;20;13;140,00
1;18;15;11;20;2;105300,02
1;18;15;11;20;9;113513,42
1;18;15;11;20;12;95296,51
1;18;15;11;20;1;0,00
1;18;15;11;20;8;0,00
1;18;15;11;20;11;0,00
1;18;15;11;20;4;81,27
1;18;15;11;20;15;-4,06
1;18;15;11;20;18;-4,04
1;18;15;11;20;19;-3,93
1;18;15;34;14;-1;80,00
1;18;15;38;18;16;11,50
1;18;16;7;35;5;23,00
1;18;16;7;35;14;0,00
1;18;16;7;35;13;11,00
1;18;16;7;35;2;87010,60
1;18;16;7;35;9;84748,32
1;18;16;7;35;12;85444,41
1;18;16;7;35;1;0,00
1;18;16;7;35;8;0,00
1;18;16;7;35;11;0,00
1;18;16;7;35;4;72,08
1;18;16;7;35;15;-1,93
1;18;16;7;35;18;-2,04
1;18;16;7;35;19;-2,21
1;18;16;9;3;-1;60,00
1;18;16;9;23;6;0,00
1;18;16;24;46;3;93,98
1;18;16;44;33;16;13,04
1;18;17;29;13;16;13,75
1;18;17;32;3;5;0,00
1;18;17;32;3;14;3,00
1;18;17;32;3;13;0,00
1;18;17;32;3;2;65940,04
1;18;17;32;3;9;72336,23
1;18;17;32;3;12;59543,86
1;18;17;32;3;1;0,00
1;18;17;32;3;8;0,00
1;18;17;32;3;11;0,00
1;18;17;32;3;4;83,75
1;18;17;32;3;15;0,65
1;18;17;32;3;18;0,63
1;18;17;32;3;19;0,57
1;18;17;32;42;-1;80,00
1;18;17;34;40;3;94,68
1;18;17;48;21;6;0,00
1;18;18;10;54;5;0,00
1;18;18;10;54;14;14,00
1;18;18;10;54;13;14,00
1;18;18;10;54;2;25075,05
1;18;18;10;54;9;22793,22
1;18;18;10;54;12;24247,57
1;18;18;10;54;1;0,00
1;18;18;10;54;8;0,00
1;18;18;10;54;11;0,00
1;18;18;10;54;4;76,79
1;18;18;10;54;15;0,14
1;18;18;10;54;18;0,15
1;18;18;10;54;19;0,16
1;18;18;19;12;6;0,00
1;18;18;41;23;16;12,67
1;18;18;42;8;-1;80,00
1;18;18;51;53;3;92,21
1;18;19;14;37;-1;60,00
1;18;19;18;40;3;92,31
1;18;19;41;49;16;11,50
1;18;19;52;1;5;67,00
1;18;19;52;1;14;23,00
1;18;19;52;1;13;81,00
1;18;19;52;1;2;0,09
1;18;19;52;1;9;0,09
1;18;19;52;1;12;0,09
1;18;19;52;1;1;0,00
1;18;19;52;1;8;0,00
1;18;19;52;1;11;0,00
1;18;19;52;1;4;80,22
1;18;19;52;1;15;-1,04
1;18;19;52;1;18;-1,09
1;18;19;52;1;19;-1,05
1;18;19;55;57;6;9,00
1;18;20;3;27;-1;60,00
1;18;20;12;41;6;9,00
1;18;20;18;43;3;90,99
1;18;20;22;52;16;9,72
1;18;20;34;58;5;37,00
1;18;20;34;58;14;16,00
1;18;20;34;58;13;47,00
1;18;20;34;58;2;0,09
1;18;20;34;58;9;0,10
1;18;20;34;58;12;0,09
1;18;20;34;58;1;0,00
1;18;20;34;58;8;0,00
1;18;20;34;58;11;0,00
1;18;20;34;58;4;86,79
1;18;20;34;58;15;-4,06
1;18;20;34;58;18;-3,96
1;18;20;34;58;19;-3,73
1;18;21;3;15;5;97,00
1;18;21;3;15;14;18,00
1;18;21;3;15;13;84,00
1;18;21;3;15;2;0,11
1;18;21;3;15;9;0,12
1;18;21;3;15;12;0,12
1;18;21;3;15;1;0,00
1;18;21;3;15;8;0,00
1;18;21;3;15;11;0,00
1;18;21;3;15;4;71,47
1;18;21;3;15;15;-8,18
1;18;21;3;15;18;-8,36
1;18;21;3;15;19;-8,48
1;18;21;9;31;-1;70,00
1;18;21;21;38;3;87,00
1;18;21;42;3;16;7,53
1;18;21;56;3;6;13,00
1;18;22;11;6;6;0,00
1;18;22;11;23;-1;70,00
1;18;22;40;44;16;6,15
1;18;22;42;26;3;86,63
1;18;22;51;33;5;0,00
1;18;22;51;33;14;13,00
1;18;22;51;33;13;0,00
1;18;22;51;33;2;0,13
1;18;22;51;33;9;0,12
1;18;22;51;33;12;0,14
1;18;22;51;33;1;0,00
1;18;22;51;33;8;0,00
1;18;22;51;33;11;0,00
1;18;22;51;33;4;78,48
1;18;22;51;33;15;-10,18
1;18;22;51;33;18;-10,58
1;18;22;51;33;19;-10,42
1;18;23;33;17;6;0,00
1;18;23;34;27;-1;60,00
1;18;23;39;56;5;6,00
1;18;23;39;56;14;1,00
1;18;23;39;56;13;4,00
1;18;23;39;56;2;0,10
1;18;23;39;56;9;0,10
1;18;23;39;56;12;0,11
1;18;23;39;56;1;0,00
1;18;23;39;56;8;0,00
1;18;23;39;56;11;0,00
1;18;23;39;56;4;72,81
1;18;23;39;56;15;-11,46
1;18;23;39;56;18;-12,53
1;18;23;39;56;19;-11,71
1;18;23;49;57;3;84,35
1;18;23;50;9;16;4,35
1;19;0;7;15;3;87,98
1;19;0;7;46;-1;70,00
1;19;0;28;26;6;0,00
1;19;0;39;26;5;0,00
1;19;0;39;26;14;0,00
1;19;0;39;26;13;0,00
1;19;0;39;26;2;0,18
1;19;0;39;26;9;0,17
1;19;0;39;26;12;0,18
1;19;0;39;26;1;0,00
1;19;0;39;26;8;0,00
1;19;0;39;26;11;0,00
1;19;0;39;26;4;85,44
1;19;0;39;26;15;-12,61
1;19;0;39;26;18;-13,29
1;19;0;39;26;19;-12,79
1;19;0;54;35;16;6,71
1;19;1;5;59;5;0,00
1;19;1;5;59;14;10,00
1;19;1;5;59;13;0,00
1;19;1;5;59;2;0,17
1;19;1;5;59;9;0,16
1;19;1;5;59;12;0,15
1;19;1;5;59;1;0,00
1;19;1;5;59;8;0,00
1;19;1;5;59;11;0,00
1;19;1;5;59;4;80,10
1;19;1;5;59;15;-13,50
1;19;1;5;59;18;-14,45
1;19;1;5;59;19;-14,84
1;19;1;14;27;-1;60,00
1;19;1;50;48;6;24,00
1;19;1;55;44;16;5,20
1;19;1;57;55;3;85,87
1;19;2;20;38;6;13,00
1;19;2;29;35;-1;50,00
1;19;2;39;19;3;84,74
1;19;2;51;55;5;106,00
1;19;2;51;55;14;3,00
1;19;2;51;55;13;110,00
1;19;2;51;55;2;0,09
1;19;2;51;55;9;0,09
1;19;2;51;55;12;0,08
1;19;2;51;55;1;0,00
1;19;2;51;55;8;0,00
1;19;2;51;55;11;0,00
1;19;2;51;55;4;73,09
1;19;2;51;55;15;-13,50
1;19;2;51;55;18;-14,31
1;19;2;51;55;19;-15,48
1;19;2;59;17;16;4,74
1;19;3;2;30;3;85,69
1;19;3;16;24;6;28,00
1;19;3;21;58;-1;60,00
1;19;3;30;5;16;5,61
1;19;3;47;33;5;0,00
1;19;3;47;33;14;15,00
1;19;3;47;33;13;1,00
1;19;3;47;33;2;0,14
1;19;3;47;33;9;0,14
1;19;3;47;33;12;0,16
1;19;3;47;33;1;0,00
1;19;3;47;33;8;0,00
1;19;3;47;33;11;0,00
1;19;3;47;33;4;83,24
1;19;3;47;33;15;-13,50
1;19;3;47;33;18;-13,93
1;19;3;47;33;19;-13,24
1;19;4;8;37;6;10,00
1;19;4;20;14;-1;60,00
1;19;4;32;13;5;0,00
1;19;4;32;13;14;14,00
1;19;4;32;13;13;6,00
1;19;4;32;13;2;0,18
1;19;4;32;13;9;0,17
1;19;4;32;13;12;0,18
1;19;4;32;13;1;0,00
1;19;4;32;13;8;0,00
1;19;4;32;13;11;0,00
1;19;4;32;13;4;80,77
1;19;4;32;13;15;-13,50
1;19;4;32;13;18;-12,73
1;19;4;32;13;19;-11,94
1;19;4;36;18;3;88,40
1;19;4;50;55;16;8,49
1;19;5;15;29;-1;60,00
1;19;5;29;25;3;92,57
1;19;5;36;22;5;0,00
1;19;5;36;22;14;35,00
1;19;5;36;22;13;0,00
1;19;5;36;22;2;0,18
1;19;5;36;22;9;0,19
1;19;5;36;22;12;0,19
1;19;5;36;22;1;0,00
1;19;5;36;22;8;0,00
1;19;5;36;22;11;0,00
1;19;5;36;22;4;72,19
1;19;5;36;22;15;-12,45
1;19;5;36;22;18;-13,41
1;19;5;36;22;19;-14,48
1;19;5;43;43;6;42,00
1;19;5;59;4;16;11,62
1;19;6;14;29;-1;80,00
1;19;6;15;12;5;96,00
1;19;6;15;12;14;70,00
1;19;6;15;12;13;95,00
1;19;6;15;12;2;10542,00
1;19;6;15;12;9;11448,61
1;19;6;15;12;12;11564,57
1;19;6;15;12;1;0,00
1;19;6;15;12;8;0,00
1;19;6;15;12;11;0,00
1;19;6;15;12;4;74,21
1;19;6;15;12;15;-13,10
1;19;6;15;12;18;-13,52
1;19;6;15;12;19;-14,59
1;19;6;23;54;3;105,30
1;19;6;46;30;6;71,00
1;19;6;55;39;16;24,19
1;19;7;18;52;16;30,00
1;19;7;19;6;-1;80,00
1;19;7;38;5;3;109,16
1;19;7;43;42;6;6,00
1;19;7;58;20;5;23,00
1;19;7;58;20;14;9,00
1;19;7;58;20;13;14,00
1;19;7;58;20;2;21340,10
1;19;7;58;20;9;21916,28
1;19;7;58;20;12;19867,63
1;19;7;58;20;1;0,00
1;19;7;58;20;8;0,00
1;19;7;58;20;11;0,00
1;19;7;58;20;4;83,57
1;19;7;58;20;15;-11,25
1;19;7;58;20;18;-12,06
1;19;7;58;20;19;-11,03
1;19;8;22;12;3;108,20
1;19;8;23;30;6;0,00
1;19;8;24;59;5;0,00
1;19;8;24;59;14;1,00
1;19;8;24;59;13;9,00
1;19;8;24;59;2;18990,64
1;19;8;24;59;9;18098,08
1;19;8;24;59;12;18003,13
1;19;8;24;59;1;0,00
1;19;8;24;59;8;0,00
1;19;8;24;59;11;0,00
1;19;8;24;59;4;81,49
1;19;8;24;59;15;-11,25
1;19;8;24;59;18;-11,18
1;19;8;24;59;19;-11,29
1;19;8;35;2;16;29,24
1;19;8;42;24;-1;80,00
1;19;9;0;3;6;0,00
1;19;9;6;59;3;107,86
1;19;9;33;34;16;27,66
1;19;9;42;42;5;0,00
1;19;9;42;42;14;4,00
1;19;9;42;42;13;1,00
1;19;9;42;42;2;18409,78
1;19;9;42;42;9;16605,62
1;19;9;42;42;12;16826,54
1;19;9;42;42;1;2102,00
1;19;9;42;42;8;1914,92
1;19;9;42;42;11;1909,18
1;19;9;42;42;4;96,82
1;19;9;42;42;15;-9,27
1;19;9;42;42;18;-9,16
1;19;9;42;42;19;-8,32
1;19;9;47;2;-1;70,00
1;19;10;9;26;6;0,00
1;19;10;18;48;3;105,03
1;19;10;24;11;-1;70,00
1;19;10;35;57;16;25,10
1;19;10;49;3;5;0,00
1;19;10;49;3;14;0,00
1;19;10;49;3;13;0,00
1;19;10;49;3;2;8101,54
1;19;10;49;3;9;8101,54
1;19;10;49;3;12;7502,03
1;19;10;49;3;1;1204,00
1;19;10;49;3;8;1142,60
1;19;10;49;3;11;1064,90
1;19;10;49;3;4;95,23
1;19;10;49;3;15;-7,08
1;19;10;49;3;18;-7,26
1;19;10;49;3;19;-6,96
1;19;11;7;18;6;14,00
1;19;11;12;38;16;23,24
1;19;11;14;17;3;102,43
1;19;11;49;29;-1;60,00
1;19;11;51;52;5;0,00
1;19;11;51;52;14;6,00
1;19;11;51;52;13;0,00
1;19;11;51;52;2;40920,13
1;19;11;51;52;9;42393,25
1;19;11;51;52;12;42352,33
1;19;11;51;52;1;1481,00
1;19;11;51;52;8;1334,38
1;19;11;51;52;11;1203,61
1;19;11;51;52;4;87,94
1;19;11;51;52;15;-8,54
1;19;11;51;52;18;-8,04
1;19;11;51;52;19;-7,35
1;19;12;2;25;5;0,00
1;19;12;2;25;14;4,00
1;19;12;2;25;13;0,00
1;19;12;2;25;2;48720,19
1;19;12;2;25;9;50279,23
1;19;12;2;25;12;44432,81
1;19;12;2;25;1;1643,00
1;19;12;2;25;8;1588,78
1;19;12;2;25;11;1520,46
1;19;12;2;25;4;88,91
1;19;12;2;25;15;-9,60
1;19;12;2;25;18;-8,83
1;19;12;2;25;19;-9,52
1;19;12;3;1;6;6,00
1;19;12;12;6;-1;70,00
1;19;12;40;52;16;21,21
1;19;12;50;20;3;102,52
1;19;13;5;57;3;99,32
1;19;13;8;35;16;20,12
1;19;13;11;17;5;0,00
1;19;13;11;17;14;0,00
1;19;13;11;17;13;0,00
1;19;13;11;17;2;44075,13
1;19;13;11;17;9;39843,91
1;19;13;11;17;12;45749,98
1;19;13;11;17;1;1083,00
1;19;13;11;17;8;1052,68
1;19;13;11;17;11;996,88
1;19;13;11;17;4;93,28
1;19;13;11;17;15;-11,10
1;19;13;11;17;18;-10,57
1;19;13;11;17;19;-9,84
1;19;13;33;43;-1;60,00
1;19;13;49;59;6;0,00
1;19;14;0;1;16;22,25
1;19;14;5;21;6;0,00
1;19;14;23;23;3;101,59
1;19;14;50;18;-1;80,00
1;19;14;59;19;5;0,00
1;19;14;59;19;14;9,00
1;19;14;59;19;13;4,00
1;19;14;59;19;2;57057,18
1;19;14;59;19;9;55459,58
1;19;14;59;19;12;60651,78
1;19;14;59;19;1;614,00
1;19;14;59;19;8;660,05
1;19;14;59;19;11;681,17
1;19;14;59;19;4;88,19
1;19;14;59;19;15;-11,45
1;19;14;59;19;18;-12,37
1;19;14;59;19;19;-11,76
1;19;15;0;58;6;0,00
1;19;15;4;34;3;106,12
1;19;15;10;25;-1;80,00
1;19;15;43;32;5;8,00
1;19;15;43;32;14;0,00
1;19;15;43;32;13;19,00
1;19;15;43;32;2;88395,21
1;19;15;43;32;9;79644,08
1;19;15;43;32;12;92196,20
1;19;15;43;32;1;0,00
1;19;15;43;32;8;0,00
1;19;15;43;32;11;0,00
1;19;15;43;32;4;77,98
1;19;15;43;32;15;-10,65
1;19;15;43;32;18;-10,93
1;19;15;43;32;19;-11,86
1;19;15;47;10;16;25,10
1;19;16;24;33;3;108,02
1;19;16;31;26;6;0,00
1;19;16;36;5;5;25,00
1;19;16;36;5;14;13,00
1;19;16;36;5;13;37,00
1;19;16;36;5;2;85680,20
1;19;16;36;5;9;89535,80
1;19;16;36;5;12;87822,20
1;19;16;36;5;1;0,00
1;19;16;36;5;8;0,00
1;19;16;36;5;11;0,00
1;19;16;36;5;4;82,58
1;19;16;36;5;15;-7,40
1;19;16;36;5;18;-7,81
1;19;16;36;5;19;-8,27
1;19;16;57;12;-1;80,00
1;19;16;57;39;16;28,46
1;19;17;6;42;3;111,35
1;19;17;27;15;-1;80,00
1;19;17;44;21;16;30,00
1;19;17;51;0;5;89,00
1;19;17;51;0;14;0,00
1;19;17;51;0;13;98,00
1;19;17;51;0;2;58035,81
1;19;17;51;0;9;59138,49
1;19;17;51;0;12;53915,26
1;19;17;51;0;1;0,00
1;19;17;51;0;8;0,00
1;19;17;51;0;11;0,00
1;19;17;51;0;4;72,21
1;19;17;51;0;15;-6,50
1;19;17;51;0;18;-6,81
1;19;17;51;0;19;-6,89
1;19;17;53;14;6;0,00
1;19;18;0;22;5;0,00
1;19;18;0;22;14;0,00
1;19;18;0;22;13;7,00
1;19;18;0;22;2;23678,81
1;19;18;0;22;9;22755,34
1;19;18;0;22;12;21618,75
1;19;18;0;22;1;0,00
1;19;18;0;22;8;0,00
1;19;18;0;22;11;0,00
1;19;18;0;22;4;74,86
1;19;18;0;22;15;-7,65
1;19;18;0;22;18;-7,04
1;19;18;0;22;19;-6,74
1;19;18;1;36;3;107,17
1;19;18;22;52;6;0,00
1;19;18;45;16;-1;80,00
1;19;18;51;45;16;27,66
1;19;19;20;42;3;105,15
1;19;19;45;43;6;0,00
1;19;19;47;48;-1;60,00
1;19;19;51;44;5;0,00
1;19;19;51;44;14;0,00
1;19;19;51;44;13;0,00
1;19;19;51;44;2;0,16
1;19;19;51;44;9;0,15
1;19;19;51;44;12;0,17
1;19;19;51;44;1;0,00
1;19;19;51;44;8;0,00
1;19;19;51;44;11;0,00
1;19;19;51;44;4;80,66
1;19;19;51;44;15;-8,82
1;19;19;51;44;18;-8,84
1;19;19;51;44;19;-8,77
1;19;19;58;45;16;25,10
1;19;20;1;20;5;26,00
1;19;20;1;20;14;9,00
1;19;20;1;20;13;22,00
1;19;20;1;20;2;0,17
1;19;20;1;20;9;0,17
1;19;20;1;20;12;0,15
1;19;20;1;20;1;0,00
1;19;20;1;20;8;0,00
1;19;20;1;20;11;0,00
1;19;20;1;20;4;80,88
1;19;20;1;20;15;-11,57
1;19;20;1;20;18;-11,32
1;19;20;1;20;19;-10,57
1;19;20;2;48;6;0,00
1;19;20;42;11;3;99,93
1;19;20;45;24;-1;60,00
1;19;20;48;53;16;21,21
1;19;21;7;24;5;32,00
1;19;21;7;24;14;28,00
1;19;21;7;24;13;46,00
1;19;21;7;24;2;0,19
1;19;21;7;24;9;0,19
1;19;21;7;24;12;0,19
1;19;21;7;24;1;0,00
1;19;21;7;24;8;0,00
1;19;21;7;24;11;0,00
1;19;21;7;24;4;82,22
1;19;21;7;24;15;-13,50
1;19;21;7;24;18;-12,46
1;19;21;7;24;19;-13,46
1;19;21;18;47;6;19,00
1;19;21;34;30;16;16,43
1;19;21;48;37;3;96,44
1;19;21;49;54;-1;70,00
1;19;22;13;31;3;93,51
1;19;22;18;43;5;0,00
1;19;22;18;43;14;32,00
1;19;22;18;43;13;7,00
1;19;22;18;43;2;0,07
1;19;22;18;43;9;0,07
1;19;22;18;43;12;0,07
1;19;22;18;43;1;0,00
1;19;22;18;43;8;0,00
1;19;22;18;43;11;0,00
1;19;22;18;43;4;80,67
1;19;22;18;43;15;-13,50
1;19;22;18;43;18;-13,80
1;19;22;18;43;19;-15,16
1;19;22;28;25;6;20,00
1;19;22;30;24;16;13,42
1;19;22;47;43;-1;70,00
1;19;23;2;33;16;9,49
1;19;23;5;3;-1;60,00
1;19;23;11;38;3;90,34
1;19;23;13;43;5;63,00
1;19;23;13;43;14;0,00
1;19;23;13;43;13;73,00
1;19;23;13;43;2;0,06
1;19;23;13;43;9;0,05
1;19;23;13;43;12;0,06
1;19;23;13;43;1;0,00
1;19;23;13;43;8;0,00
1;19;23;13;43;11;0,00
1;19;23;13;43;4;71,13
1;19;23;13;43;15;-12,45
1;19;23;13;43;18;-12,44
1;19;23;13;43;19;-12,24
1;19;23;25;26;6;0,00
1;20;0;9;59;6;16,00
1;20;0;19;47;16;6,71
1;20;0;31;45;3;86,20
1;20;0;43;20;-1;70,00
1;20;0;45;23;5;0,00
1;20;0;45;23;14;4,00
1;20;0;45;23;13;0,00
1;20;0;45;23;2;0,12
1;20;0;45;23;9;0,12
1;20;0;45;23;12;0,12
1;20;0;45;23;1;0,00
1;20;0;45;23;8;0,00
1;20;0;45;23;11;0,00
1;20;0;45;23;4;78,72
1;20;0;45;23;15;-13,50
1;20;0;45;23;18;-13,85
1;20;0;45;23;19;-14,24
1;20;1;5;26;-1;50,00
1;20;1;23;30;6;0,00
1;20;1;31;49;5;0,00
1;20;1;31;49;14;0,00
1;20;1;31;49;13;9,00
1;20;1;31;49;2;0,16
1;20;1;31;49;9;0,15
1;20;1;31;49;12;0,16
1;20;1;31;49;1;0,00
1;20;1;31;49;8;0,00
1;20;1;31;49;11;0,00
1;20;1;31;49;4;79,79
1;20;1;31;49;15;-12,40
1;20;1;31;49;18;-11,95
1;20;1;31;49;19;-12,78
1;20;1;39;58;16;5,20
1;20;1;58;7;3;84,85
1;20;2;8;54;6;0,00
1;20;2;16;14;3;85,92
1;20;2;21;22;-1;60,00
1;20;2;34;18;5;40,00
1;20;2;34;18;14;0,00
1;20;2;34;18;13;30,00
1;20;2;34;18;2;0,12
1;20;2;34;18;9;0,13
1;20;2;34;18;12;0,11
1;20;2;34;18;1;0,00
1;20;2;34;18;8;0,00
1;20;2;34;18;11;0,00
1;20;2;34;18;4;85,59
1;20;2;34;18;15;-11,46
1;20;2;34;18;18;-12,16
1;20;2;34;18;19;-11,34
1;20;2;59;19;16;4,74
1;20;3;10;36;6;22,00
1;20;3;13;1;-1;60,00
1;20;3;27;44;16;5,61
1;20;3;39;38;3;85,52
1;20;3;47;13;5;0,00
1;20;3;47;13;14;13,00
1;20;3;47;13;13;15,00
1;20;3;47;13;2;0,07
1;20;3;47;13;9;0,07
1;20;3;47;13;12;0,07
1;20;3;47;13;1;0,00
1;20;3;47;13;8;0,00
1;20;3;47;13;11;0,00
1;20;3;47;13;4;82,72
1;20;3;47;13;15;-12,25
1;20;3;47;13;18;-11,89
1;20;3;47;13;19;-12,41
1;20;4;11;57;-1;60,00
1;20;4;47;18;5;86,00
1;20;4;47;18;14;4,00
1;20;4;47;18;13;88,00
1;20;4;47;18;2;0,01
1;20;4;47;18;9;0,01
1;20;4;47;18;12;0,01
1;20;4;47;18;1;0,00
1;20;4;47;18;8;0,00
1;20;4;47;18;11;0,00
1;20;4;47;18;4;79,43
1;20;4;47;18;15;-13,50
1;20;4;47;18;18;-14,59
1;20;4;47;18;19;-14,75
1;20;4;47;48;6;9,00
1;20;4;50;15;3;87,84
1;20;4;51;37;16;8,49
1;20;5;16;30;16;11,62
1;20;5;23;42;3;91,87
1;20;5;25;36;5;5,00
1;20;5;25;36;14;0,00
1;20;5;25;36;13;0,00
1;20;5;25;36;2;0,21
1;20;5;25;36;9;0,19
1;20;5;25;36;12;0,20
1;20;5;25;36;1;0,00
1;20;5;25;36;8;0,00
1;20;5;25;36;11;0,00
1;20;5;25;36;4;72,40
1;20;5;25;36;15;-13,50
1;20;5;25;36;18;-14,81
1;20;5;25;36;19;-13,37
1;20;5;29;22;6;0,00
1;20;5;59;3;-1;60,00
1;20;6;10;14;5;10,00
1;20;6;10;14;14;1,00
1;20;6;10;14;13;4,00
1;20;6;10;14;2;14223,38
1;20;6;10;14;9;13455,32
1;20;6;10;14;12;14408,28
1;20;6;10;14;1;0,00
1;20;6;10;14;8;0,00
1;20;6;10;14;11;0,00
1;20;6;10;14;4;82,50
1;20;6;10;14;15;-13,45
1;20;6;10;14;18;-14,67
1;20;6;10;14;19;-14,89
1;20;6;18;30;16;24,19
1;20;6;27;16;-1;80,00
1;20;6;29;16;6;13,00
1;20;6;34;18;3;104,34
1;20;7;12;25;-1;80,00
1;20;7;32;24;3;108,63
1;20;7;39;57;5;43,00
1;20;7;39;57;14;13,00
1;20;7;39;57;13;40,00
1;20;7;39;57;2;26325,00
1;20;7;39;57;9;26851,50
1;20;7;39;57;12;24350,63
1;20;7;39;57;1;0,00
1;20;7;39;57;8;0,00
1;20;7;39;57;11;0,00
1;20;7;39;57;4;77,06
1;20;7;39;57;15;-12,30
1;20;7;39;57;18;-12,63
1;20;7;39;57;19;-11,51
1;20;7;41;50;16;30,00
1;20;7;57;14;6;0,00
1;20;8;13;59;-1;80,00
1;20;8;17;2;5;15,00
1;20;8;17;2;14;0,00
1;20;8;17;2;13;4,00
1;20;8;17;2;2;31470,00
1;20;8;17;2;9;30305,61
1;20;8;17;2;12;34459,65
1;20;8;17;2;1;0,00
1;20;8;17;2;8;0,00
1;20;8;17;2;11;0,00
1;20;8;17;2;4;78,30
1;20;8;17;2;15;-11,85
1;20;8;17;2;18;-12,19
1;20;8;17;2;19;-11,63
1;20;8;26;26;16;29,24
1;20;8;42;43;3;109,24
1;20;8;53;44;6;5,00
1;20;9;7;18;6;0,00
1;20;9;16;22;5;0,00
1;20;9;16;22;14;0,00
1;20;9;16;22;13;13,00
1;20;9;16;22;2;54799,87
1;20;9;16;22;9;60060,66
1;20;9;16;22;12;51347,48
1;20;9;16;22;1;0,00
1;20;9;16;22;8;0,00
1;20;9;16;22;11;0,00
1;20;9;16;22;4;84,94
1;20;9;16;22;15;-12,00
1;20;9;16;22;18;-13,07
1;20;9;16;22;19;-13,59
1;20;9;17;22;16;27,66
1;20;9;39;47;-1;80,00
1;20;9;51;24;3;107,41
1;20;10;1;9;5;0,00
1;20;10;1;9;14;0,00
1;20;10;1;9;13;5,00
1;20;10;1;9;2;74898,66
1;20;10;1;9;9;72427,00
1;20;10;1;9;12;77669,91
1;20;10;1;9;1;0,00
1;20;10;1;9;8;0,00
1;20;10;1;9;11;0,00
1;20;10;1;9;4;82,13
1;20;10;1;9;15;-9,74
1;20;10;1;9;18;-10,11
1;20;10;1;9;19;-10,50
1;20;10;15;59;16;25,10
1;20;10;39;55;3;105,32
1;20;10;58;59;-1;80,00
1;20;10;59;34;6;0,00
1;20;11;3;33;5;0,00
1;20;11;3;33;14;35,00
1;20;11;3;33;13;5,00
1;20;11;3;33;2;100900,16
1;20;11;3;33;9;107660,47
1;20;11;3;33;12;107055,07
1;20;11;3;33;1;0,00
1;20;11;3;33;8;0,00
1;20;11;3;33;11;0,00
1;20;11;3;33;4;71,31
1;20;11;3;33;15;-7,58
1;20;11;3;33;18;-7,56
1;20;11;3;33;19;-7,63
1;20;11;9;55;6;40,00
1;20;11;23;49;-1;80,00
1;20;11;48;14;3;102,70
1;20;11;57;46;16;23,24
1;20;12;4;35;16;21,21
1;20;12;36;53;-1;80,00
1;20;12;43;36;6;37,00
1;20;12;46;57;3;100,71
1;20;12;57;48;5;9,00
1;20;12;57;48;14;40,00
1;20;12;57;48;13;0,00
1;20;12;57;48;2;87736,05
1;20;12;57;48;9;87121,90
1;20;12;57;48;12;88613,41
1;20;12;57;48;1;0,00
1;20;12;57;48;8;0,00
1;20;12;57;48;11;0,00
1;20;12;57;48;4;86,96
1;20;12;57;48;15;-4,95
1;20;12;57;48;18;-5,12
1;20;12;57;48;19;-5,49
1;20;13;4;18;5;17,00
1;20;13;4;18;14;24,00
1;20;13;4;18;13;8,00
1;20;13;4;18;2;108300,02
1;20;13;4;18;9;115881,03
1;20;13;4;18;12;115989,33
1;20;13;4;18;1;0,00
1;20;13;4;18;8;0,00
1;20;13;4;18;11;0,00
1;20;13;4;18;4;77,56
1;20;13;4;18;15;-1,99
1;20;13;4;18;18;-1,98
1;20;13;4;18;19;-1,98
1;20;13;24;25;16;20,12
1;20;13;28;23;-1;80,00
1;20;13;48;23;3;101,13
1;20;13;56;8;6;14,00
1;20;14;3;30;-1;80,00
1;20;14;4;7;6;0,00
1;20;14;44;21;16;22,25
1;20;14;44;48;3;101,12
1;20;14;52;56;5;52,00
1;20;14;52;56;14;9,00
1;20;14;52;56;13;59,00
1;20;14;52;56;2;97428,21
1;20;14;52;56;9;99181,92
1;20;14;52;56;12;98694,77
1;20;14;52;56;1;0,00
1;20;14;52;56;8;0,00
1;20;14;52;56;11;0,00
1;20;14;52;56;4;74,22
1;20;14;52;56;15;-1,17
1;20;14;52;56;18;-1,10
1;20;14;52;56;19;-1,01
1;20;15;17;56;5;0,00
1;20;15;17;56;14;0,00
1;20;15;17;56;13;0,00
1;20;15;17;56;2;100300,19
1;20;15;17;56;9;105616,10
1;20;15;17;56;12;93078,58
1;20;15;17;56;1;0,00
1;20;15;17;56;8;0,00
1;20;15;17;56;11;0,00
1;20;15;17;56;4;81,96
1;20;15;17;56;15;0,73
1;20;15;17;56;18;0,78
1;20;15;17;56;19;0,72
1;20;15;41;54;16;25,10
1;20;15;44;33;6;0,00
1;20;15;50;43;-1;80,00
1;20;15;58;41;3;105,52
1;20;16;11;28;16;28,46
1;20;16;36;47;3;108,15
1;20;16;37;8;6;10,00
1;20;16;54;32;5;0,00
1;20;16;54;32;14;20,00
1;20;16;54;32;13;11,00
1;20;16;54;32;2;85344,01
1;20;16;54;32;9;91232,74
1;20;16;54;32;12;83637,13
1;20;16;54;32;1;0,00
1;20;16;54;32;8;0,00
1;20;16;54;32;11;0,00
1;20;16;54;32;4;82,24
1;20;16;54;32;15;1,26
1;20;16;54;32;18;1,15
1;20;16;54;32;19;1,17
1;20;16;54;49;-1;80,00
1;20;17;2;0;6;9,00
1;20;17;16;43;3;111,25
1;20;17;28;27;5;0,00
1;20;17;28;27;14;23,00
1;20;17;28;27;13;0,00
1;20;17;28;27;2;64320,05
1;20;17;28;27;9;65284,85
1;20;17;28;27;12;60718,13
1;20;17;28;27;1;0,00
1;20;17;28;27;8;0,00
1;20;17;28;27;11;0,00
1;20;17;28;27;4;83,37
1;20;17;28;27;15;3,81
1;20;17;28;27;18;3,74
1;20;17;28;27;19;3,86
1;20;17;37;31;16;30,00
1;20;17;53;21;-1;80,00
1;20;18;15;2;5;0,00
1;20;18;15;2;14;13,00
1;20;18;15;2;13;0,00
1;20;18;15;2;2;27250,09
1;20;18;15;2;9;27495,34
1;20;18;15;2;12;27931,34
1;20;18;15;2;1;0,00
1;20;18;15;2;8;0,00
1;20;18;15;2;11;0,00
1;20;18;15;2;4;78,40
1;20;18;15;2;15;4,01
1;20;18;15;2;18;4,20
1;20;18;15;2;19;4,35
1;20;18;30;15;6;15,00
1;20;18;34;55;16;27,66
1;20;18;42;16;-1;60,00
1;20;18;55;7;3;108,36
1;20;19;3;34;3;104,92
1;20;19;11;30;-1;60,00
1;20;19;20;17;6;32,00
1;20;19;43;40;16;25,10
1;20;19;55;37;5;20,00
1;20;19;55;37;14;28,00
1;20;19;55;37;13;34,00
1;20;19;55;37;2;0,17
1;20;19;55;37;9;0,17
1;20;19;55;37;12;0,18
1;20;19;55;37;1;0,00
1;20;19;55;37;8;0,00
1;20;19;55;37;11;0,00
1;20;19;55;37;4;86,69
1;20;19;55;37;15;1,84
1;20;19;55;37;18;1,97
1;20;19;55;37;19;2,07
1;20;20;13;0;16;21,21
1;20;20;14;50;-1;60,00
1;20;20;26;0;6;16,00
1;20;20;39;34;3;102,15
1;20;20;47;42;5;97,00
1;20;20;47;42;14;21,00
1;20;20;47;42;13;83,00
1;20;20;47;42;2;0,04
1;20;20;47;42;9;0,04
1;20;20;47;42;12;0,04
1;20;20;47;42;1;0,00
1;20;20;47;42;8;0,00
1;20;20;47;42;11;0,00
1;20;20;47;42;4;85,04
1;20;20;47;42;15;1,88
1;20;20;47;42;18;1,79
1;20;20;47;42;19;1,88
1;20;21;7;49;-1;60,00
1;20;21;22;18;6;0,00
1;20;21;27;43;3;96,47
1;20;21;43;1;5;101,00
1;20;21;43;1;14;0,00
1;20;21;43;1;13;98,00
1;20;21;43;1;2;0,01
1;20;21;43;1;9;0,01
1;20;21;43;1;12;0,01
1;20;21;43;1;1;0,00
1;20;21;43;1;8;0,00
1;20;21;43;1;11;0,00
1;20;21;43;1;4;80,76
1;20;21;43;1;15;0,85
1;20;21;43;1;18;0,92
1;20;21;43;1;19;0,94
1;20;21;54;56;16;16,43
1;20;22;6;27;-1;60,00
1;20;22;7;58;5;0,00
1;20;22;7;58;14;2,00
1;20;22;7;58;13;0,00
1;20;22;7;58;2;0,02
1;20;22;7;58;9;0,03
1;20;22;7;58;12;0,03
1;20;22;7;58;1;0,00
1;20;22;7;58;8;0,00
1;20;22;7;58;11;0,00
1;20;22;7;58;4;83,24
1;20;22;7;58;15;-1,81
1;20;22;7;58;18;-1,86
1;20;22;7;58;19;-1,80
1;20;22;17;20;3;94,26
1;20;22;50;13;16;13,42
1;20;22;52;33;6;0,00
1;20;23;3;1;6;6,00
1;20;23;4;43;16;9,49
1;20;23;12;40;3;89,84
1;20;23;19;56;5;98,00
1;20;23;19;56;14;0,00
1;20;23;19;56;13;93,00
1;20;23;19;56;2;0,15
1;20;23;19;56;9;0,14
1;20;23;19;56;12;0,16
1;20;23;19;56;1;0,00
1;20;23;19;56;8;0,00
1;20;23;19;56;11;0,00
1;20;23;19;56;4;86,33
1;20;23;19;56;15;-3,43
1;20;23;19;56;18;-3,15
1;20;23;19;56;19;-2,85
1;20;23;44;10;-1;60,00
1;21;0;23;35;16;6,71
1;21;0;27;13;3;85,87
1;21;0;27;38;5;0,00
1;21;0;27;38;14;0,00
1;21;0;27;38;13;0,00
1;21;0;27;38;2;0,10
1;21;0;27;38;9;0,10
1;21;0;27;38;12;0,10
1;21;0;27;38;1;0,00
1;21;0;27;38;8;0,00
1;21;0;27;38;11;0,00
1;21;0;27;38;4;73,86
1;21;0;27;38;15;-5,43
1;21;0;27;38;18;-5,73
1;21;0;27;38;19;-6,30
1;21;0;44;20;6;0,00
1;21;0;53;37;-1;60,00
1;21;1;5;15;6;0,00
1;21;1;13;46;5;0,00
1;21;1;13;46;14;12,00
1;21;1;13;46;13;0,00
1;21;1;13;46;2;0,11
1;21;1;13;46;9;0,11
1;21;1;13;46;12;0,11
1;21;1;13;46;1;0,00
1;21;1;13;46;8;0,00
1;21;1;13;46;11;0,00
1;21;1;13;46;4;82,03
1;21;1;13;46;15;-6,42
1;21;1;13;46;18;-6,44
1;21;1;13;46;19;-6,50
1;21;1;22;25;3;84,80
1;21;1;31;18;-1;60,00
1;21;1;54;11;16;5,20
1;21;2;10;21;16;4,74
1;21;2;31;25;5;63,00
1;21;2;31;25;14;9,00
1;21;2;31;25;13;63,00
1;21;2;31;25;2;0,15
1;21;2;31;25;9;0,16
1;21;2;31;25;12;0,16
1;21;2;31;25;1;1670,00
1;21;2;31;25;8;1721,77
1;21;2;31;25;11;1713,16
1;21;2;31;25;4;100,00
1;21;2;31;25;15;-7,59
1;21;2;31;25;18;-7,08
1;21;2;31;25;19;-6,48
1;21;2;32;50;3;84,35
1;21;2;34;11;-1;50,00
1;21;2;48;12;6;2,00
1;21;3;6;34;5;32,00
1;21;3;6;34;14;0,00
1;21;3;6;34;13;28,00
1;21;3;6;34;2;0,12
1;21;3;6;34;9;0,11
1;21;3;6;34;12;0,11
1;21;3;6;34;1;0,00
1;21;3;6;34;8;0,00
1;21;3;6;34;11;0,00
1;21;3;6;34;4;84,56
1;21;3;6;34;15;-8,27
1;21;3;6;34;18;-7,89
1;21;3;6;34;19;-7,13
1;21;3;13;2;6;0,00
1;21;3;18;45;16;5,61
1;21;3;53;58;-1;70,00
1;21;3;59;36;3;86,69
1;21;4;12;37;-1;50,00
1;21;4;23;23;5;88,00
1;21;4;23;23;14;13,00
1;21;4;23;23;13;88,00
1;21;4;23;23;2;0,12
1;21;4;23;23;9;0,12
1;21;4;23;23;12;0,13
1;21;4;23;23;1;0,00
1;21;4;23;23;8;0,00
1;21;4;23;23;11;0,00
1;21;4;23;23;4;71,78
1;21;4;23;23;15;-8,29
1;21;4;23;23;18;-8,96
1;21;4;23;23;19;-9,50
1;21;4;36;52;6;0,00
1;21;4;38;13;3;89,01
1;21;4;52;0;16;8,49
1;21;5;0;30;3;91,56
1;21;5;2;48;16;11,62
1;21;5;17;48;-1;70,00
1;21;5;44;55;6;25,00
1;21;5;53;11;5;53,00
1;21;5;53;11;14;39,00
1;21;5;53;11;13;61,00
1;21;5;53;11;2;0,00
1;21;5;53;11;9;0,00
1;21;5;53;11;12;0,00
1;21;5;53;11;1;0,00
1;21;5;53;11;8;0,00
1;21;5;53;11;11;0,00
1;21;5;53;11;4;84,69
1;21;5;53;11;15;-11,45
1;21;5;53;11;18;-11,21
1;21;5;53;11;19;-10,12
1;21;6;2;51;-1;80,00
1;21;6;8;23;3;105,63
1;21;6;38;35;16;24,19
1;21;6;43;14;5;52,00
1;21;6;43;14;14;9,00
1;21;6;43;14;13;62,00
1;21;6;43;14;2;13743,06
1;21;6;43;14;9;12368,75
1;21;6;43;14;12;14636,36
1;21;6;43;14;1;0,00
1;21;6;43;14;8;0,00
1;21;6;43;14;11;0,00
1;21;6;43;14;4;71,86
1;21;6;43;14;15;-11,65
1;21;6;43;14;18;-10,79
1;21;6;43;14;19;-10,31
1;21;6;47;52;6;23,00
1;21;7;11;43;6;5,00
1;21;7;19;15;16;30,00
1;21;7;26;55;-1;80,00
1;21;7;37;12;3;109,10
1;21;7;51;58;5;110,00
1;21;7;51;58;14;0,00
1;21;7;51;58;13;117,00
1;21;7;51;58;2;21880,07
1;21;7;51;58;9;23827,40
1;21;7;51;58;12;22711,52
1;21;7;51;58;1;0,00
1;21;7;51;58;8;0,00
1;21;7;51;58;11;0,00
1;21;7;51;58;4;84,49
1;21;7;51;58;15;-12,25
1;21;7;51;58;18;-12,64
1;21;7;51;58;19;-12,21
1;21;8;0;8;16;29,24
1;21;8;9;54;5;0,00
1;21;8;9;54;14;13,00
1;21;8;9;54;13;0,00
1;21;8;9;54;2;27033,71
1;21;8;9;54;9;25817,19
1;21;8;9;54;12;28115,05
1;21;8;9;54;1;0,00
1;21;8;9;54;8;0,00
1;21;8;9;54;11;0,00
1;21;8;9;54;4;86,12
1;21;8;9;54;15;-11,25
1;21;8;9;54;18;-10,34
1;21;8;9;54;19;-10,69
1;21;8;28;50;6;0,00
1;21;8;39;49;-1;80,00
1;21;8;41;58;3;109,75
1;21;9;23;31;-1;60,00
1;21;9;29;21;16;27,66
1;21;9;30;1;5;23,00
1;21;9;30;1;14;12,00
1;21;9;30;1;13;25,00
1;21;9;30;1;2;55935,03
1;21;9;30;1;9;54145,11
1;21;9;30;1;12;60409,83
1;21;9;30;1;1;0,00
1;21;9;30;1;8;0,00
1;21;9;30;1;11;0,00
1;21;9;30;1;4;75,95
1;21;9;30;1;15;-9,94
1;21;9;30;1;18;-10,18
1;21;9;30;1;19;-10,54
1;21;9;41;16;3;106,86
1;21;9;44;11;6;16,00
1;21;10;13;50;5;0,00
1;21;10;13;50;14;2,00
1;21;10;13;50;13;12,00
1;21;10;13;50;2;85340,17
1;21;10;13;50;9;76891,49
1;21;10;13;50;12;93191,46
1;21;10;13;50;1;0,00
1;21;10;13;50;8;0,00
1;21;10;13;50;11;0,00
1;21;10;13;50;4;72,91
1;21;10;13;50;15;-10,75
1;21;10;13;50;18;-11,23
1;21;10;13;50;19;-12,36
1;21;10;28;29;-1;80,00
1;21;10;50;25;16;25,10
1;21;10;55;26;3;104,22
1;21;10;56;18;6;0,00
1;21;11;11;38;3;103,29
1;21;11;19;3;-1;80,00
1;21;11;28;32;16;23,24
1;21;11;38;36;6;0,00
1;21;11;55;49;5;0,00
1;21;11;55;49;14;0,00
1;21;11;55;49;13;0,00
1;21;11;55;49;2;106400,08
1;21;11;55;49;9;110230,48
1;21;11;55;49;12;112145,68
1;21;11;55;49;1;0,00
1;21;11;55;49;8;0,00
1;21;11;55;49;11;0,00
1;21;11;55;49;4;79,72
1;21;11;55;49;15;-7,34
1;21;11;55;49;18;-7,31
1;21;11;55;49;19;-7,57
1;21;12;23;47;-1;80,00
1;21;12;49;0;3;101,05
1;21;12;50;21;6;0,00
1;21;12;50;30;16;21,21
1;21;12;54;24;5;0,00
1;21;12;54;24;14;9,00
1;21;12;54;24;13;9,00
1;21;12;54;24;2;104200,04
1;21;12;54;24;9;98364,84
1;21;12;54;24;12;109618,44
1;21;12;54;24;1;0,00
1;21;12;54;24;8;0,00
1;21;12;54;24;11;0,00
1;21;12;54;24;4;73,81
1;21;12;54;24;15;-4,13
1;21;12;54;24;18;-3,89
1;21;12;54;24;19;-4,13
1;21;13;5;24;3;99,00
1;21;13;12;12;6;0,00
1;21;13;37;29;-1;80,00
1;21;13;40;40;16;20,12
1;21;13;59;10;5;0,00
1;21;13;59;10;14;9,00
1;21;13;59;10;13;0,00
1;21;13;59;10;2;106100,01
1;21;13;59;10;9;102704,81
1;21;13;59;10;12;115542,92
1;21;13;59;10;1;0,00
1;21;13;59;10;8;0,00
1;21;13;59;10;11;0,00
1;21;13;59;10;4;81,95
1;21;13;59;10;15;0,12
1;21;13;59;10;18;0,12
1;21;13;59;10;19;0,13
1;21;14;11;1;16;22,25
1;21;14;12;48;5;21,00
1;21;14;12;48;14;18,00
1;21;14;12;48;13;35,00
1;21;14;12;48;2;107100,00
1;21;14;12;48;9;114275,70
1;21;14;12;48;12;112240,80
1;21;14;12;48;1;0,00
1;21;14;12;48;8;0,00
1;21;14;12;48;11;0,00
1;21;14;12;48;4;75,00
1;21;14;12;48;15;2,16
1;21;14;12;48;18;2,36
1;21;14;12;48;19;2,59
1;21;14;13;54;6;16,00
1;21;14;32;7;3;101,09
1;21;14;32;40;-1;80,00
1;21;15;21;45;-1;80,00
1;21;15;28;5;5;0,00
1;21;15;28;5;14;0,00
1;21;15;28;5;13;15,00
1;21;15;28;5;2;78144,03
1;21;15;28;5;9;81660,51
1;21;15;28;5;12;79941,34
1;21;15;28;5;1;0,00
1;21;15;28;5;8;0,00
1;21;15;28;5;11;0,00
1;21;15;28;5;4;76,86
1;21;15;28;5;15;4,56
1;21;15;28;5;18;4,91
1;21;15;28;5;19;5,11
1;21;15;35;2;16;25,10
1;21;15;42;35;6;4,00
1;21;15;46;16;3;105,74
1;21;16;18;22;5;79,00
1;21;16;18;22;14;12,00
1;21;16;18;22;13;94,00
1;21;16;18;22;2;64522,21
1;21;16;18;22;9;58328,08
1;21;16;18;22;12;64844,82
1;21;16;18;22;1;0,00
1;21;16;18;22;8;0,00
1;21;16;18;22;11;0,00
1;21;16;18;22;4;72,91
1;21;16;18;22;15;5,95
1;21;16;18;22;18;5,69
1;21;16;18;22;19;5,23
1;21;16;25;39;6;0,00
1;21;16;27;16;3;107,61
1;21;16;37;4;16;28,46
1;21;16;44;20;-1;80,00
1;21;17;0;36;5;0,00
1;21;17;0;36;14;26,00
1;21;17;0;36;13;11,00
1;21;17;0;36;2;62400,06
1;21;17;0;36;9;67267,26
1;21;17;0;36;12;61401,66
1;21;17;0;36;1;0,00
1;21;17;0;36;8;0,00
1;21;17;0;36;11;0,00
1;21;17;0;36;4;74,31
1;21;17;0;36;15;7,51
1;21;17;0;36;18;7,85
1;21;17;0;36;19;7,48
1;21;17;13;6;16;30,00
1;21;17;31;14;6;18,00
1;21;17;49;13;-1;80,00
1;21;17;49;43;3;110,59
1;21;18;11;2;16;27,66
1;21;18;15;6;-1;80,00
1;21;18;19;5;3;107,95
1;21;18;23;59;5;32,00
1;21;18;23;59;14;22,00
1;21;18;23;59;13;36,00
1;21;18;23;59;2;25875,19
1;21;18;23;59;9;28152,21
1;21;18;23;59;12;26754,95
1;21;18;23;59;1;0,00
1;21;18;23;59;8;0,00
1;21;18;23;59;11;0,00
1;21;18;23;59;4;73,97
1;21;18;23;59;15;7,76
1;21;18;23;59;18;7,44
1;21;18;23;59;19;6,82
1;21;18;33;34;6;14,00
1;21;19;10;3;5;108,00
1;21;19;10;3;14;13,00
1;21;19;10;3;13;112,00
1;21;19;10;3;2;0,16
1;21;19;10;3;9;0,15
1;21;19;10;3;12;0,17
1;21;19;10;3;1;0,00
1;21;19;10;3;8;0,00
1;21;19;10;3;11;0,00
1;21;19;10;3;4;75,87
1;21;19;10;3;15;6,67
1;21;19;10;3;18;6,09
1;21;19;10;3;19;6,03
1;21;19;12;6;16;25,10
1;21;19;36;12;6;16,00
1;21;19;42;11;-1;70,00
1;21;19;54;9;3;105,10
1;21;20;13;48;6;0,00
1;21;20;18;57;-1;60,00
1;21;20;21;47;3;101,95
1;21;20;41;24;16;21,21
1;21;20;45;51;5;26,00
1;21;20;45;51;14;0,00
1;21;20;45;51;13;23,00
1;21;20;45;51;2;0,21
1;21;20;45;51;9;0,19
1;21;20;45;51;12;0,20
1;21;20;45;51;1;0,00
1;21;20;45;51;8;0,00
1;21;20;45;51;11;0,00
1;21;20;45;51;4;71,27
1;21;20;45;51;15;2,80
1;21;20;45;51;18;2,69
1;21;20;45;51;19;2,64
1;21;21;0;17;3;97,59
1;21;21;28;47;5;0,00
1;21;21;28;47;14;6,00
1;21;21;28;47;13;0,00
1;21;21;28;47;2;0,07
1;21;21;28;47;9;0,08
1;21;21;28;47;12;0,06
1;21;21;28;47;1;0,00
1;21;21;28;47;8;0,00
1;21;21;28;47;11;0,00
1;21;21;28;47;4;79,44
1;21;21;28;47;15;-0,72
1;21;21;28;47;18;-0,66
1;21;21;28;47;19;-0,59
1;21;21;35;32;6;0,00
1;21;21;47;34;-1;60,00
1;21;21;59;38;16;16,43
1;21;22;20;17;16;13,42
1;21;22;25;51;5;42,00
1;21;22;25;51;14;10,00
1;21;22;25;51;13;55,00
1;21;22;25;51;2;0,01
1;21;22;25;51;9;0,01
1;21;22;25;51;12;0,01
1;21;22;25;51;1;0,00
1;21;22;25;51;8;0,00
1;21;22;25;51;11;0,00
1;21;22;25;51;4;79,77
1;21;22;25;51;15;-3,33
1;21;22;25;51;18;-3,26
1;21;22;25;51;19;-3,40
1;21;22;28;24;3;93,70
1;21;22;57;42;-1;50,00
1;21;22;58;52;6;0,00
1;21;23;16;47;16;9,49
1;21;23;19;18;5;79,00
1;21;23;19;18;14;0,00
1;21;23;19;18;13;68,00
1;21;23;19;18;2;0,06
1;21;23;19;18;9;0,07
1;21;23;19;18;12;0,06
1;21;23;19;18;1;0,00
1;21;23;19;18;8;0,00
1;21;23;19;18;11;0,00
1;21;23;19;18;4;77,34
1;21;23;19;18;15;-7,61
1;21;23;19;18;18;-8,26
1;21;23;19;18;19;-7,91
1;21;23;28;8;3;89,17
1;21;23;53;5;6;0,00
1;21;23;58;9;-1;50,00
1;22;0;7;38;3;85,94
1;22;0;18;54;6;35,00
1;22;0;22;25;-1;60,00
1;22;0;33;11;16;6,57
1;22;0;49;39;5;0,00
1;22;0;49;39;14;20,00
1;22;0;49;39;13;0,00
1;22;0;49;39;2;0,01
1;22;0;49;39;9;0,01
1;22;0;49;39;12;0,01
1;22;0;49;39;1;0,00
1;22;0;49;39;8;0,00
1;22;0;49;39;11;0,00
1;22;0;49;39;4;79,82
1;22;0;49;39;15;-10,00
1;22;0;49;39;18;-9,17
1;22;0;49;39;19;-9,21
1;22;1;9;8;16;5,09
1;22;1;13;20;5;0,00
1;22;1;13;20;14;2,00
1;22;1;13;20;13;3,00
1;22;1;13;20;2;0,15
1;22;1;13;20;9;0,14
1;22;1;13;20;12;0,16
1;22;1;13;20;1;0,00
1;22;1;13;20;8;0,00
1;22;1;13;20;11;0,00
1;22;1;13;20;4;75,16
1;22;1;13;20;15;-13,18
1;22;1;13;20;18;-14,04
1;22;1;13;20;19;-14,95
1;22;1;15;37;3;85,62
1;22;1;18;0;6;3,00
1;22;1;26;27;-1;60,00
1;22;2;4;37;-1;50,00
1;22;2;23;4;16;4,65
1;22;2;30;59;6;0,00
1;22;2;54;39;3;85,64
1;22;2;57;6;5;0,00
1;22;2;57;6;14;9,00
1;22;2;57;6;13;15,00
1;22;2;57;6;2;0,18
1;22;2;57;6;9;0,19
1;22;2;57;6;12;0,19
1;22;2;57;6;1;0,00
1;22;2;57;6;8;0,00
1;22;2;57;6;11;0,00
1;22;2;57;6;4;75,86
1;22;2;57;6;15;-12,75
1;22;2;57;6;18;-12,20
1;22;2;57;6;19;-11,81
1;22;3;16;58;16;5,50
1;22;3;19;48;5;0,00
1;22;3;19;48;14;26,00
1;22;3;19;48;13;0,00
1;22;3;19;48;2;0,21
1;22;3;19;48;9;0,19
1;22;3;19;48;12;0,21
1;22;3;19;48;1;0,00
1;22;3;19;48;8;0,00
1;22;3;19;48;11;0,00
1;22;3;19;48;4;86,08
1;22;3;19;48;15;-13,50
1;22;3;19;48;18;-13,23
1;22;3;19;48;19;-14,25
1;22;3;22;35;3;86,09
1;22;3;25;38;6;32,00
1;22;3;47;51;-1;70,00
1;22;4;12;27;16;8,31
1;22;4;13;12;6;48,00
1;22;4;20;13;5;64,00
1;22;4;20;13;14;62,00
1;22;4;20;13;13;74,00
1;22;4;20;13;2;0,10
1;22;4;20;13;9;0,09
1;22;4;20;13;12;0,10
1;22;4;20;13;1;0,00
1;22;4;20;13;8;0,00
1;22;4;20;13;11;0,00
1;22;4;20;13;4;86,24
1;22;4;20;13;15;-13,50
1;22;4;20;13;18;-12,89
1;22;4;20;13;19;-13,15
1;22;4;39;13;-1;50,00
1;22;4;53;31;3;88,94
1;22;5;9;27;6;69,00
1;22;5;23;50;-1;50,00
1;22;5;32;58;5;0,00
1;22;5;32;58;14;61,00
1;22;5;32;58;13;0,00
1;22;5;32;58;2;0,03
1;22;5;32;58;9;0,04
1;22;5;32;58;12;0,04
1;22;5;32;58;1;0,00
1;22;5;32;58;8;0,00
1;22;5;32;58;11;0,00
1;22;5;32;58;4;80,16
1;22;5;32;58;15;-13,50
1;22;5;32;58;18;-13,12
1;22;5;32;58;19;-12,37
1;22;5;46;9;3;90,92
1;22;5;52;30;16;11,38
1;22;6;2;54;6;99,00
1;22;6;43;29;3;105,11
1;22;6;46;44;-1;60,00
1;22;6;48;3;16;23,70
1;22;6;48;52;5;44,00
1;22;6;48;52;14;91,00
1;22;6;48;52;13;33,00
1;22;6;48;52;2;16110,18
1;22;6;48;52;9;15191,90
1;22;6;48;52;12;17399,00
1;22;6;48;52;1;0,00
1;22;6;48;52;8;0,00
1;22;6;48;52;11;0,00
1;22;6;48;52;4;82,12
1;22;6;48;52;15;-13,50
1;22;6;48;52;18;-13,37
1;22;6;48;52;19;-12,35
1;22;7;19;3;-1;80,00
1;22;7;28;30;5;83,00
1;22;7;28;30;14;100,00
1;22;7;28;30;13;87,00
1;22;7;28;30;2;26275,16
1;22;7;28;30;9;26091,24
1;22;7;28;30;12;28639,93
1;22;7;28;30;1;0,00
1;22;7;28;30;8;0,00
1;22;7;28;30;11;0,00
1;22;7;28;30;4;81,92
1;22;7;28;30;15;-12,75
1;22;7;28;30;18;-11,56
1;22;7;28;30;19;-12,39
1;22;7;29;31;16;29,39
1;22;7;44;4;6;129,00
1;22;7;47;40;3;108,15
1;22;8;10;43;16;28,65
1;22;8;20;43;-1;80,00
1;22;8;36;17;6;72,00
1;22;8;58;19;5;192,00
1;22;8;58;19;14;63,00
1;22;8;58;19;13;177,00
1;22;8;58;19;2;30930,19
1;22;8;58;19;9;33373,68
1;22;8;58;19;12;33868,56
1;22;8;58;19;1;0,00
1;22;8;58;19;8;0,00
1;22;8;58;19;11;0,00
1;22;8;58;19;4;80,97
1;22;8;58;19;15;-12,25
1;22;8;58;19;18;-12,05
1;22;8;58;19;19;-13,11
1;22;8;58;58;3;109,98
1;22;9;4;18;5;32,00
1;22;9;4;18;14;50,00
1;22;9;4;18;13;28,00
1;22;9;4;18;2;59950,14
1;22;9;4;18;9;57192,43
1;22;9;4;18;12;61508,84
1;22;9;4;18;1;0,00
1;22;9;4;18;8;0,00
1;22;9;4;18;11;0,00
1;22;9;4;18;4;85,58
1;22;9;4;18;15;-12,00
1;22;9;4;18;18;-11,44
1;22;9;4;18;19;-11,48
1;22;9;7;25;6;65,00
1;22;9;31;13;-1;80,00
1;22;9;49;6;16;27,10
1;22;9;56;19;3;106,42
1;22;10;7;48;6;28,00
1;22;10;15;26;16;24,59
1;22;10;35;47;-1;80,00
1;22;10;42;4;3;104,00
1;22;10;42;22;5;152,00
1;22;10;42;22;14;35,00
1;22;10;42;22;13;146,00
1;22;10;42;22;2;75764,04
1;22;10;42;22;9;82279,75
1;22;10;42;22;12;76445,92
1;22;10;42;22;1;0,00
1;22;10;42;22;8;0,00
1;22;10;42;22;11;0,00
1;22;10;42;22;4;84,50
1;22;10;42;22;15;-10,75
1;22;10;42;22;18;-10,85
1;22;10;42;22;19;-10,02
1;22;11;11;28;5;20,00
1;22;11;11;28;14;19,00
1;22;11;11;28;13;15,00
1;22;11;11;28;2;99900,05
1;22;11;11;28;9;96403,55
1;22;11;11;28;12;95704,25
1;22;11;11;28;1;0,00
1;22;11;11;28;8;0,00
1;22;11;11;28;11;0,00
1;22;11;11;28;4;77,19
1;22;11;11;28;15;-8,65
1;22;11;11;28;18;-7,79
1;22;11;11;28;19;-7,12
1;22;11;34;34;6;10,00
1;22;11;39;27;16;22,77
1;22;11;52;7;-1;80,00
1;22;11;53;16;3;103,15
1;22;12;10;3;-1;80,00
1;22;12;34;54;6;0,00
1;22;12;38;23;5;0,00
1;22;12;38;23;14;13,00
1;22;12;38;23;13;2,00
1;22;12;38;23;2;104100,03
1;22;12;38;23;9;100144,23
1;22;12;38;23;12;97437,63
1;22;12;38;23;1;0,00
1;22;12;38;23;8;0,00
1;22;12;38;23;11;0,00
1;22;12;38;23;4;85,54
1;22;12;38;23;15;-4,41
1;22;12;38;23;18;-4,77
1;22;12;38;23;19;-4,79
1;22;12;42;31;3;99,93
1;22;12;50;24;16;20,78
1;22;13;2;2;16;19,72
1;22;13;3;12;5;0,00
1;22;13;3;12;14;10,00
1;22;13;3;12;13;1,00
1;22;13;3;12;2;80475,08
1;22;13;3;12;9;74198,02
1;22;13;3;12;12;84901,21
1;22;13;3;12;1;0,00
1;22;13;3;12;8;0,00
1;22;13;3;12;11;0,00
1;22;13;3;12;4;72,23
1;22;13;3;12;15;-2,42
1;22;13;3;12;18;-2,50
1;22;13;3;12;19;-2,50
1;22;13;38;32;-1;80,00
1;22;13;51;15;3;98,94
1;22;13;54;20;6;0,00
1;22;14;6;7;6;24,00
1;22;14;7;29;16;21,80
1;22;14;44;54;-1;60,00
1;22;14;51;17;5;0,00
1;22;14;51;17;14;14,00
1;22;14;51;17;13;13,00
1;22;14;51;17;2;58536,13
1;22;14;51;17;9;55492,25
1;22;14;51;17;12;58477,59
1;22;14;51;17;1;902,00
1;22;14;51;17;8;959,73
1;22;14;51;17;11;925,18
1;22;14;51;17;4;95,93
1;22;14;51;17;15;-1,59
1;22;14;51;17;18;-1,60
1;22;14;51;17;19;-1,54
1;22;14;54;38;3;102,64
1;22;15;14;35;-1;80,00
1;22;15;48;49;5;0,00
1;22;15;48;49;14;45,00
1;22;15;48;49;13;8,00
1;22;15;48;49;2;70244,04
1;22;15;48;49;9;76495,76
1;22;15;48;49;12;64203,05
1;22;15;48;49;1;0,00
1;22;15;48;49;8;0,00
1;22;15;48;49;11;0,00
1;22;15;48;49;4;74,75
1;22;15;48;49;15;-2,30
1;22;15;48;49;18;-2,33
1;22;15;48;49;19;-2,49
1;22;15;52;50;3;104,62
1;22;15;53;22;16;24,59
1;22;15;56;56;6;52,00
1;22;16;8;43;6;67,00
1;22;16;16;15;3;107,44
1;22;16;49;50;-1;60,00
1;22;16;56;5;16;27,89
1;22;16;59;36;5;129,00
1;22;16;59;36;14;59,00
1;22;16;59;36;13;119,00
1;22;16;59;36;2;51188,80
1;22;16;59;36;9;50472,16
1;22;16;59;36;12;54772,02
1;22;16;59;36;1;0,00
1;22;16;59;36;8;0,00
1;22;16;59;36;11;0,00
1;22;16;59;36;4;86,71
1;22;16;59;36;15;-1,32
1;22;16;59;36;18;-1,42
1;22;16;59;36;19;-1,56
1;22;17;3;52;6;86,00
1;22;17;15;28;-1;80,00
1;22;17;16;44;16;29,39
1;22;17;34;35;5;36,00
1;22;17;34;35;14;90,00
1;22;17;34;35;13;32,00
1;22;17;34;35;2;24919,97
1;22;17;34;35;9;24745,53
1;22;17;34;35;12;27237,52
1;22;17;34;35;1;401,00
1;22;17;34;35;8;423,06
1;22;17;34;35;11;439,13
1;22;17;34;35;4;79,98
1;22;17;34;35;15;-0,91
1;22;17;34;35;18;-0,86
1;22;17;34;35;19;-0,81
1;22;17;36;16;3;110,48
1;22;18;27;35;16;27,10
1;22;18;31;43;6;113,00
1;22;18;45;27;-1;80,00
1;22;18;53;30;5;131,00
1;22;18;53;30;14;100,00
1;22;18;53;30;13;137,00
1;22;18;53;30;2;16967,87
1;22;18;53;30;9;18511,95
1;22;18;53;30;12;15508,64
1;22;18;53;30;1;0,00
1;22;18;53;30;8;0,00
1;22;18;53;30;11;0,00
1;22;18;53;30;4;83,91
1;22;18;53;30;15;-0,29
1;22;18;53;30;18;-0,29
1;22;18;53;30;19;-0,30
1;22;18;53;38;3;105,99
1;22;19;10;16;6;94,00
1;22;19;14;18;-1;50,00
1;22;19;18;29;3;104,90
1;22;19;40;12;16;24,59
1;22;19;48;53;5;58,00
1;22;19;48;53;14;100,00
1;22;19;48;53;13;68,00
1;22;19;48;53;2;0,01
1;22;19;48;53;9;0,01
1;22;19;48;53;12;0,01
1;22;19;48;53;1;1435,00
1;22;19;48;53;8;1495,27
1;22;19;48;53;11;1629,84
1;22;19;48;53;4;100,00
1;22;19;48;53;15;-0,24
1;22;19;48;53;18;-0,22
1;22;19;48;53;19;-0,24
1;22;20;4;44;16;20,78
1;22;20;10;11;5;12,00
1;22;20;10;11;14;45,00
1;22;20;10;11;13;7,00
1;22;20;10;11;2;0,16
1;22;20;10;11;9;0,16
1;22;20;10;11;12;0,15
1;22;20;10;11;1;110,00
1;22;20;10;11;8;111,76
1;22;20;10;11;11;115,67
1;22;20;10;11;4;83,88
1;22;20;10;11;15;-1,67
1;22;20;10;11;18;-1,73
1;22;20;10;11;19;-1,81
1;22;20;14;29;-1;50,00
1;22;20;34;36;3;99,88
1;22;20;57;52;6;47,00
1;22;21;12;27;16;16,10
1;22;21;32;18;-1;60,00
1;22;21;34;35;3;97,40
1;22;21;35;41;5;115,00
1;22;21;35;41;14;86,00
1;22;21;35;41;13;119,00
1;22;21;35;41;2;0,00
1;22;21;35;41;9;0,00
1;22;21;35;41;12;0,00
1;22;21;35;41;1;130,00
1;22;21;35;41;8;134,16
1;22;21;35;41;11;143,01
1;22;21;35;41;4;87,06
1;22;21;35;41;15;-1,56
1;22;21;35;41;18;-1,57
1;22;21;35;41;19;-1,44
1;22;21;44;51;6;81,00
1;22;22;13;59;3;93,51
1;22;22;23;14;6;26,00
1;22;22;38;14;-1;70,00
1;22;22;42;27;5;181,00
1;22;22;42;27;14;37,00
1;22;22;42;27;13;189,00
1;22;22;42;27;2;0,06
1;22;22;42;27;9;0,06
1;22;22;42;27;12;0,05
1;22;22;42;27;1;1214,00
1;22;22;42;27;8;1243,14
1;22;22;42;27;11;1171,03
1;22;22;42;27;4;89,27
1;22;22;42;27;15;-0,56
1;22;22;42;27;18;-0,54
1;22;22;42;27;19;-0,56
1;22;22;57;32;16;13,15
1;22;23;5;13;5;62,00
1;22;23;5;13;14;11,00
1;22;23;5;13;13;72,00
1;22;23;5;13;2;0,02
1;22;23;5;13;9;0,02
1;22;23;5;13;12;0,02
1;22;23;5;13;1;122,00
1;22;23;5;13;8;132,25
1;22;23;5;13;11;128,41
1;22;23;5;13;4;76,13
1;22;23;5;13;15;1,51
1;22;23;5;13;18;1,37
1;22;23;5;13;19;1,28
1;22;23;16;9;6;0,00
1;22;23;19;23;3;88,11
1;22;23;37;9;16;9,30
1;22;23;38;11;-1;50,00
1;23;0;5;51;-1;60,00
1;23;0;9;3;5;0,00
1;23;0;9;3;14;34,00
1;23;0;9;3;13;0,00
1;23;0;9;3;2;0,15
1;23;0;9;3;9;0,15
1;23;0;9;3;12;0,16
1;23;0;9;3;1;1088,00
1;23;0;9;3;8;1180,48
1;23;0;9;3;11;1143,89
1;23;0;9;3;4;85,25
1;23;0;9;3;15;4,24
1;23;0;9;3;18;4,17
1;23;0;9;3;19;4,39
1;23;0;16;25;6;36,00
1;23;0;26;29;3;86,52
1;23;0;45;27;16;5,61
1;23;1;5;11;-1;60,00
1;23;1;22;27;5;0,00
1;23;1;22;27;14;6,00
1;23;1;22;27;13;4,00
1;23;1;22;27;2;0,06
1;23;1;22;27;9;0,05
1;23;1;22;27;12;0,06
1;23;1;22;27;1;0,00
1;23;1;22;27;8;0,00
1;23;1;22;27;11;0,00
1;23;1;22;27;4;81,80
1;23;1;22;27;15;4,39
1;23;1;22;27;18;4,61
1;23;1;22;27;19;4,61
1;23;1;42;28;3;83,47
1;23;1;43;40;6;0,00
1;23;1;59;43;16;4,35
1;23;2;13;18;-1;60,00
1;23;2;26;5;16;3,97
1;23;2;30;38;5;28,00
1;23;2;30;38;14;20,00
1;23;2;30;38;13;34,00
1;23;2;30;38;2;0,09
1;23;2;30;38;9;0,09
1;23;2;30;38;12;0,09
1;23;2;30;38;1;0,00
1;23;2;30;38;8;0,00
1;23;2;30;38;11;0,00
1;23;2;30;38;4;82,82
1;23;2;30;38;15;2,16
1;23;2;30;38;18;1,97
1;23;2;30;38;19;1,94
1;23;2;31;13;3;82,73
1;23;2;46;37;6;26,00
1;23;3;1;53;-1;70,00
1;23;3;26;26;6;66,00
1;23;3;32;56;16;4,70
1;23;3;46;51;5;88,00
1;23;3;46;51;14;51,00
1;23;3;46;51;13;87,00
1;23;3;46;51;2;0,19
1;23;3;46;51;9;0,19
1;23;3;46;51;12;0,19
1;23;3;46;51;1;0,00
1;23;3;46;51;8;0,00
1;23;3;46;51;11;0,00
1;23;3;46;51;4;76,63
1;23;3;46;51;15;0,73
1;23;3;46;51;18;0,74
1;23;3;46;51;19;0,75
1;23;3;54;28;3;85,94
1;23;4;3;22;16;7,10
1;23;4;14;50;-1;60,00
1;23;4;33;1;6;72,00
1;23;4;36;20;3;86,87
1;23;4;40;23;5;44,00
1;23;4;40;23;14;79,00
1;23;4;40;23;13;52,00
1;23;4;40;23;2;0,02
1;23;4;40;23;9;0,02
1;23;4;40;23;12;0,02
1;23;4;40;23;1;0,00
1;23;4;40;23;8;0,00
1;23;4;40;23;11;0,00
1;23;4;40;23;4;78,62
1;23;4;40;23;15;-0,73
1;23;4;40;23;18;-0,70
1;23;4;40;23;19;-0,66
1;23;5;2;8;6;16,00
1;23;5;5;29;3;88,93
1;23;5;12;35;-1;50,00
1;23;5;34;35;5;0,00
1;23;5;34;35;14;25,00
1;23;5;34;35;13;0,00
1;23;5;34;35;2;0,11
1;23;5;34;35;9;0,11
1;23;5;34;35;12;0,10
1;23;5;34;35;1;0,00
1;23;5;34;35;8;0,00
1;23;5;34;35;11;0,00
1;23;5;34;35;4;82,62
1;23;5;34;35;15;-4,03
1;23;5;34;35;18;-4,11
1;23;5;34;35;19;-4,30
1;23;5;40;45;16;9,72
1;23;6;6;38;-1;80,00
1;23;6;23;33;6;56,00
1;23;6;38;14;3;95,95
1;23;6;51;3;16;15,87
1;23;6;55;33;5;0,00
1;23;6;55;33;14;54,00
1;23;6;55;33;13;5,00
1;23;6;55;33;2;16459,34
1;23;6;55;33;9;16854,37
1;23;6;55;33;12;17018,96
1;23;6;55;33;1;0,00
1;23;6;55;33;8;0,00
1;23;6;55;33;11;0,00
1;23;6;55;33;4;73,13
1;23;6;55;33;15;-8,46
1;23;6;55;33;18;-7,77
1;23;6;55;33;19;-7,34
1;23;7;1;59;5;0,00
1;23;7;1;59;14;0,00
1;23;7;1;59;13;2,00
1;23;7;1;59;2;31320,09
1;23;7;1;59;9;28877,12
1;23;7;1;59;12;29534,84
1;23;7;1;59;1;0,00
1;23;7;1;59;8;0,00
1;23;7;1;59;11;0,00
1;23;7;1;59;4;77,53
1;23;7;1;59;15;-8,95
1;23;7;1;59;18;-8,65
1;23;7;1;59;19;-8,26
1;23;7;27;9;3;103,94
1;23;7;37;44;16;25,10
1;23;7;50;5;-1;80,00
1;23;7;52;39;6;0,00
1;23;8;6;32;-1;80,00
1;23;8;39;34;6;37,00
1;23;8;49;28;5;0,00
1;23;8;49;28;14;45,00
1;23;8;49;28;13;9,00
1;23;8;49;28;2;32104,88
1;23;8;49;28;9;32201,19
1;23;8;49;28;12;31238,04
1;23;8;49;28;1;0,00
1;23;8;49;28;8;0,00
1;23;8;49;28;11;0,00
1;23;8;49;28;4;86,38
1;23;8;49;28;15;-11,00
1;23;8;49;28;18;-10,63
1;23;8;49;28;19;-10,91
1;23;8;52;21;3;105,65
1;23;8;59;33;16;24,46
1;23;9;21;33;-1;80,00
1;23;9;33;6;3;102,82
1;23;9;41;43;6;0,00
1;23;9;44;37;16;23,14
1;23;9;45;20;5;0,00
1;23;9;45;20;14;1,00
1;23;9;45;20;13;5,00
1;23;9;45;20;2;37795,30
1;23;9;45;20;9;36737,03
1;23;9;45;20;12;36774,83
1;23;9;45;20;1;0,00
1;23;9;45;20;8;0,00
1;23;9;45;20;11;0,00
1;23;9;45;20;4;85,65
1;23;9;45;20;15;-9,81
1;23;9;45;20;18;-8,97
1;23;9;45;20;19;-8,38
1;23;10;2;54;-1;80,00
1;23;10;8;50;3;100,80
1;23;10;14;52;6;0,00
1;23;10;30;37;5;98,00
1;23;10;30;37;14;0,00
1;23;10;30;37;13;90,00
1;23;10;30;37;2;68647,53
1;23;10;30;37;9;71118,84
1;23;10;30;37;12;62675,20
1;23;10;30;37;1;0,00
1;23;10;30;37;8;0,00
1;23;10;30;37;11;0,00
1;23;10;30;37;4;73,82
1;23;10;30;37;15;-6,98
1;23;10;30;37;18;-6,42
1;23;10;30;37;19;-6,88
1;23;10;39;13;16;21,00
1;23;11;9;23;3;100,99
1;23;11;18;14;5;96,00
1;23;11;18;14;14;14,00
1;23;11;18;14;13;89,00
1;23;11;18;14;2;103900,14
1;23;11;18;14;9;109302,94
1;23;11;18;14;12;104939,14
1;23;11;18;14;1;0,00
1;23;11;18;14;8;0,00
1;23;11;18;14;11;0,00
1;23;11;18;14;4;86,57
1;23;11;18;14;15;-3,39
1;23;11;18;14;18;-3,29
1;23;11;18;14;19;-2,96
1;23;11;24;4;16;21,00
1;23;11;26;10;6;0,00
1;23;11;43;31;-1;80,00
1;23;12;11;38;3;104,74
1;23;12;11;38;5;1,00
1;23;12;11;38;14;0,00
1;23;12;11;38;13;12,00
1;23;12;11;38;2;104800,17
1;23;12;11;38;9;114651,38
1;23;12;11;38;12;94320,15
1;23;12;11;38;1;0,00
1;23;12;11;38;8;0,00
1;23;12;11;38;11;0,00
1;23;12;11;38;4;74,70
1;23;12;11;38;15;-2,21
1;23;12;11;38;18;-2,33
1;23;12;11;38;19;-2,30
1;23;12;32;40;16;23,55
1;23;12;33;30;-1;80,00
1;23;12;35;13;6;0,00
1;23;13;15;11;5;81,00
1;23;13;15;11;14;0,00
1;23;13;15;11;13;87,00
1;23;13;15;11;2;104100,06
1;23;13;15;11;9;105765,66
1;23;13;15;11;12;112740,37
1;23;13;15;11;1;0,00
1;23;13;15;11;8;0,00
1;23;13;15;11;11;0,00
1;23;13;15;11;4;83,74
1;23;13;15;11;15;0,28
1;23;13;15;11;18;0,25
1;23;13;15;11;19;0,25
1;23;13;37;27;16;25,10
1;23;13;44;44;-1;80,00
1;23;13;45;53;3;105,87
1;23;13;55;43;6;0,00
1;23;14;25;57;6;0,00
1;23;14;26;7;3;103,86
1;23;14;39;11;5;0,00
1;23;14;39;11;14;0,00
1;23;14;39;11;13;11,00
1;23;14;39;11;2;80619,14
1;23;14;39;11;9;77878,09
1;23;14;39;11;12;75137,04
1;23;14;39;11;1;0,00
1;23;14;39;11;8;0,00
1;23;14;39;11;11;0,00
1;23;14;39;11;4;79,86
1;23;14;39;11;15;4,63
1;23;14;39;11;18;4,55
1;23;14;39;11;19;4,97
1;23;14;45;39;-1;80,00
1;23;14;48;31;16;23,94
1;23;15;9;9;6;0,00
1;23;15;34;33;16;23,14
1;23;15;51;39;3;104,40
1;23;15;55;26;-1;80,00
1;23;15;57;23;5;69,00
1;23;15;57;23;14;4,00
1;23;15;57;23;13;59,00
1;23;15;57;23;2;84708,08
1;23;15;57;23;9;79795,01
1;23;15;57;23;12;80896,21
1;23;15;57;23;1;0,00
1;23;15;57;23;8;0,00
1;23;15;57;23;11;0,00
1;23;15;57;23;4;73,04
1;23;15;57;23;15;5,83
1;23;15;57;23;18;6,19
1;23;15;57;23;19;6,76
1;23;16;1;12;16;21,00
1;23;16;8;19;3;102,14
1;23;16;8;23;-1;80,00
1;23;16;8;26;6;0,00
1;23;16;27;1;5;0,00
1;23;16;27;1;14;0,00
1;23;16;27;1;13;0,00
1;23;16;27;1;2;109900,12
1;23;16;27;1;9;99679,41
1;23;16;27;1;12;114296,13
1;23;16;27;1;1;0,00
1;23;16;27;1;8;0,00
1;23;16;27;1;11;0,00
1;23;16;27;1;4;79,53
1;23;16;27;1;15;7,88
1;23;16;27;1;18;8,06
1;23;16;27;1;19;7,38
1;23;17;4;0;16;19,44
1;23;17;18;58;3;100,38
1;23;17;27;1;-1;80,00
1;23;17;33;19;5;0,00
1;23;17;33;19;14;0,00
1;23;17;33;19;13;0,00
1;23;17;33;19;2;78512,90
1;23;17;33;19;9;73331,05
1;23;17;33;19;12;79690,59
1;23;17;33;19;1;0,00
1;23;17;33;19;8;0,00
1;23;17;33;19;11;0,00
1;23;17;33;19;4;80,06
1;23;17;33;19;15;11,50
1;23;17;33;19;18;10,75
1;23;17;33;19;19;10,21
1;23;17;51;42;6;0,00
1;23;18;12;53;5;65,00
1;23;18;12;53;14;0,00
1;23;18;12;53;13;65,00
1;23;18;12;53;2;53600,15
1;23;18;12;53;9;48615,34
1;23;18;12;53;12;58209,77
1;23;18;12;53;1;0,00
1;23;18;12;53;8;0,00
1;23;18;12;53;11;0,00
1;23;18;12;53;4;74,28
1;23;18;12;53;15;11,15
1;23;18;12;53;18;11,50
1;23;18;12;53;19;12,38
1;23;18;14;50;-1;80,00
1;23;18;15;50;6;0,00
1;23;18;34;26;3;98,61
1;23;18;59;37;16;17,75
1;23;19;5;4;3;98,69
1;23;19;8;21;6;0,00
1;23;19;26;46;5;0,00
1;23;19;26;46;14;8,00
1;23;19;26;46;13;9,00
1;23;19;26;46;2;16080,19
1;23;19;26;46;9;16546,51
1;23;19;26;46;12;14761,61
1;23;19;26;46;1;0,00
1;23;19;26;46;8;0,00
1;23;19;26;46;11;0,00
1;23;19;26;46;4;86,51
1;23;19;26;46;15;9,00
1;23;19;26;46;18;9,13
1;23;19;26;46;19;8,26
1;23;19;34;43;16;17,75
1;23;19;48;42;-1;80,00
1;23;20;10;38;6;0,00
1;23;20;43;8;-1;50,00
1;23;20;47;59;3;98,00
1;23;20;50;37;16;17,75
1;23;20;59;35;5;13,00
1;23;20;59;35;14;0,00
1;23;20;59;35;13;7,00
1;23;20;59;35;2;0,17
1;23;20;59;35;9;0,16
1;23;20;59;35;12;0,18
1;23;20;59;35;1;0,00
1;23;20;59;35;8;0,00
1;23;20;59;35;11;0,00
1;23;20;59;35;4;72,99
1;23;20;59;35;15;7,25
1;23;20;59;35;18;7,50
1;23;20;59;35;19;7,32
1;23;21;9;29;16;13,75
1;23;21;14;48;-1;70,00
1;23;21;15;16;5;95,00
1;23;21;15;16;14;0,00
1;23;21;15;16;13;83,00
1;23;21;15;16;2;0,01
1;23;21;15;16;9;0,01
1;23;21;15;16;12;0,01
1;23;21;15;16;1;0,00
1;23;21;15;16;8;0,00
1;23;21;15;16;11;0,00
1;23;21;15;16;4;73,40
1;23;21;15;16;15;4,90
1;23;21;15;16;18;4,69
1;23;21;15;16;19;4,66
1;23;21;51;25;6;0,00
1;23;21;52;23;3;94,58
1;23;22;23;0;16;11,22
1;23;22;23;0;6;28,00
1;23;22;39;21;-1;60,00
1;23;22;42;15;5;0,00
1;23;22;42;15;14;18,00
1;23;22;42;15;13;0,00
1;23;22;42;15;2;0,11
1;23;22;42;15;9;0,11
1;23;22;42;15;12;0,12
1;23;22;42;15;1;0,00
1;23;22;42;15;8;0,00
1;23;22;42;15;11;0,00
1;23;22;42;15;4;85,41
1;23;22;42;15;15;4,37
1;23;22;42;15;18;4,42
1;23;22;42;15;19;4,37
1;23;22;44;1;3;92,63
1;23;23;6;53;6;67,00
1;23;23;7;54;5;43,00
1;23;23;7;54;14;59,00
1;23;23;7;54;13;39,00
1;23;23;7;54;2;0,03
1;23;23;7;54;9;0,03
1;23;23;7;54;12;0,03
1;23;23;7;54;1;0,00
1;23;23;7;54;8;0,00
1;23;23;7;54;11;0,00
1;23;23;7;54;4;77,13
1;23;23;7;54;15;1,64
1;23;23;7;54;18;1,80
1;23;23;7;54;19;1,64
1;23;23;9;33;3;86,85
1;23;23;40;23;16;7,94
1;23;23;51;29;-1;60,00
1;24;0;5;28;16;6,57
1;24;0;10;34;5;146,00
1;24;0;10;34;14;62,00
1;24;0;10;34;13;137,00
1;24;0;10;34;2;0,15
1;24;0;10;34;9;0,14
1;24;0;10;34;12;0,16
1;24;0;10;34;1;0,00
1;24;0;10;34;8;0,00
1;24;0;10;34;11;0,00
1;24;0;10;34;4;79,81
1;24;0;10;34;15;-0,05
1;24;0;10;34;18;-0,05
1;24;0;10;34;19;-0,04
1;24;0;13;55;3;86,02
1;24;0;27;58;-1;60,00
1;24;0;56;19;6;58,00
1;24;1;4;9;3;82,24
1;24;1;14;28;5;46,00
1;24;1;14;28;14;65,00
1;24;1;14;28;13;31,00
1;24;1;14;28;2;0,14
1;24;1;14;28;9;0,13
1;24;1;14;28;12;0,13
1;24;1;14;28;1;0,00
1;24;1;14;28;8;0,00
1;24;1;14;28;11;0,00
1;24;1;14;28;4;79,74
1;24;1;14;28;15;-2,09
1;24;1;14;28;18;-2,14
1;24;1;14;28;19;-2,04
1;24;1;19;47;6;73,00
1;24;1;29;55;-1;70,00
1;24;1;46;57;16;3,60
1;24;2;8;22;-1;60,00
1;24;2;35;16;16;3,29
1;24;2;45;12;6;95,00
1;24;2;45;38;5;51,00
1;24;2;45;38;14;100,00
1;24;2;45;38;13;56,00
1;24;2;45;38;2;0,05
1;24;2;45;38;9;0,06
1;24;2;45;38;12;0,05
1;24;2;45;38;1;0,00
1;24;2;45;38;8;0,00
1;24;2;45;38;11;0,00
1;24;2;45;38;4;78,25
1;24;2;45;38;15;-4,95
1;24;2;45;38;18;-5,17
1;24;2;45;38;19;-5,47
1;24;2;58;22;3;84,77
1;24;3;1;15;6;47,00
1;24;3;5;18;3;84,53
1;24;3;6;32;16;3,89
1;24;3;21;29;-1;70,00
1;24;3;40;28;5;103,00
1;24;3;40;28;14;53,00
1;24;3;40;28;13;102,00
1;24;3;40;28;2;0,04
1;24;3;40;28;9;0,04
1;24;3;40;28;12;0,04
1;24;3;40;28;1;0,00
1;24;3;40;28;8;0,00
1;24;3;40;28;11;0,00
1;24;3;40;28;4;82,00
1;24;3;40;28;15;-7,69
1;24;3;40;28;18;-8,17
1;24;3;40;28;19;-8,25
1;24;4;9;36;-1;70,00
1;24;4;32;39;6;0,00
1;24;4;35;16;5;115,00
1;24;4;35;16;14;0,00
1;24;4;35;16;13;114,00
1;24;4;35;16;2;0,13
1;24;4;35;16;9;0,13
1;24;4;35;16;12;0,13
1;24;4;35;16;1;0,00
1;24;4;35;16;8;0,00
1;24;4;35;16;11;0,00
1;24;4;35;16;4;83,96
1;24;4;35;16;15;-11,33
1;24;4;35;16;18;-12,35
1;24;4;35;16;19;-12,84
1;24;4;47;38;16;5,88
1;24;4;55;28;3;85,06
1;24;5;4;13;3;89,48
1;24;5;12;44;16;8,05
1;24;5;23;57;5;0,00
1;24;5;23;57;14;0,00
1;24;5;23;57;13;1,00
1;24;5;23;57;2;0,04
1;24;5;23;57;9;0,03
1;24;5;23;57;12;0,04
1;24;5;23;57;1;0,00
1;24;5;23;57;8;0,00
1;24;5;23;57;11;0,00
1;24;5;23;57;4;73,39
1;24;5;23;57;15;-12,26
1;24;5;23;57;18;-13,00
1;24;5;23;57;19;-11,79
1;24;5;30;7;6;0,00
1;24;5;39;42;-1;70,00
1;24;6;25;6;-1;80,00
1;24;6;38;42;3;87,90
1;24;6;46;58;6;0,00
1;24;6;55;34;5;16,00
1;24;6;55;34;14;13,00
1;24;6;55;34;13;29,00
1;24;6;55;34;2;14819,19
1;24;6;55;34;9;14107,87
1;24;6;55;34;12;14611,73
1;24;6;55;34;1;0,00
1;24;6;55;34;8;0,00
1;24;6;55;34;11;0,00
1;24;6;55;34;4;80,08
1;24;6;55;34;15;-12,81
1;24;6;55;34;18;-13,99
1;24;6;55;34;19;-13,58
1;24;6;59;9;16;9,30
1;24;7;8;39;6;0,00
1;24;7;9;46;3;91,41
1;24;7;18;35;5;0,00
1;24;7;18;35;14;0,00
1;24;7;18;35;13;0,00
1;24;7;18;35;2;24359,54
1;24;7;18;35;9;22971,04
1;24;7;18;35;12;23750,55
1;24;7;18;35;1;0,00
1;24;7;18;35;8;0,00
1;24;7;18;35;11;0,00
1;24;7;18;35;4;84,22
1;24;7;18;35;15;-11,70
1;24;7;18;35;18;-11,90
1;24;7;18;35;19;-10,78
1;24;7;27;48;-1;80,00
1;24;7;33;7;16;11,38
1;24;8;4;22;5;35,00
1;24;8;4;22;14;1,00
1;24;8;4;22;13;26,00
1;24;8;4;22;2;25856,02
1;24;8;4;22;9;24408,09
1;24;8;4;22;12;26295,58
1;24;8;4;22;1;0,00
1;24;8;4;22;8;0,00
1;24;8;4;22;11;0,00
1;24;8;4;22;4;74,47
1;24;8;4;22;15;-10,90
1;24;8;4;22;18;-11,11
1;24;8;4;22;19;-12,02
1;24;8;20;43;3;95,86
1;24;8;40;10;6;0,00
1;24;8;49;16;16;14,70
1;24;8;52;11;-1;80,00
1;24;9;14;58;3;101,47
1;24;9;27;45;6;0,00
1;24;9;30;5;5;8,00
1;24;9;30;5;14;0,00
1;24;9;30;5;13;0,00
1;24;9;30;5;2;46980,18
1;24;9;30;5;9;45805,68
1;24;9;30;5;12;42611,03
1;24;9;30;5;1;0,00
1;24;9;30;5;8;0,00
1;24;9;30;5;11;0,00
1;24;9;30;5;4;81,32
1;24;9;30;5;15;-9,70
1;24;9;30;5;18;-10,61
1;24;9;30;5;19;-10,21
1;24;9;32;34;16;20,78
1;24;9;57;0;-1;60,00
1;24;10;13;9;16;18,59
1;24;10;19;53;6;3,00
1;24;10;37;23;3;97,42
1;24;10;47;42;5;0,00
1;24;10;47;42;14;0,00
1;24;10;47;42;13;0,00
1;24;10;47;42;2;74015,13
1;24;10;47;42;9;69944,30
1;24;10;47;42;12;75495,43
1;24;10;47;42;1;0,00
1;24;10;47;42;8;0,00
1;24;10;47;42;11;0,00
1;24;10;47;42;4;85,71
1;24;10;47;42;15;-6,78
1;24;10;47;42;18;-7,16
1;24;10;47;42;19;-7,66
1;24;10;52;26;-1;80,00
1;24;11;20;19;5;94,00
1;24;11;20;19;14;0,00
1;24;11;20;19;13;86,00
1;24;11;20;19;2;71060,05
1;24;11;20;19;9;71699,59
1;24;11;20;19;12;75110,48
1;24;11;20;19;1;0,00
1;24;11;20;19;8;0,00
1;24;11;20;19;11;0,00
1;24;11;20;19;4;72,41
1;24;11;20;19;15;-2,89
1;24;11;20;19;18;-3,01
1;24;11;20;19;19;-3,29
1;24;11;24;13;3;97,36
1;24;11;37;6;-1;80,00
1;24;11;45;32;16;16,10
1;24;11;47;27;6;0,00
1;24;12;10;50;16;14,70
1;24;12;16;10;-1;80,00
1;24;12;22;5;5;0,00
1;24;12;22;5;14;0,00
1;24;12;22;5;13;0,00
1;24;12;22;5;2;77000,16
1;24;12;22;5;9;69377,15
1;24;12;22;5;12;81389,17
1;24;12;22;5;1;0,00
1;24;12;22;5;8;0,00
1;24;12;22;5;11;0,00
1;24;12;22;5;4;76,85
1;24;12;22;5;15;-3,59
1;24;12;22;5;18;-3,76
1;24;12;22;5;19;-3,69
1;24;12;28;33;3;93,77
1;24;12;54;16;6;0,00
1;24;13;0;47;16;13,94
1;24;13;30;42;-1;80,00
1;24;13;34;20;5;0,00
1;24;13;34;20;14;0,00
1;24;13;34;20;13;0,00
1;24;13;34;20;2;106524,02
1;24;13;34;20;9;103328,30
1;24;13;34;20;12;100878,24
1;24;13;34;20;1;0,00
1;24;13;34;20;8;0,00
1;24;13;34;20;11;0,00
1;24;13;34;20;4;84,07
1;24;13;34;20;15;-2,65
1;24;13;34;20;18;-2,65
1;24;13;34;20;19;-2,51
1;24;13;51;28;6;0,00
1;24;13;54;35;3;95,32
1;24;14;11;51;-1;80,00
1;24;14;18;23;5;0,00
1;24;14;18;23;14;7,00
1;24;14;18;23;13;3,00
1;24;14;18;23;2;82053,13
1;24;14;18;23;9;89684,07
1;24;14;18;23;12;89684,07
1;24;14;18;23;1;0,00
1;24;14;18;23;8;0,00
1;24;14;18;23;11;0,00
1;24;14;18;23;4;83,72
1;24;14;18;23;15;0,20
1;24;14;18;23;18;0,19
1;24;14;18;23;19;0,17
1;24;14;34;54;16;15,41
1;24;14;55;8;6;0,00
1;24;14;59;52;3;95,17
1;24;15;9;27;5;0,00
1;24;15;9;27;14;0,00
1;24;15;9;27;13;0,00
1;24;15;9;27;2;60726,12
1;24;15;9;27;9;64308,96
1;24;15;9;27;12;55260,77
1;24;15;9;27;1;1558,00
1;24;15;9;27;8;1480,10
1;24;15;9;27;11;1373,53
1;24;15;9;27;4;100,00
1;24;15;9;27;15;-0,15
1;24;15;9;27;18;-0,14
1;24;15;9;27;19;-0,14
1;24;15;10;0;-1;50,00
1;24;15;23;32;16;16,10
1;24;15;36;18;3;96,66
1;24;15;49;41;6;0,00
1;24;16;9;46;-1;80,00
1;24;16;15;29;5;0,00
1;24;16;15;29;14;3,00
1;24;16;15;29;13;5,00
1;24;16;15;29;2;104310,05
1;24;16;15;29;9;113176,40
1;24;16;15;29;12;108899,69
1;24;16;15;29;1;0,00
1;24;16;15;29;8;0,00
1;24;16;15;29;11;0,00
1;24;16;15;29;4;74,48
1;24;16;15;29;15;-0,79
1;24;16;15;29;18;-0,75
1;24;16;15;29;19;-0,80
1;24;16;40;52;6;0,00
1;24;16;51;36;3;96,09
1;24;16;54;47;16;17,39
1;24;17;2;42;5;8,00
1;24;17;2;42;14;27,00
1;24;17;2;42;13;8,00
1;24;17;2;42;2;85425,05
1;24;17;2;42;9;84058,25
1;24;17;2;42;12;85510,48
1;24;17;2;42;1;0,00
1;24;17;2;42;8;0,00
1;24;17;2;42;11;0,00
1;24;17;2;42;4;84,90
1;24;17;2;42;15;2,29
1;24;17;2;42;18;2,17
1;24;17;2;42;19;2,37
1;24;17;26;17;16;18,59
1;24;17;39;5;-1;80,00
1;24;17;47;45;3;98,74
1;24;17;50;17;6;21,00
1;24;18;22;35;6;53,00
1;24;18;40;38;-1;80,00
1;24;18;44;33;3;99,94
1;24;18;51;51;5;0,00
1;24;18;51;51;14;56,00
1;24;18;51;51;13;8,00
1;24;18;51;51;2;43868,17
1;24;18;51;51;9;40183,24
1;24;18;51;51;12;46631,87
1;24;18;51;51;1;0,00
1;24;18;51;51;8;0,00
1;24;18;51;51;11;0,00
1;24;18;51;51;4;86,12
1;24;18;51;51;15;4,42
1;24;18;51;51;18;4,31
1;24;18;51;51;19;4,70
1;24;18;52;44;16;20,78
1;24;19;2;51;5;70,00
1;24;19;2;51;14;0,00
1;24;19;2;51;13;82,00
1;24;19;2;51;2;12940,28
1;24;19;2;51;9;13328,49
1;24;19;2;51;12;13613,17
1;24;19;2;51;1;0,00
1;24;19;2;51;8;0,00
1;24;19;2;51;11;0,00
1;24;19;2;51;4;76,92
1;24;19;2;51;15;3,84
1;24;19;2;51;18;4,11
1;24;19;2;51;19;3,77
1;24;19;25;0;6;0,00
1;24;19;52;30;-1;80,00
1;24;19;55;31;16;19,16
1;24;19;55;57;3;98,88
1;24;20;6;54;5;34,00
1;24;20;6;54;14;14,00
1;24;20;6;54;13;42,00
1;24;20;6;54;2;0,06
1;24;20;6;54;9;0,06
1;24;20;6;54;12;0,06
1;24;20;6;54;1;0,00
1;24;20;6;54;8;0,00
1;24;20;6;54;11;0,00
1;24;20;6;54;4;72,06
1;24;20;6;54;15;1,63
1;24;20;6;54;18;1,71
1;24;20;6;54;19;1,69
1;24;20;27;23;-1;50,00
1;24;20;28;56;3;98,99
1;24;20;57;22;6;0,00
1;24;20;58;29;16;18,00
1;24;21;3;25;3;95,34
1;24;21;23;6;5;27,00
1;24;21;23;6;14;9,00
1;24;21;23;6;13;29,00
1;24;21;23;6;2;0,17
1;24;21;23;6;9;0,16
1;24;21;23;6;12;0,18
1;24;21;23;6;1;0,00
1;24;21;23;6;8;0,00
1;24;21;23;6;11;0,00
1;24;21;23;6;4;80,96
1;24;21;23;6;15;1,42
1;24;21;23;6;18;1,38
1;24;21;23;6;19;1,36
1;24;21;30;41;6;0,00
1;24;21;36;31;-1;50,00
1;24;21;55;33;16;16,76
1;24;22;11;4;6;5,00
1;24;22;20;53;5;29,00
1;24;22;20;53;14;15,00
1;24;22;20;53;13;17,00
1;24;22;20;53;2;0,03
1;24;22;20;53;9;0,03
1;24;22;20;53;12;0,03
1;24;22;20;53;1;726,00
1;24;22;20;53;8;660,66
1;24;22;20;53;11;647,45
1;24;22;20;53;4;79,01
1;24;22;20;53;15;-0,07
1;24;22;20;53;18;-0,07
1;24;22;20;53;19;-0,08
1;24;22;33;19;-1;60,00
1;24;22;41;53;3;93,44
1;24;22;45;13;16;13,15
1;24;23;7;41;5;80,00
1;24;23;7;41;14;17,00
1;24;23;7;41;13;78,00
1;24;23;7;41;2;0,08
1;24;23;7;41;9;0,08
1;24;23;7;41;12;0,08
1;24;23;7;41;1;0,00
1;24;23;7;41;8;0,00
1;24;23;7;41;11;0,00
1;24;23;7;41;4;86,93
1;24;23;7;41;15;0,44
1;24;23;7;41;18;0,45
1;24;23;7;41;19;0,48
1;24;23;22;16;-1;70,00
1;24;23;29;41;6;26,00
1;24;23;45;45;16;8,05
1;24;23;47;2;3;89,00
1;25;0;12;47;6;58,00
1;25;0;15;14;-1;70,00
1;25;0;30;11;3;83,56
1;25;0;51;2;5;24,00
1;25;0;51;2;14;66,00
1;25;0;51;2;13;34,00
1;25;0;51;2;2;0,21
1;25;0;51;2;9;0,20
1;25;0;51;2;12;0,21
1;25;0;51;2;1;0,00
1;25;0;51;2;8;0,00
1;25;0;51;2;11;0,00
1;25;0;51;2;4;79,34
1;25;0;51;2;15;-3,32
1;25;0;51;2;18;-3,55
1;25;0;51;2;19;-3,75
1;25;0;52;0;16;3,70
1;25;1;2;25;-1;60,00
1;25;1;28;47;5;5,00
1;25;1;28;47;14;22,00
1;25;1;28;47;13;19,00
1;25;1;28;47;2;0,10
1;25;1;28;47;9;0,10
1;25;1;28;47;12;0,11
1;25;1;28;47;1;0,00
1;25;1;28;47;8;0,00
1;25;1;28;47;11;0,00
1;25;1;28;47;4;82,99
1;25;1;28;47;15;-3,24
1;25;1;28;47;18;-3,35
1;25;1;28;47;19;-3,36
1;25;1;34;8;6;19,00
1;25;1;41;8;3;82,91
1;25;1;44;18;16;2,92
1;25;2;6;52;5;0,00
1;25;2;6;52;14;0,00
1;25;2;6;52;13;0,00
1;25;2;6;52;2;0,13
1;25;2;6;52;9;0,13
1;25;2;6;52;12;0,14
1;25;2;6;52;1;0,00
1;25;2;6;52;8;0,00
1;25;2;6;52;11;0,00
1;25;2;6;52;4;79,11
1;25;2;6;52;15;-7,53
1;25;2;6;52;18;-6,82
1;25;2;6;52;19;-7,23
1;25;2;15;11;6;0,00
1;25;2;37;14;3;82,51
1;25;2;51;44;16;2,26
1;25;2;54;52;-1;60,00
1;25;3;22;30;-1;70,00
1;25;3;24;31;6;0,00
1;25;3;48;2;16;1,85
1;25;3;57;16;3;81,70
1;25;3;59;49;5;96,00
1;25;3;59;49;14;0,00
1;25;3;59;49;13;81,00
1;25;3;59;49;2;0,21
1;25;3;59;49;9;0,21
1;25;3;59;49;12;0,23
1;25;3;59;49;1;0,00
1;25;3;59;49;8;0,00
1;25;3;59;49;11;0,00
1;25;3;59;49;4;80,67
1;25;3;59;49;15;-11,59
1;25;3;59;49;18;-11,93
1;25;3;59;49;19;-12,16
1;25;4;6;41;3;81,72
1;25;4;13;15;5;0,00
1;25;4;13;15;14;0,00
1;25;4;13;15;13;0,00
1;25;4;13;15;2;0,14
1;25;4;13;15;9;0,14
1;25;4;13;15;12;0,15
1;25;4;13;15;1;0,00
1;25;4;13;15;8;0,00
1;25;4;13;15;11;0,00
1;25;4;13;15;4;72,04
1;25;4;13;15;15;-12,55
1;25;4;13;15;18;-12,78
1;25;4;13;15;19;-13,47
1;25;4;31;20;16;2,26
1;25;4;45;12;6;0,00
1;25;4;56;35;-1;70,00
1;25;5;2;24;3;82,21
1;25;5;3;42;5;43,00
1;25;5;3;42;14;6,00
1;25;5;3;42;13;41,00
1;25;5;3;42;2;0,18
1;25;5;3;42;9;0,19
1;25;5;3;42;12;0,17
1;25;5;3;42;1;0,00
1;25;5;3;42;8;0,00
1;25;5;3;42;11;0,00
1;25;5;3;42;4;82,96
1;25;5;3;42;15;-13,10
1;25;5;3;42;18;-14,41
1;25;5;3;42;19;-15,43
1;25;5;6;50;-1;70,00
1;25;5;7;25;6;0,00
1;25;5;53;46;16;2,62
1;25;6;8;17;-1;60,00
1;25;6;8;23;3;83,51
1;25;6;14;14;16;2,92
1;25;6;23;11;5;87,00
1;25;6;23;11;14;1,00
1;25;6;23;11;13;101,00
1;25;6;23;11;2;18054,09
1;25;6;23;11;9;17530,52
1;25;6;23;11;12;17223,60
1;25;6;23;11;1;0,00
1;25;6;23;11;8;0,00
1;25;6;23;11;11;0,00
1;25;6;23;11;4;84,62
1;25;6;23;11;15;-13,50
1;25;6;23;11;18;-14,11
1;25;6;23;11;19;-15,31
1;25;6;43;44;6;11,00
1;25;7;23;20;16;3,70
1;25;7;24;21;-1;80,00
1;25;7;37;39;3;84,52
1;25;7;51;55;6;0,00
1;25;7;58;10;5;0,00
1;25;7;58;10;14;8,00
1;25;7;58;10;13;1,00
1;25;7;58;10;2;29880,02
1;25;7;58;10;9;28505,54
1;25;7;58;10;12;30955,70
1;25;7;58;10;1;0,00
1;25;7;58;10;8;0,00
1;25;7;58;10;11;0,00
1;25;7;58;10;4;83,25
1;25;7;58;10;15;-12,60
1;25;7;58;10;18;-12,66
1;25;7;58;10;19;-13,80
1;25;8;1;19;-1;80,00
1;25;8;28;23;3;85,00
1;25;8;39;2;6;0,00
1;25;8;40;22;16;5,06
1;25;8;54;15;5;75,00
1;25;8;54;15;14;3,00
1;25;8;54;15;13;87,00
1;25;8;54;15;2;43120,15
1;25;8;54;15;9;39972,38
1;25;8;54;15;12;46612,88
1;25;8;54;15;1;0,00
1;25;8;54;15;8;0,00
1;25;8;54;15;11;0,00
1;25;8;54;15;4;78,59
1;25;8;54;15;15;-12,00
1;25;8;54;15;18;-12,28
1;25;8;54;15;19;-11,91
1;25;9;0;48;6;0,00
1;25;9;25;4;-1;80,00
1;25;9;38;34;5;0,00
1;25;9;38;34;14;0,00
1;25;9;38;34;13;0,00
1;25;9;38;34;2;50547,07
1;25;9;38;34;9;48525,19
1;25;9;38;34;12;54085,37
1;25;9;38;34;1;0,00
1;25;9;38;34;8;0,00
1;25;9;38;34;11;0,00
1;25;9;38;34;4;76,19
1;25;9;38;34;15;-11,50
1;25;9;38;34;18;-12,13
1;25;9;38;34;19;-13,29
1;25;9;56;3;3;89,58
1;25;9;59;33;16;8,27
1;25;10;4;22;16;13,08
1;25;10;6;44;6;24,00
1;25;10;17;20;5;0,00
1;25;10;17;20;14;35,00
1;25;10;17;20;13;4,00
1;25;10;17;20;2;48794,49
1;25;10;17;20;9;45427,67
1;25;10;17;20;12;49282,44
1;25;10;17;20;1;1638,00
1;25;10;17;20;8;1692,05
1;25;10;17;20;11;1548,23
1;25;10;17;20;4;91,16
1;25;10;17;20;15;-9,65
1;25;10;17;20;18;-9,79
1;25;10;17;20;19;-9,96
1;25;10;29;25;3;92,82
1;25;10;52;2;-1;60,00
1;25;11;20;56;-1;60,00
1;25;11;27;39;16;10,13
1;25;11;35;58;6;30,00
1;25;11;53;31;3;89,86
1;25;11;54;21;5;70,00
1;25;11;54;21;14;39,00
1;25;11;54;21;13;64,00
1;25;11;54;21;2;57200,11
1;25;11;54;21;9;58058,11
1;25;11;54;21;12;62576,92
1;25;11;54;21;1;1795,00
1;25;11;54;21;8;1656,79
1;25;11;54;21;11;1683,29
1;25;11;54;21;4;97,61
1;25;11;54;21;15;-10,30
1;25;11;54;21;18;-10,94
1;25;11;54;21;19;-11,06
1;25;12;8;30;6;0,00
1;25;12;16;4;5;0,00
1;25;12;16;4;14;15,00
1;25;12;16;4;13;10,00
1;25;12;16;4;2;89672,16
1;25;12;16;4;9;85726,59
1;25;12;16;4;12;89761,84
1;25;12;16;4;1;0,00
1;25;12;16;4;8;0,00
1;25;12;16;4;11;0,00
1;25;12;16;4;4;73,27
1;25;12;16;4;15;-9,76
1;25;12;16;4;18;-8,97
1;25;12;16;4;19;-8,57
1;25;12;29;28;16;9,25
1;25;12;31;41;3;90,03
1;25;12;58;31;-1;80,00
1;25;13;0;25;-1;80,00
1;25;13;21;53;6;0,00
1;25;13;40;33;16;8,77
1;25;13;46;31;3;90,08
1;25;13;53;27;5;40,00
1;25;13;53;27;14;4,00
1;25;13;53;27;13;50,00
1;25;13;53;27;2;99170,14
1;25;13;53;27;9;96393,37
1;25;13;53;27;12;106112,05
1;25;13;53;27;1;0,00
1;25;13;53;27;8;0,00
1;25;13;53;27;11;0,00
1;25;13;53;27;4;83,24
1;25;13;53;27;15;-6,47
1;25;13;53;27;18;-6,82
1;25;13;53;27;19;-7,24
1;25;14;0;55;-1;80,00
1;25;14;8;16;16;9,70
1;25;14;11;56;3;89,04
1;25;14;40;18;5;53,00
1;25;14;40;18;14;11,00
1;25;14;40;18;13;64,00
1;25;14;40;18;2;87376,20
1;25;14;40;18;9;88686,85
1;25;14;40;18;12;94366,30
1;25;14;40;18;1;0,00
1;25;14;40;18;8;0,00
1;25;14;40;18;11;0,00
1;25;14;40;18;4;87,00
1;25;14;40;18;15;-2,28
1;25;14;40;18;18;-2,07
1;25;14;40;18;19;-2,07
1;25;14;44;31;6;0,00
1;25;15;3;39;5;0,00
1;25;15;3;39;14;3,00
1;25;15;3;39;13;4,00
1;25;15;3;39;2;93052,12
1;25;15;3;39;9;97797,78
1;25;15;3;39;12;84026,06
1;25;15;3;39;1;0,00
1;25;15;3;39;8;0,00
1;25;15;3;39;11;0,00
1;25;15;3;39;4;71,65
1;25;15;3;39;15;1,13
1;25;15;3;39;18;1,07
1;25;15;3;39;19;1,16
1;25;15;5;26;-1;80,00
1;25;15;40;30;3;89,67
1;25;15;46;3;16;10,94
1;25;15;48;42;6;0,00
1;25;16;3;51;-1;80,00
1;25;16;24;9;5;0,00
1;25;16;24;9;14;0,00
1;25;16;24;9;13;6,00
1;25;16;24;9;2;57342,18
1;25;16;24;9;9;61470,82
1;25;16;24;9;12;52238,73
1;25;16;24;9;1;373,00
1;25;16;24;9;8;341,30
1;25;16;24;9;11;325,94
1;25;16;24;9;4;84,97
1;25;16;24;9;15;2,75
1;25;16;24;9;18;2,62
1;25;16;24;9;19;2,87
1;25;16;27;34;16;12,41
1;25;16;43;12;3;91,31
1;25;16;45;46;6;0,00
1;25;17;8;7;5;0,00
1;25;17;8;7;14;0,00
1;25;17;8;7;13;6,00
1;25;17;8;7;2;46626,84
1;25;17;8;7;9;46626,84
1;25;17;8;7;12;41964,15
1;25;17;8;7;1;1120,00
1;25;17;8;7;8;1071,84
1;25;17;8;7;11;965,73
1;25;17;8;7;4;93,33
1;25;17;8;7;15;3,33
1;25;17;8;7;18;3,05
1;25;17;8;7;19;3,15
1;25;17;11;47;3;94,13
1;25;17;18;20;16;13,08
1;25;17;18;24;6;12,00
1;25;17;56;30;-1;80,00
1;25;18;5;37;6;0,00
1;25;18;7;16;5;97,00
1;25;18;7;16;14;14,00
1;25;18;7;16;13;85,00
1;25;18;7;16;2;23892,11
1;25;18;7;16;9;24417,73
1;25;18;7;16;12;22864,75
1;25;18;7;16;1;1408,00
1;25;18;7;16;8;1548,80
1;25;18;7;16;11;1503,88
1;25;18;7;16;4;86,43
1;25;18;7;16;15;5,91
1;25;18;7;16;18;5,74
1;25;18;7;16;19;5,30
1;25;18;32;44;16;12,06
1;25;18;40;43;-1;80,00
1;25;18;41;29;3;92,07
1;25;19;19;36;3;91,43
1;25;19;26;9;-1;80,00
1;25;19;28;38;5;14,00
1;25;19;28;38;14;19,00
1;25;19;28;38;13;29,00
1;25;19;28;38;2;11931,25
1;25;19;28;38;9;12229,53
1;25;19;28;38;12;13016,99
1;25;19;28;38;1;0,00
1;25;19;28;38;8;0,00
1;25;19;28;38;11;0,00
1;25;19;28;38;4;79,63
1;25;19;28;38;15;6,38
1;25;19;28;38;18;6,78
1;25;19;28;38;19;7,06
1;25;19;35;25;6;25,00
1;25;19;36;12;16;10,94
1;25;20;11;2;16;9,25
1;25;20;29;46;-1;70,00
1;25;20;40;16;6;58,00
1;25;20;56;42;3;90,06
1;25;20;58;28;5;0,00
1;25;20;58;28;14;51,00
1;25;20;58;28;13;5,00
1;25;20;58;28;2;0,03
1;25;20;58;28;9;0,03
1;25;20;58;28;12;0,04
1;25;20;58;28;1;0,00
1;25;20;58;28;8;0,00
1;25;20;58;28;11;0,00
1;25;20;58;28;4;85,64
1;25;20;58;28;15;3,78
1;25;20;58;28;18;3,50
1;25;20;58;28;19;3,39
1;25;21;16;9;16;7,16
1;25;21;18;41;-1;60,00
1;25;21;20;35;3;88,20
1;25;21;28;0;5;84,00
1;25;21;28;0;14;8,00
1;25;21;28;0;13;75,00
1;25;21;28;0;2;0,02
1;25;21;28;0;9;0,02
1;25;21;28;0;12;0,02
1;25;21;28;0;1;0,00
1;25;21;28;0;8;0,00
1;25;21;28;0;11;0,00
1;25;21;28;0;4;86,03
1;25;21;28;0;15;2,67
1;25;21;28;0;18;2,58
1;25;21;28;0;19;2,37
1;25;21;58;13;6;20,00
1;25;22;20;18;16;5,85
1;25;22;24;2;5;66,00
1;25;22;24;2;14;50,00
1;25;22;24;2;13;59,00
1;25;22;24;2;2;0,15
1;25;22;24;2;9;0,16
1;25;22;24;2;12;0,14
1;25;22;24;2;1;0,00
1;25;22;24;2;8;0,00
1;25;22;24;2;11;0,00
1;25;22;24;2;4;75,27
1;25;22;24;2;15;-1,40
1;25;22;24;2;18;-1,35
1;25;22;24;2;19;-1,46
1;25;22;27;53;3;86,94
1;25;22;44;8;-1;60,00
1;25;22;52;3;6;42,00
1;25;23;0;53;3;84,54
1;25;23;6;16;-1;60,00
1;25;23;16;5;5;0,00
1;25;23;16;5;14;0,00
1;25;23;16;5;13;5,00
1;25;23;16;5;2;0,21
1;25;23;16;5;9;0,23
1;25;23;16;5;12;0,20
1;25;23;16;5;1;0,00
1;25;23;16;5;8;0,00
1;25;23;16;5;11;0,00
1;25;23;16;5;4;71,98
1;25;23;16;5;15;-4,51
1;25;23;16;5;18;-4,92
1;25;23;16;5;19;-5,10
1;25;23;19;34;16;4,14
1;25;23;28;13;6;1,00
1;26;0;15;3;-1;50,00
1;26;0;26;35;6;0,00
1;26;0;41;26;5;87,00
1;26;0;41;26;14;13,00
1;26;0;41;26;13;84,00
1;26;0;41;26;2;0,19
1;26;0;41;26;9;0,18
1;26;0;41;26;12;0,17
1;26;0;41;26;1;0,00
1;26;0;41;26;8;0,00
1;26;0;41;26;11;0,00
1;26;0;41;26;4;77,84
1;26;0;41;26;15;-8,57
1;26;0;41;26;18;-8,55
1;26;0;41;26;19;-8,06
1;26;0;46;35;16;6,71
1;26;0;54;21;3;86,56
1;26;1;1;42;6;0,00
1;26;1;14;3;-1;50,00
1;26;1;19;22;16;5,20
1;26;1;26;30;3;84,75
1;26;1;46;58;5;48,00
1;26;1;46;58;14;0,00
1;26;1;46;58;13;34,00
1;26;1;46;58;2;0,17
1;26;1;46;58;9;0,15
1;26;1;46;58;12;0,18
1;26;1;46;58;1;0,00
1;26;1;46;58;8;0,00
1;26;1;46;58;11;0,00
1;26;1;46;58;4;84,49
1;26;1;46;58;15;-10,95
1;26;1;46;58;18;-11,64
1;26;1;46;58;19;-11,24
1;26;2;1;46;-1;70,00
1;26;2;28;32;16;4,74
1;26;2;30;38;3;86,15
1;26;2;51;9;5;0,00
1;26;2;51;9;14;14,00
1;26;2;51;9;13;0,00
1;26;2;51;9;2;0,19
1;26;2;51;9;9;0,18
1;26;2;51;9;12;0,18
1;26;2;51;9;1;0,00
1;26;2;51;9;8;0,00
1;26;2;51;9;11;0,00
1;26;2;51;9;4;72,42
1;26;2;51;9;15;-13,50
1;26;2;51;9;18;-14,81
1;26;2;51;9;19;-13,82
1;26;2;53;54;6;0,00
1;26;3;13;32;5;0,00
1;26;3;13;32;14;11,00
1;26;3;13;32;13;11,00
1;26;3;13;32;2;0,05
1;26;3;13;32;9;0,05
1;26;3;13;32;12;0,05
1;26;3;13;32;1;0,00
1;26;3;13;32;8;0,00
1;26;3;13;32;11;0,00
1;26;3;13;32;4;77,15
1;26;3;13;32;15;-13,20
1;26;3;13;32;18;-12,90
1;26;3;13;32;19;-12,59
1;26;3;15;18;16;5,61
1;26;3;30;5;6;26,00
1;26;3;31;58;3;85,78
1;26;3;57;14;-1;60,00
1;26;4;32;32;6;2,00
1;26;4;45;14;-1;60,00
1;26;4;50;50;16;8,49
1;26;4;53;15;5;126,00
1;26;4;53;15;14;0,00
1;26;4;53;15;13;132,00
1;26;4;53;15;2;0,16
1;26;4;53;15;9;0,14
1;26;4;53;15;12;0,16
1;26;4;53;15;1;0,00
1;26;4;53;15;8;0,00
1;26;4;53;15;11;0,00
1;26;4;53;15;4;77,51
1;26;4;53;15;15;-13,50
1;26;4;53;15;18;-13,61
1;26;4;53;15;19;-14,86
1;26;4;57;23;3;89,62
1;26;5;29;7;3;92,04
1;26;5;29;54;-1;50,00
1;26;5;47;11;5;0,00
1;26;5;47;11;14;25,00
1;26;5;47;11;13;0,00
1;26;5;47;11;2;0,15
1;26;5;47;11;9;0,16
1;26;5;47;11;12;0,15
1;26;5;47;11;1;0,00
1;26;5;47;11;8;0,00
1;26;5;47;11;11;0,00
1;26;5;47;11;4;75,01
1;26;5;47;11;15;-13,50
1;26;5;47;11;18;-14,61
1;26;5;47;11;19;-13,96
1;26;5;47;12;6;33,00
1;26;5;58;14;16;11,62
1;26;6;8;53;5;0,00
1;26;6;8;53;14;30,00
1;26;6;8;53;13;10,00
1;26;6;8;53;2;17910,10
1;26;6;8;53;9;17372,80
1;26;6;8;53;12;18930,98
1;26;6;8;53;1;0,00
1;26;6;8;53;8;0,00
1;26;6;8;53;11;0,00
1;26;6;8;53;4;82,76
1;26;6;8;53;15;-13,50
1;26;6;8;53;18;-12,72
1;26;6;8;53;19;-12,21
1;26;6;12;26;16;24,19
1;26;6;25;50;3;102,70
1;26;6;27;35;-1;80,00
1;26;6;31;16;6;19,00
1;26;7;1;35;3;110,17
1;26;7;12;40;6;48,00
1;26;7;16;35;-1;80,00
1;26;7;41;23;5;0,00
1;26;7;41;23;14;52,00
1;26;7;41;23;13;6,00
1;26;7;41;23;2;31980,07
1;26;7;41;23;9;30732,84
1;26;7;41;23;12;30668,88
1;26;7;41;23;1;0,00
1;26;7;41;23;8;0,00
1;26;7;41;23;11;0,00
1;26;7;41;23;4;75,79
1;26;7;41;23;15;-12,60
1;26;7;41;23;18;-13,07
1;26;7;41;23;19;-14,03
1;26;7;51;37;16;30,00
1;26;8;0;18;-1;80,00
1;26;8;0;57;3;109,39
1;26;8;17;20;5;0,00
1;26;8;17;20;14;10,00
1;26;8;17;20;13;10,00
1;26;8;17;20;2;42440,17
1;26;8;17;20;9;42822,13
1;26;8;17;20;12;42185,53
1;26;8;17;20;1;0,00
1;26;8;17;20;8;0,00
1;26;8;17;20;11;0,00
1;26;8;17;20;4;86,00
1;26;8;17;20;15;-12,00
1;26;8;17;20;18;-12,46
1;26;8;17;20;19;-12,26
1;26;8;22;4;6;0,00
1;26;8;54;21;16;29,24
1;26;9;12;22;16;27,66
1;26;9;37;36;5;0,00
1;26;9;37;36;14;0,00
1;26;9;37;36;13;15,00
1;26;9;37;36;2;61689,64
1;26;9;37;36;9;59036,99
1;26;9;37;36;12;66254,67
1;26;9;37;36;1;0,00
1;26;9;37;36;8;0,00
1;26;9;37;36;11;0,00
1;26;9;37;36;4;81,70
1;26;9;37;36;15;-11,16
1;26;9;37;36;18;-11,27
1;26;9;37;36;19;-12,11
1;26;9;48;37;-1;80,00
1;26;9;53;12;6;0,00
1;26;9;58;5;3;107,25
1;26;10;2;4;3;106,23
1;26;10;6;45;5;3,00
1;26;10;6;45;14;4,00
1;26;10;6;45;13;0,00
1;26;10;6;45;2;69923,88
1;26;10;6;45;9;75447,87
1;26;10;6;45;12;69923,88
1;26;10;6;45;1;0,00
1;26;10;6;45;8;0,00
1;26;10;6;45;11;0,00
1;26;10;6;45;4;84,06
1;26;10;6;45;15;-10,30
1;26;10;6;45;18;-9,87
1;26;10;6;45;19;-9,27
1;26;10;22;45;16;25,10
1;26;10;32;18;-1;80,00
1;26;10;37;7;6;0,00
1;26;11;10;34;16;23,24
1;26;11;14;36;5;0,00
1;26;11;14;36;14;22,00
1;26;11;14;36;13;0,00
1;26;11;14;36;2;101600,01
1;26;11;14;36;9;106273,61
1;26;11;14;36;12;98552,01
1;26;11;14;36;1;0,00
1;26;11;14;36;8;0,00
1;26;11;14;36;11;0,00
1;26;11;14;36;4;77,88
1;26;11;14;36;15;-9,15
1;26;11;14;36;18;-9,41
1;26;11;14;36;19;-10,21
1;26;11;25;46;6;33,00
1;26;11;38;22;-1;80,00
1;26;11;43;6;3;102,48
1;26;12;3;30;5;11,00
1;26;12;3;30;14;5,00
1;26;12;3;30;13;2,00
1;26;12;3;30;2;104200,16
1;26;12;3;30;9;110556,37
1;26;12;3;30;12;114307,58
1;26;12;3;30;1;0,00
1;26;12;3;30;8;0,00
1;26;12;3;30;11;0,00
1;26;12;3;30;4;72,55
1;26;12;3;30;15;-6,18
1;26;12;3;30;18;-5,61
1;26;12;3;30;19;-5,79
1;26;12;5;57;3;101,22
1;26;12;25;32;6;0,00
1;26;12;41;4;16;21,21
1;26;12;47;41;-1;80,00
1;26;13;9;39;16;20,12
1;26;13;15;24;3;99,08
1;26;13;19;46;5;67,00
1;26;13;19;46;14;0,00
1;26;13;19;46;13;77,00
1;26;13;19;46;2;105800,15
1;26;13;19;46;9;112359,76
1;26;13;19;46;12;115956,97
1;26;13;19;46;1;0,00
1;26;13;19;46;8;0,00
1;26;13;19;46;11;0,00
1;26;13;19;46;4;85,46
1;26;13;19;46;15;-2,23
1;26;13;19;46;18;-2,20
1;26;13;19;46;19;-2,21
1;26;13;21;54;-1;80,00
1;26;13;36;2;6;0,00
1;26;14;4;9;5;0,00
1;26;14;4;9;14;18,00
1;26;14;4;9;13;0,00
1;26;14;4;9;2;99400,13
1;26;14;4;9;9;98803,73
1;26;14;4;9;12;98406,13
1;26;14;4;9;1;0,00
1;26;14;4;9;8;0,00
1;26;14;4;9;11;0,00
1;26;14;4;9;4;72,03
1;26;14;4;9;15;-0,31
1;26;14;4;9;18;-0,28
1;26;14;4;9;19;-0,29
1;26;14;23;23;3;102,31
1;26;14;32;20;16;22,25
1;26;14;35;28;6;10,00
1;26;14;54;34;-1;80,00
1;26;15;19;23;6;15,00
1;26;15;19;59;-1;80,00
1;26;15;21;40;5;0,00
1;26;15;21;40;14;0,00
1;26;15;21;40;13;15,00
1;26;15;21;40;2;103900,01
1;26;15;21;40;9;98912,81
1;26;15;21;40;12;102237,61
1;26;15;21;40;1;0,00
1;26;15;21;40;8;0,00
1;26;15;21;40;11;0,00
1;26;15;21;40;4;75,03
1;26;15;21;40;15;1,37
1;26;15;21;40;18;1,39
1;26;15;21;40;19;1,43
1;26;15;40;2;16;25,10
1;26;15;45;18;3;104,50
1;26;16;14;15;3;107,99
1;26;16;14;48;6;0,00
1;26;16;30;52;-1;80,00
1;26;16;36;22;16;28,46
1;26;16;49;7;5;0,00
1;26;16;49;7;14;0,00
1;26;16;49;7;13;13,00
1;26;16;49;7;2;107800,20
1;26;16;49;7;9;103164,79
1;26;16;49;7;12;107045,59
1;26;16;49;7;1;0,00
1;26;16;49;7;8;0,00
1;26;16;49;7;11;0,00
1;26;16;49;7;4;73,19
1;26;16;49;7;15;2,96
1;26;16;49;7;18;2,99
1;26;16;49;7;19;3,23
1;26;17;19;37;16;30,00
1;26;17;31;6;3;110,04
1;26;17;44;16;-1;80,00
1;26;17;56;7;6;0,00
1;26;17;56;16;5;0,00
1;26;17;56;16;14;0,00
1;26;17;56;16;13;2,00
1;26;17;56;16;2;88145,10
1;26;17;56;16;9;86382,20
1;26;17;56;16;12;80212,04
1;26;17;56;16;1;0,00
1;26;17;56;16;8;0,00
1;26;17;56;16;11;0,00
1;26;17;56;16;4;78,24
1;26;17;56;16;15;4,23
1;26;17;56;16;18;4,25
1;26;17;56;16;19;4,17
1;26;18;11;40;5;0,00
1;26;18;11;40;14;1,00
1;26;18;11;40;13;9,00
1;26;18;11;40;2;54900,21
1;26;18;11;40;9;56492,31
1;26;18;11;40;12;51002,29
1;26;18;11;40;1;0,00
1;26;18;11;40;8;0,00
1;26;18;11;40;11;0,00
1;26;18;11;40;4;79,59
1;26;18;11;40;15;6,81
1;26;18;11;40;18;6,44
1;26;18;11;40;19;5,91
1;26;18;14;46;-1;80,00
1;26;18;17;12;6;15,00
1;26;18;18;28;3;106,58
1;26;18;33;58;16;27,66
1;26;19;17;49;6;0,00
1;26;19;17;57;16;25,10
1;26;19;18;52;-1;80,00
1;26;19;36;4;5;4,00
1;26;19;36;4;14;0,00
1;26;19;36;4;13;19,00
1;26;19;36;4;2;13872,15
1;26;19;36;4;9;14135,72
1;26;19;36;4;12;14704,48
1;26;19;36;4;1;0,00
1;26;19;36;4;8;0,00
1;26;19;36;4;11;0,00
1;26;19;36;4;4;83,38
1;26;19;36;4;15;8,68
1;26;19;36;4;18;8,36
1;26;19;36;4;19;7,79
1;26;19;56;34;3;105,23
1;26;20;0;12;16;21,21
1;26;20;0;47;-1;50,00
1;26;20;4;22;5;54,00
1;26;20;4;22;14;0,00
1;26;20;4;22;13;68,00
1;26;20;4;22;2;0,11
1;26;20;4;22;9;0,12
1;26;20;4;22;12;0,11
1;26;20;4;22;1;0,00
1;26;20;4;22;8;0,00
1;26;20;4;22;11;0,00
1;26;20;4;22;4;74,67
1;26;20;4;22;15;8,00
1;26;20;4;22;18;8,11
1;26;20;4;22;19;7,96
1;26;20;11;57;3;102,46
1;26;20;53;0;6;0,00
1;26;21;0;15;16;16,43
1;26;21;32;18;3;97,23
1;26;21;35;59;-1;60,00
1;26;21;38;4;6;0,00
1;26;21;52;36;5;62,00
1;26;21;52;36;14;10,00
1;26;21;52;36;13;48,00
1;26;21;52;36;2;0,04
1;26;21;52;36;9;0,04
1;26;21;52;36;12;0,04
1;26;21;52;36;1;0,00
1;26;21;52;36;8;0,00
1;26;21;52;36;11;0,00
1;26;21;52;36;4;77,52
1;26;21;52;36;15;4,55
1;26;21;52;36;18;4,94
1;26;21;52;36;19;4,53
1;26;22;2;50;-1;70,00
1;26;22;7;5;5;93,00
1;26;22;7;5;14;0,00
1;26;22;7;5;13;107,00
1;26;22;7;5;2;0,08
1;26;22;7;5;9;0,09
1;26;22;7;5;12;0,09
1;26;22;7;5;1;1993,00
1;26;22;7;5;8;1923,25
1;26;22;7;5;11;1852,08
1;26;22;7;5;4;95,24
1;26;22;7;5;15;1,57
1;26;22;7;5;18;1,68
1;26;22;7;5;19;1,54
1;26;22;33;23;6;0,00
1;26;22;37;35;16;13,42
1;26;22;53;23;3;94,89
1;26;23;2;51;3;89,17
1;26;23;3;3;5;57,00
1;26;23;3;3;14;1,00
1;26;23;3;3;13;45,00
1;26;23;3;3;2;0,02
1;26;23;3;3;9;0,02
1;26;23;3;3;12;0,01
1;26;23;3;3;1;0,00
1;26;23;3;3;8;0,00
1;26;23;3;3;11;0,00
1;26;23;3;3;4;74,41
1;26;23;3;3;15;-0,01
1;26;23;3;3;18;-0,01
1;26;23;3;3;19;-0,01
1;26;23;13;5;6;12,00
1;26;23;29;13;-1;60,00
1;26;23;45;53;16;9,49
1;27;0;9;38;6;0,00
1;27;0;19;32;3;88,11
1;27;0;30;46;5;90,00
1;27;0;30;46;14;0,00
1;27;0;30;46;13;75,00
1;27;0;30;46;2;0,13
1;27;0;30;46;9;0,12
1;27;0;30;46;12;0,13
1;27;0;30;46;1;0,00
1;27;0;30;46;8;0,00
1;27;0;30;46;11;0,00
1;27;0;30;46;4;86,80
1;27;0;30;46;15;-0,02
1;27;0;30;46;18;-0,02
1;27;0;30;46;19;-0,02
1;27;0;31;12;-1;60,00
1;27;0;46;27;16;6,71
1;27;1;5;44;6;0,00
1;27;1;30;8;5;57,00
1;27;1;30;8;14;0,00
1;27;1;30;8;13;72,00
1;27;1;30;8;2;0,17
1;27;1;30;8;9;0,15
1;27;1;30;8;12;0,17
1;27;1;30;8;1;0,00
1;27;1;30;8;8;0,00
1;27;1;30;8;11;0,00
1;27;1;30;8;4;75,09
1;27;1;30;8;15;-1,62
1;27;1;30;8;18;-1,57
1;27;1;30;8;19;-1,72
1;27;1;32;17;-1;60,00
1;27;1;35;5;16;5,20
1;27;1;58;18;3;84,23
1;27;2;7;4;3;83,49
1;27;2;11;45;-1;60,00
1;27;2;21;30;6;11,00
1;27;2;38;37;16;4,74
1;27;2;57;18;5;59,00
1;27;2;57;18;14;20,00
1;27;2;57;18;13;73,00
1;27;2;57;18;2;0,06
1;27;2;57;18;9;0,05
1;27;2;57;18;12;0,06
1;27;2;57;18;1;0,00
1;27;2;57;18;8;0,00
1;27;2;57;18;11;0,00
1;27;2;57;18;4;81,16
1;27;2;57;18;15;-1,69
1;27;2;57;18;18;-1,73
1;27;2;57;18;19;-1,61
1;27;3;1;31;6;4,00
1;27;3;5;16;-1;60,00
1;27;3;27;52;5;89,00
1;27;3;27;52;14;5,00
1;27;3;27;52;13;101,00
1;27;3;27;52;2;0,19
1;27;3;27;52;9;0,20
1;27;3;27;52;12;0,18
1;27;3;27;52;1;0,00
1;27;3;27;52;8;0,00
1;27;3;27;52;11;0,00
1;27;3;27;52;4;85,58
1;27;3;27;52;15;-3,82
1;27;3;27;52;18;-4,20
1;27;3;27;52;19;-4,19
1;27;3;34;45;16;5,61
1;27;3;41;47;3;86,39
1;27;4;2;59;-1;60,00
1;27;4;6;55;3;89,80
1;27;4;7;16;16;8,49
1;27;4;14;12;5;30,00
1;27;4;14;12;14;14,00
1;27;4;14;12;13;16,00
1;27;4;14;12;2;0,11
1;27;4;14;12;9;0,10
1;27;4;14;12;12;0,11
1;27;4;14;12;1;0,00
1;27;4;14;12;8;0,00
1;27;4;14;12;11;0,00
1;27;4;14;12;4;71,46
1;27;4;14;12;15;-6,66
1;27;4;14;12;18;-6,89
1;27;4;14;12;19;-7,51
1;27;4;58;52;6;0,00
1;27;5;18;40;6;40,00
1;27;5;22;6;3;90,38
1;27;5;23;1;5;0,00
1;27;5;23;1;14;35,00
1;27;5;23;1;13;0,00
1;27;5;23;1;2;0,04
1;27;5;23;1;9;0,04
1;27;5;23;1;12;0,04
1;27;5;23;1;1;0,00
1;27;5;23;1;8;0,00
1;27;5;23;1;11;0,00
1;27;5;23;1;4;73,82
1;27;5;23;1;15;-10,49
1;27;5;23;1;18;-10,65
1;27;5;23;1;19;-10,92
1;27;5;32;40;-1;60,00
1;27;5;55;26;16;11,62
1;27;6;27;58;3;104,97
1;27;6;29;4;16;24,19
1;27;6;43;29;5;0,00
1;27;6;43;29;14;7,00
1;27;6;43;29;13;13,00
1;27;6;43;29;2;17350,30
1;27;6;43;29;9;16170,48
1;27;6;43;29;12;17228,85
1;27;6;43;29;1;0,00
1;27;6;43;29;8;0,00
1;27;6;43;29;11;0,00
1;27;6;43;29;4;84,35
1;27;6;43;29;15;-11,40
1;27;6;43;29;18;-12,06
1;27;6;43;29;19;-11,39
1;27;6;49;0;-1;80,00
1;27;6;51;23;6;0,00
1;27;7;8;1;-1;80,00
1;27;7;15;39;6;0,00
1;27;7;39;51;3;110,17
1;27;7;45;12;16;30,00
1;27;7;51;53;5;11,00
1;27;7;51;53;14;14,00
1;27;7;51;53;13;18,00
1;27;7;51;53;2;21052,06
1;27;7;51;53;9;22420,44
1;27;7;51;53;12;22378,34
1;27;7;51;53;1;0,00
1;27;7;51;53;8;0,00
1;27;7;51;53;11;0,00
1;27;7;51;53;4;72,95
1;27;7;51;53;15;-12,10
1;27;7;51;53;18;-12,62
1;27;7;51;53;19;-11,40
1;27;8;15;27;16;29,24
1;27;8;22;41;5;0,00
1;27;8;22;41;14;0,00
1;27;8;22;41;13;0,00
1;27;8;22;41;2;34709,68
1;27;8;22;41;9;37347,62
1;27;8;22;41;12;35299,75
1;27;8;22;41;1;0,00
1;27;8;22;41;8;0,00
1;27;8;22;41;11;0,00
1;27;8;22;41;4;71,46
1;27;8;22;41;15;-10,45
1;27;8;22;41;18;-11,02
1;27;8;22;41;19;-10,57
1;27;8;33;4;3;109,36
1;27;8;41;21;-1;80,00
1;27;8;52;25;6;0,00
1;27;9;10;37;3;107,92
1;27;9;18;58;5;58,00
1;27;9;18;58;14;41,00
1;27;9;18;58;13;61,00
1;27;9;18;58;2;64260,19
1;27;9;18;58;9;60982,92
1;27;9;18;58;12;63296,28
1;27;9;18;58;1;0,00
1;27;9;18;58;8;0,00
1;27;9;18;58;11;0,00
1;27;9;18;58;4;85,20
1;27;9;18;58;15;-10,80
1;27;9;18;58;18;-10,91
1;27;9;18;58;19;-10,33
1;27;9;19;6;16;27,66
1;27;9;40;54;6;29,00
1;27;9;46;52;-1;80,00
1;27;10;2;33;16;25,10
1;27;10;19;16;5;129,00
1;27;10;19;16;14;59,00
1;27;10;19;16;13;138,00
1;27;10;19;16;2;97380,03
1;27;10;19;16;9;98743,35
1;27;10;19;16;12;88615,83
1;27;10;19;16;1;0,00
1;27;10;19;16;8;0,00
1;27;10;19;16;11;0,00
1;27;10;19;16;4;72,99
1;27;10;19;16;15;-9,83
1;27;10;19;16;18;-9,33
1;27;10;19;16;19;-9,97
1;27;10;25;45;3;105,64
1;27;10;44;22;-1;80,00
1;27;10;52;6;6;49,00
1;27;11;2;35;6;22,00
1;27;11;29;56;5;0,00
1;27;11;29;56;14;19,00
1;27;11;29;56;13;5,00
1;27;11;29;56;2;104600,06
1;27;11;29;56;9;105959,86
1;27;11;29;56;12;105227,66
1;27;11;29;56;1;0,00
1;27;11;29;56;8;0,00
1;27;11;29;56;11;0,00
1;27;11;29;56;4;73,83
1;27;11;29;56;15;-6,34
1;27;11;29;56;18;-5,94
1;27;11;29;56;19;-5,78
1;27;11;31;48;3;102,76
1;27;11;44;43;-1;80,00
1;27;11;56;40;16;23,24
1;27;12;23;5;16;21,21
1;27;12;28;41;-1;60,00
1;27;12;48;2;5;0,00
1;27;12;48;2;14;54,00
1;27;12;48;2;13;12,00
1;27;12;48;2;2;100200,17
1;27;12;48;2;9;97394,56
1;27;12;48;2;12;98396,57
1;27;12;48;2;1;0,00
1;27;12;48;2;8;0,00
1;27;12;48;2;11;0,00
1;27;12;48;2;4;78,09
1;27;12;48;2;15;-2,32
1;27;12;48;2;18;-2,51
1;27;12;48;2;19;-2,69
1;27;12;48;58;3;100,62
1;27;12;53;6;6;39,00
1;27;13;2;29;-1;80,00
1;27;13;5;48;5;105,00
1;27;13;5;48;14;11,00
1;27;13;5;48;13;107,00
1;27;13;5;48;2;105800,10
1;27;13;5;48;9;112994,51
1;27;13;5;48;12;112042,31
1;27;13;5;48;1;0,00
1;27;13;5;48;8;0,00
1;27;13;5;48;11;0,00
1;27;13;5;48;4;74,05
1;27;13;5;48;15;2,13
1;27;13;5;48;18;2,04
1;27;13;5;48;19;1,91
1;27;13;19;38;3;101,40
1;27;13;49;57;6;23,00
1;27;13;54;30;16;20,12
1;27;14;19;59;5;0,00
1;27;14;19;59;14;12,00
1;27;14;19;59;13;0,00
1;27;14;19;59;2;77674,14
1;27;14;19;59;9;72081,60
1;27;14;19;59;12;85441,56
1;27;14;19;59;1;0,00
1;27;14;19;59;8;0,00
1;27;14;19;59;11;0,00
1;27;14;19;59;4;72,98
1;27;14;19;59;15;5,67
1;27;14;19;59;18;5,20
1;27;14;19;59;19;5,62
1;27;14;26;32;16;22,25
1;27;14;36;49;3;102,83
1;27;14;37;0;6;9,00
1;27;14;41;32;-1;80,00
1;27;15;1;58;6;12,00
1;27;15;23;9;5;0,00
1;27;15;23;9;14;16,00
1;27;15;23;9;13;0,00
1;27;15;23;9;2;107310,12
1;27;15;23;9;9;117075,34
1;27;15;23;9;12;106451,64
1;27;15;23;9;1;0,00
1;27;15;23;9;8;0,00
1;27;15;23;9;11;0,00
1;27;15;23;9;4;75,83
1;27;15;23;9;15;7,63
1;27;15;23;9;18;8,25
1;27;15;23;9;19;7,60
1;27;15;23;59;-1;80,00
1;27;15;26;16;3;105,43
1;27;15;40;13;16;25,10
1;27;16;15;17;-1;80,00
1;27;16;33;17;16;28,46
1;27;16;44;13;6;43,00
1;27;16;57;34;3;109,06
1;27;16;58;26;5;97,00
1;27;16;58;26;14;51,00
1;27;16;58;26;13;93,00
1;27;16;58;26;2;81158,03
1;27;16;58;26;9;75476,96
1;27;16;58;26;12;88381,09
1;27;16;58;26;1;0,00
1;27;16;58;26;8;0,00
1;27;16;58;26;11;0,00
1;27;16;58;26;4;82,27
1;27;16;58;26;15;10,07
1;27;16;58;26;18;9,07
1;27;16;58;26;19;9,71
1;27;17;7;55;-1;80,00
1;27;17;21;19;16;30,00
1;27;17;27;12;5;75,00
1;27;17;27;12;14;38,00
1;27;17;27;12;13;68,00
1;27;17;27;12;2;76612,37
1;27;17;27;12;9;72245,46
1;27;17;27;12;12;82741,36
1;27;17;27;12;1;0,00
1;27;17;27;12;8;0,00
1;27;17;27;12;11;0,00
1;27;17;27;12;4;85,62
1;27;17;27;12;15;10,35
1;27;17;27;12;18;10,06
1;27;17;27;12;19;10,80
1;27;17;28;19;3;111,15
1;27;17;29;56;6;39,00
1;27;18;5;19;-1;80,00
1;27;18;9;17;6;32,00
1;27;18;30;47;16;27,66
1;27;18;50;31;3;106,93
1;27;18;58;5;5;16,00
1;27;18;58;5;14;33,00
1;27;18;58;5;13;30,00
1;27;18;58;5;2;48958,04
1;27;18;58;5;9;52727,81
1;27;18;58;5;12;47538,26
1;27;18;58;5;1;0,00
1;27;18;58;5;8;0,00
1;27;18;58;5;11;0,00
1;27;18;58;5;4;80,79
1;27;18;58;5;15;11,40
1;27;18;58;5;18;10,83
1;27;18;58;5;19;11,25
1;27;19;10;30;16;25,10
1;27;19;26;9;6;41,00
1;27;19;40;12;-1;80,00
1;27;19;45;38;3;103,66
1;27;19;49;18;5;68,00
1;27;19;49;18;14;45,00
1;27;19;49;18;13;75,00
1;27;19;49;18;2;9168,37
1;27;19;49;18;9;8902,49
1;27;19;49;18;12;9553,44
1;27;19;49;18;1;0,00
1;27;19;49;18;8;0,00
1;27;19;49;18;11;0,00
1;27;19;49;18;4;78,72
1;27;19;49;18;15;9,45
1;27;19;49;18;18;9,19
1;27;19;49;18;19;9,75
1;27;20;15;37;5;99,00
1;27;20;15;37;14;9,00
1;27;20;15;37;13;102,00
1;27;20;15;37;2;0,07
1;27;20;15;37;9;0,06
1;27;20;15;37;12;0,07
1;27;20;15;37;1;62,00
1;27;20;15;37;8;62,50
1;27;20;15;37;11;58,37
1;27;20;15;37;4;83,68
1;27;20;15;37;15;9,18
1;27;20;15;37;18;9,08
1;27;20;15;37;19;8,31
1;27;20;16;20;3;100,00
1;27;20;37;38;6;0,00
1;27;20;39;21;-1;50,00
1;27;20;47;0;16;21,21
1;27;21;2;31;16;16,43
1;27;21;6;44;3;96,76
1;27;21;10;45;5;0,00
1;27;21;10;45;14;3,00
1;27;21;10;45;13;4,00
1;27;21;10;45;2;0,07
1;27;21;10;45;9;0,08
1;27;21;10;45;12;0,07
1;27;21;10;45;1;0,00
1;27;21;10;45;8;0,00
1;27;21;10;45;11;0,00
1;27;21;10;45;4;86,18
1;27;21;10;45;15;8,60
1;27;21;10;45;18;8,82
1;27;21;10;45;19;8,73
1;27;21;44;12;-1;60,00
1;27;21;59;3;6;0,00
1;27;22;5;41;6;0,00
1;27;22;24;10;-1;60,00
1;27;22;29;16;3;92,93
1;27;22;52;28;5;2,00
1;27;22;52;28;14;0,00
1;27;22;52;28;13;4,00
1;27;22;52;28;2;0,15
1;27;22;52;28;9;0,15
1;27;22;52;28;12;0,14
1;27;22;52;28;1;497,00
1;27;22;52;28;8;470,66
1;27;22;52;28;11;439,60
1;27;22;52;28;4;87,66
1;27;22;52;28;15;6,47
1;27;22;52;28;18;6,18
1;27;22;52;28;19;6,31
1;27;22;57;0;16;13,42
1;27;23;5;55;6;0,00
1;27;23;13;22;-1;60,00
1;27;23;41;49;5;0,00
1;27;23;41;49;14;0,00
1;27;23;41;49;13;0,00
1;27;23;41;49;2;0,01
1;27;23;41;49;9;0,01
1;27;23;41;49;12;0,01
1;27;23;41;49;1;0,00
1;27;23;41;49;8;0,00
1;27;23;41;49;11;0,00
1;27;23;41;49;4;75,47
1;27;23;41;49;15;5,75
1;27;23;41;49;18;5,32
1;27;23;41;49;19;5,39
1;27;23;42;5;3;88,86
1;27;23;55;57;16;9,49
1;28;0;7;50;16;6,71
1;28;0;16;53;5;17,00
1;28;0;16;53;14;15,00
1;28;0;16;53;13;24,00
1;28;0;16;53;2;0,03
1;28;0;16;53;9;0,03
1;28;0;16;53;12;0,03
1;28;0;16;53;1;0,00
1;28;0;16;53;8;0,00
1;28;0;16;53;11;0,00
1;28;0;16;53;4;73,86
1;28;0;16;53;15;3,91
1;28;0;16;53;18;3,82
1;28;0;16;53;19;3,79
1;28;0;26;50;6;30,00
1;28;0;31;31;-1;70,00
1;28;0;49;58;3;85,69
1;28;1;16;19;6;28,00
1;28;1;43;1;16;5,20
1;28;1;47;33;5;17,00
1;28;1;47;33;14;43,00
1;28;1;47;33;13;8,00
1;28;1;47;33;2;0,09
1;28;1;47;33;9;0,10
1;28;1;47;33;12;0,09
1;28;1;47;33;1;0,00
1;28;1;47;33;8;0,00
1;28;1;47;33;11;0,00
1;28;1;47;33;4;71,90
1;28;1;47;33;15;2,57
1;28;1;47;33;18;2,50
1;28;1;47;33;19;2,64
1;28;1;52;54;-1;60,00
1;28;1;53;34;3;85,07
1;28;2;3;19;16;4,74
1;28;2;8;38;3;86,07
1;28;2;24;9;6;0,00
1;28;2;51;52;5;85,00
1;28;2;51;52;14;0,00
1;28;2;51;52;13;95,00
1;28;2;51;52;2;0,14
1;28;2;51;52;9;0,14
1;28;2;51;52;12;0,15
1;28;2;51;52;1;0,00
1;28;2;51;52;8;0,00
1;28;2;51;52;11;0,00
1;28;2;51;52;4;86,77
1;28;2;51;52;15;2,07
1;28;2;51;52;18;2,24
1;28;2;51;52;19;2,03
1;28;2;56;51;-1;50,00
1;28;3;8;3;3;87,03
1;28;3;18;45;-1;60,00
1;28;3;45;0;5;0,00
1;28;3;45;0;14;29,00
1;28;3;45;0;13;0,00
1;28;3;45;0;2;0,03
1;28;3;45;0;9;0,03
1;28;3;45;0;12;0,03
1;28;3;45;0;1;0,00
1;28;3;45;0;8;0,00
1;28;3;45;0;11;0,00
1;28;3;45;0;4;71,82
1;28;3;45;0;15;2,16
1;28;3;45;0;18;2,33
1;28;3;45;0;19;2,56
1;28;3;45;20;6;30,00
1;28;3;57;9;16;5,61
1;28;4;18;48;5;55,00
1;28;4;18;48;14;0,00
1;28;4;18;48;13;43,00
1;28;4;18;48;2;0,21
1;28;4;18;48;9;0,22
1;28;4;18;48;12;0,22
1;28;4;18;48;1;0,00
1;28;4;18;48;8;0,00
1;28;4;18;48;11;0,00
1;28;4;18;48;4;86,64
1;28;4;18;48;15;-1,60
1;28;4;18;48;18;-1,64
1;28;4;18;48;19;-1,80
1;28;4;22;47;6;0,00
1;28;4;47;49;16;8,49
1;28;4;55;13;-1;60,00
1;28;4;59;34;3;89,01
1;28;5;13;6;3;92,14
1;28;5;25;11;5;0,00
1;28;5;25;11;14;6,00
1;28;5;25;11;13;0,00
1;28;5;25;11;2;0,05
1;28;5;25;11;9;0,05
1;28;5;25;11;12;0,05
1;28;5;25;11;1;1326,00
1;28;5;25;11;8;1361,80
1;28;5;25;11;11;1241,96
1;28;5;25;11;4;92,79
1;28;5;25;11;15;-3,81
1;28;5;25;11;18;-3,47
1;28;5;25;11;19;-3,46
1;28;5;40;16;-1;70,00
1;28;5;49;40;16;11,62
1;28;5;50;9;6;0,00
1;28;6;11;7;6;0,00
1;28;6;26;28;16;24,19
1;28;6;27;19;3;103,10
1;28;6;44;6;-1;60,00
1;28;6;46;11;5;0,00
1;28;6;46;11;14;0,00
1;28;6;46;11;13;12,00
1;28;6;46;11;2;8070,50
1;28;6;46;11;9;8756,50
1;28;6;46;11;12;8369,11
1;28;6;46;11;1;1177,00
1;28;6;46;11;8;1134,63
1;28;6;46;11;11;1215,19
1;28;6;46;11;4;84,57
1;28;6;46;11;15;-2,53
1;28;6;46;11;18;-2,57
1;28;6;46;11;19;-2,46
1;28;7;11;48;-1;60,00
1;28;7;20;5;16;30,00
1;28;7;30;33;3;110,03
1;28;7;31;54;5;66,00
1;28;7;31;54;14;3,00
1;28;7;31;54;13;61,00
1;28;7;31;54;2;11875,65
1;28;7;31;54;9;11293,75
1;28;7;31;54;12;11709,39
1;28;7;31;54;1;961,00
1;28;7;31;54;8;1029,23
1;28;7;31;54;11;1025,11
1;28;7;31;54;4;93,84
1;28;7;31;54;15;-1,01
1;28;7;31;54;18;-0,99
1;28;7;31;54;19;-0,90
1;28;7;59;40;6;0,00
1;28;8;15;30;16;29,24
1;28;8;28;22;6;0,00
1;28;8;45;7;-1;80,00
1;28;8;49;26;5;0,00
1;28;8;49;26;14;0,00
1;28;8;49;26;13;5,00
1;28;8;49;26;2;21051,60
1;28;8;49;26;9;21283,17
1;28;8;49;26;12;22546,27
1;28;8;49;26;1;1327,00
1;28;8;49;26;8;1315,06
1;28;8;49;26;11;1265,08
1;28;8;49;26;4;99,72
1;28;8;49;26;15;2,13
1;28;8;49;26;18;1,96
1;28;8;49;26;19;1,94
1;28;8;55;39;3;109,39
1;28;9;40;34;5;72,00
1;28;9;40;34;14;0,00
1;28;9;40;34;13;64,00
1;28;9;40;34;2;38922,16
1;28;9;40;34;9;38221,56
1;28;9;40;34;12;37443,12
1;28;9;40;34;1;0,00
1;28;9;40;34;8;0,00
1;28;9;40;34;11;0,00
1;28;9;40;34;4;75,01
1;28;9;40;34;15;5,45
1;28;9;40;34;18;5,40
1;28;9;40;34;19;5,36
1;28;9;47;40;-1;80,00
1;28;9;48;51;3;107,73
1;28;9;52;30;16;27,66
1;28;9;56;8;6;0,00
1;28;10;4;58;16;25,10
1;28;10;22;13;6;31,00
1;28;10;45;4;-1;80,00
1;28;10;46;37;3;106,22
1;28;10;54;17;5;9,00
1;28;10;54;17;14;25,00
1;28;10;54;17;13;0,00
1;28;10;54;17;2;93657,65
1;28;10;54;17;9;93938,62
1;28;10;54;17;12;94406,91
1;28;10;54;17;1;0,00
1;28;10;54;17;8;0,00
1;28;10;54;17;11;0,00
1;28;10;54;17;4;75,19
1;28;10;54;17;15;8,92
1;28;10;54;17;18;8,05
1;28;10;54;17;19;7,32
1;28;11;17;12;16;23,24
1;28;11;26;14;3;102,14
1;28;11;30;6;6;29,00
1;28;11;34;0;5;126,00
1;28;11;34;0;14;24,00
1;28;11;34;0;13;114,00
1;28;11;34;0;2;93870,13
1;28;11;34;0;9;97343,33
1;28;11;34;0;12;88988,88
1;28;11;34;0;1;0,00
1;28;11;34;0;8;0,00
1;28;11;34;0;11;0,00
1;28;11;34;0;4;86,72
1;28;11;34;0;15;9,49
1;28;11;34;0;18;9,33
1;28;11;34;0;19;8,97
1;28;11;58;13;-1;80,00
1;28;12;4;29;3;100,65
1;28;12;26;27;5;122,00
1;28;12;26;27;14;53,00
1;28;12;26;27;13;107,00
1;28;12;26;27;2;102500,09
1;28;12;26;27;9;108957,60
1;28;12;26;27;12;107727,60
1;28;12;26;27;1;0,00
1;28;12;26;27;8;0,00
1;28;12;26;27;11;0,00
1;28;12;26;27;4;84,18
1;28;12;26;27;15;10,42
1;28;12;26;27;18;9,99
1;28;12;26;27;19;9,05
1;28;12;30;42;6;63,00
1;28;12;42;50;-1;80,00
1;28;12;58;52;16;21,21
1;28;13;14;25;6;16,00
1;28;13;15;46;5;23,00
1;28;13;15;46;14;4,00
1;28;13;15;46;13;31,00
1;28;13;15;46;2;105536,06
1;28;13;15;46;9;113767,87
1;28;13;15;46;12;98254,07
1;28;13;15;46;1;0,00
1;28;13;15;46;8;0,00
1;28;13;15;46;11;0,00
1;28;13;15;46;4;76,99
1;28;13;15;46;15;11,50
1;28;13;15;46;18;11,85
1;28;13;15;46;19;13,03
1;28;13;16;14;16;20,12
1;28;13;29;56;3;99,09
1;28;13;37;55;-1;60,00
1;28;14;6;0;3;103,29
1;28;14;36;29;16;22,25
1;28;14;39;11;6;0,00
1;28;14;41;37;5;57,00
1;28;14;41;37;14;0,00
1;28;14;41;37;13;68,00
1;28;14;41;37;2;80290,11
1;28;14;41;37;9;84304,61
1;28;14;41;37;12;87757,09
1;28;14;41;37;1;0,00
1;28;14;41;37;8;0,00
1;28;14;41;37;11;0,00
1;28;14;41;37;4;75,41
1;28;14;41;37;15;11,35
1;28;14;41;37;18;10,86
1;28;14;41;37;19;11,62
1;28;14;46;14;-1;60,00
1;28;15;0;3;5;84,00
1;28;15;0;3;14;0,00
1;28;15;0;3;13;74,00
1;28;15;0;3;2;98358,13
1;28;15;0;3;9;96194,25
1;28;15;0;3;12;96489,32
1;28;15;0;3;1;0,00
1;28;15;0;3;8;0,00
1;28;15;0;3;11;0,00
1;28;15;0;3;4;72,17
1;28;15;0;3;15;10,20
1;28;15;0;3;18;9,80
1;28;15;0;3;19;9,86
1;28;15;20;29;-1;80,00
1;28;15;25;35;3;105,89
1;28;15;31;29;6;0,00
1;28;15;51;0;16;25,10
1;28;16;4;18;-1;60,00
1;28;16;8;23;5;0,00
1;28;16;8;23;14;51,00
1;28;16;8;23;13;9,00
1;28;16;8;23;2;104900,06
1;28;16;8;23;9;97661,95
1;28;16;8;23;12;105634,36
1;28;16;8;23;1;0,00
1;28;16;8;23;8;0,00
1;28;16;8;23;11;0,00
1;28;16;8;23;4;83,90
1;28;16;8;23;15;10,78
1;28;16;8;23;18;10,21
1;28;16;8;23;19;10,06
1;28;16;16;7;6;39,00
1;28;16;53;32;16;28,46
1;28;16;55;9;3;109,38
1;28;17;26;12;-1;60,00
1;28;17;49;35;6;0,00
1;28;17;52;6;16;30,00
1;28;17;58;48;5;0,00
1;28;17;58;48;14;0,00
1;28;17;58;48;13;0,00
1;28;17;58;48;2;89080,19
1;28;17;58;48;9;93534,20
1;28;17;58;48;12;97631,89
1;28;17;58;48;1;0,00
1;28;17;58;48;8;0,00
1;28;17;58;48;11;0,00
1;28;17;58;48;4;85,58
1;28;17;58;48;15;11,50
1;28;17;58;48;18;11,45
1;28;17;58;48;19;12,14
1;28;17;59;25;3;110,51
1;28;18;13;47;3;106,58
1;28;18;37;16;5;5,00
1;28;18;37;16;14;0,00
1;28;18;37;16;13;5,00
1;28;18;37;16;2;41410,09
1;28;18;37;16;9;39256,77
1;28;18;37;16;12;40913,17
1;28;18;37;16;1;0,00
1;28;18;37;16;8;0,00
1;28;18;37;16;11;0,00
1;28;18;37;16;4;82,47
1;28;18;37;16;15;10,75
1;28;18;37;16;18;10,71
1;28;18;37;16;19;10,33
1;28;18;44;4;16;27,66
1;28;18;46;27;6;0,00
1;28;18;48;0;-1;80,00
1;28;19;31;0;5;0,00
1;28;19;31;0;14;45,00
1;28;19;31;0;13;9,00
1;28;19;31;0;2;11113,31
1;28;19;31;0;9;11146,65
1;28;19;31;0;12;12046,83
1;28;19;31;0;1;0,00
1;28;19;31;0;8;0,00
1;28;19;31;0;11;0,00
1;28;19;31;0;4;72,00
1;28;19;31;0;15;9,90
1;28;19;31;0;18;10,49
1;28;19;31;0;19;11,49
1;28;19;33;19;-1;80,00
1;28;19;37;19;3;105,59
1;28;19;46;43;6;37,00
1;28;19;57;5;16;25,10
1;28;20;9;47;16;21,21
1;28;20;42;50;-1;60,00
1;28;20;45;4;3;99,90
1;28;20;53;45;6;36,00
1;28;20;55;14;5;120,00
1;28;20;55;14;14;29,00
1;28;20;55;14;13;127,00
1;28;20;55;14;2;0,15
1;28;20;55;14;9;0,16
1;28;20;55;14;12;0,16
1;28;20;55;14;1;0,00
1;28;20;55;14;8;0,00
1;28;20;55;14;11;0,00
1;28;20;55;14;4;81,36
1;28;20;55;14;15;8,65
1;28;20;55;14;18;8,04
1;28;20;55;14;19;7,34
1;28;21;8;45;3;97,14
1;28;21;15;37;6;44,00
1;28;21;27;25;-1;50,00
1;28;21;32;38;5;134,00
1;28;21;32;38;14;53,00
1;28;21;32;38;13;144,00
1;28;21;32;38;2;0,13
1;28;21;32;38;9;0,12
1;28;21;32;38;12;0,13
1;28;21;32;38;1;0,00
1;28;21;32;38;8;0,00
1;28;21;32;38;11;0,00
1;28;21;32;38;4;75,55
1;28;21;32;38;15;6,41
1;28;21;32;38;18;6,07
1;28;21;32;38;19;6,53
1;28;21;42;6;16;16,43
1;28;22;25;37;16;13,42
1;28;22;29;40;3;94,13
1;28;22;32;56;-1;60,00
1;28;22;35;59;6;0,00
1;28;22;42;9;5;0,00
1;28;22;42;9;14;10,00
1;28;22;42;9;13;0,00
1;28;22;42;9;2;0,08
1;28;22;42;9;9;0,08
1;28;22;42;9;12;0,08
1;28;22;42;9;1;0,00
1;28;22;42;9;8;0,00
1;28;22;42;9;11;0,00
1;28;22;42;9;4;78,06
1;28;22;42;9;15;3,85
1;28;22;42;9;18;3,65
1;28;22;42;9;19;3,91
1;28;23;23;20;16;9,49
1;28;23;32;44;-1;70,00
1;28;23;34;9;5;19,00
1;28;23;34;9;14;0,00
1;28;23;34;9;13;18,00
1;28;23;34;9;2;0,12
1;28;23;34;9;9;0,13
1;28;23;34;9;12;0,11
1;28;23;34;9;1;0,00
1;28;23;34;9;8;0,00
1;28;23;34;9;11;0,00
1;28;23;34;9;4;78,32
1;28;23;34;9;15;2,86
1;28;23;34;9;18;2,90
1;28;23;34;9;19;2,77
1;28;23;49;41;3;90,29
1;28;23;53;0;6;0,00
1;29;0;14;31;5;31,00
1;29;0;14;31;14;5,00
1;29;0;14;31;13;34,00
1;29;0;14;31;2;0,14
1;29;0;14;31;9;0,13
1;29;0;14;31;12;0,12
1;29;0;14;31;1;838,00
1;29;0;14;31;8;900,01
1;29;0;14;31;11;860,41
1;29;0;14;31;4;92,22
1;29;0;14;31;15;-0,25
1;29;0;14;31;18;-0,25
1;29;0;14;31;19;-0,24
1;29;0;30;30;-1;60,00
1;29;0;31;4;6;0,00
1;29;0;45;56;3;87,85
1;29;0;55;41;16;6,57
1;29;1;11;7;6;0,00
1;29;1;11;55;-1;60,00
1;29;1;17;28;16;5,09
1;29;1;26;39;3;84,50
1;29;1;47;31;5;0,00
1;29;1;47;31;14;12,00
1;29;1;47;31;13;0,00
1;29;1;47;31;2;0,06
1;29;1;47;31;9;0,07
1;29;1;47;31;12;0,06
1;29;1;47;31;1;2102,00
1;29;1;47;31;8;2045,25
1;29;1;47;31;11;2020,70
1;29;1;47;31;4;92,36
1;29;1;47;31;15;0,87
1;29;1;47;31;18;0,79
1;29;1;47;31;19;0,74
1;29;2;17;46;3;84,54
1;29;2;21;33;5;0,00
1;29;2;21;33;14;48,00
1;29;2;21;33;13;12,00
1;29;2;21;33;2;0,01
1;29;2;21;33;9;0,01
1;29;2;21;33;12;0,01
1;29;2;21;33;1;21,00
1;29;2;21;33;8;21,86
1;29;2;21;33;11;22,91
1;29;2;21;33;4;82,80
1;29;2;21;33;15;-0,04
1;29;2;21;33;18;-0,04
1;29;2;21;33;19;-0,04
1;29;2;26;15;-1;60,00
1;29;2;33;59;6;36,00
1;29;2;50;55;16;4,65
1;29;3;31;20;3;84,71
1;29;3;40;23;6;27,00
1;29;3;55;22;5;52,00
1;29;3;55;22;14;29,00
1;29;3;55;22;13;54,00
1;29;3;55;22;2;0,20
1;29;3;55;22;9;0,18
1;29;3;55;22;12;0,21
1;29;3;55;22;1;530,00
1;29;3;55;22;8;505,62
1;29;3;55;22;11;502,59
1;29;3;55;22;4;79,40
1;29;3;55;22;15;-0,43
1;29;3;55;22;18;-0,43
1;29;3;55;22;19;-0,44
1;29;3;55;28;16;5,50
1;29;3;58;54;-1;70,00
1;29;4;3;39;5;87,00
1;29;4;3;39;14;35,00
1;29;4;3;39;13;100,00
1;29;4;3;39;2;0,02
1;29;4;3;39;9;0,03
1;29;4;3;39;12;0,02
1;29;4;3;39;1;1238,00
1;29;4;3;39;8;1166,20
1;29;4;3;39;11;1245,50
1;29;4;3;39;4;85,10
1;29;4;3;39;15;-0,72
1;29;4;3;39;18;-0,76
1;29;4;3;39;19;-0,69
1;29;4;30;53;-1;60,00
1;29;4;43;53;6;43,00
1;29;4;46;1;3;87,32
1;29;4;57;6;16;8,31
1;29;5;11;9;16;11,38
1;29;5;24;21;3;92,57
1;29;5;24;47;5;0,00
1;29;5;24;47;14;33,00
1;29;5;24;47;13;14,00
1;29;5;24;47;2;0,15
1;29;5;24;47;9;0,15
1;29;5;24;47;12;0,15
1;29;5;24;47;1;1953,00
1;29;5;24;47;8;2097,52
1;29;5;24;47;11;1917,14
1;29;5;24;47;4;100,00
1;29;5;24;47;15;2,22
1;29;5;24;47;18;2,06
1;29;5;24;47;19;1,88
1;29;5;36;5;-1;60,00
1;29;5;48;28;6;32,00
1;29;6;7;27;5;94,00
1;29;6;7;27;14;0,00
1;29;6;7;27;13;87,00
1;29;6;7;27;2;7216,40
1;29;6;7;27;9;7454,54
1;29;6;7;27;12;7555,57
1;29;6;7;27;1;1976,00
1;29;6;7;27;8;2086,66
1;29;6;7;27;11;2138,82
1;29;6;7;27;4;95,50
1;29;6;7;27;15;2,49
1;29;6;7;27;18;2,50
1;29;6;7;27;19;2,31
1;29;6;28;25;-1;80,00
1;29;6;31;54;16;23,70
1;29;6;42;8;3;104,32
1;29;6;45;33;6;0,00
1;29;7;0;43;-1;80,00
1;29;7;6;33;5;0,00
1;29;7;6;33;14;18,00
1;29;7;6;33;13;0,00
1;29;7;6;33;2;6036,49
1;29;7;6;33;9;6054,60
1;29;7;6;33;12;6338,31
1;29;7;6;33;1;1315,00
1;29;7;6;33;8;1397,85
1;29;7;6;33;11;1416,02
1;29;7;6;33;4;89,47
1;29;7;6;33;15;4,26
1;29;7;6;33;18;4,51
1;29;7;6;33;19;4,64
1;29;7;38;15;3;109,17
1;29;7;41;42;16;29,39
1;29;7;57;29;6;20,00
1;29;8;5;31;-1;80,00
1;29;8;25;39;3;107,52
1;29;8;34;10;16;28,65
1;29;8;46;15;6;0,00
1;29;8;56;30;5;0,00
1;29;8;56;30;14;0,00
1;29;8;56;30;13;7,00
1;29;8;56;30;2;5694,02
1;29;8;56;30;9;5785,13
1;29;8;56;30;12;5272,66
1;29;8;56;30;1;369,00
1;29;8;56;30;8;380,81
1;29;8;56;30;11;398,33
1;29;8;56;30;4;83,56
1;29;8;56;30;15;5,11
1;29;8;56;30;18;5,33
1;29;8;56;30;19;5,36
1;29;9;19;4;16;27,10
1;29;9;27;33;5;0,00
1;29;9;27;33;14;4,00
1;29;9;27;33;13;0,00
1;29;9;27;33;2;7279,22
1;29;9;27;33;9;6798,79
1;29;9;27;33;12;7381,13
1;29;9;27;33;1;1416,00
1;29;9;27;33;8;1448,57
1;29;9;27;33;11;1518,10
1;29;9;27;33;4;100,00
1;29;9;27;33;15;8,22
1;29;9;27;33;18;7,91
1;29;9;27;33;19;8,25
1;29;9;36;17;-1;80,00
1;29;9;52;49;3;105,94
1;29;9;56;8;6;19,00
1;29;10;27;20;6;7,00
1;29;10;32;1;16;24,59
1;29;10;35;16;-1;60,00
1;29;10;35;22;3;104,71
1;29;10;56;5;5;0,00
1;29;10;56;5;14;12,00
1;29;10;56;5;13;0,00
1;29;10;56;5;2;26439,36
1;29;10;56;5;9;27470,49
1;29;10;56;5;12;23901,18
1;29;10;56;5;1;191,00
1;29;10;56;5;8;188,14
1;29;10;56;5;11;178,92
1;29;10;56;5;4;82,50
1;29;10;56;5;15;6,44
1;29;10;56;5;18;6,29
1;29;10;56;5;19;6,15
1;29;11;1;2;-1;80,00
1;29;11;7;8;5;0,00
1;29;11;7;8;14;14,00
1;29;11;7;8;13;5,00
1;29;11;7;8;2;50470,09
1;29;11;7;8;9;51126,20
1;29;11;7;8;12;46836,25
1;29;11;7;8;1;1345,00
1;29;11;7;8;8;1236,06
1;29;11;7;8;11;1301,57
1;29;11;7;8;4;88,03
1;29;11;7;8;15;5,68
1;29;11;7;8;18;5,87
1;29;11;7;8;19;5,91
1;29;11;8;32;16;22,77
1;29;11;39;36;6;0,00
1;29;11;49;57;3;103,84
1;29;12;10;51;3;100,09
1;29;12;20;28;6;21,00
1;29;12;22;14;-1;80,00
1;29;12;42;27;5;0,00
1;29;12;42;27;14;25,00
1;29;12;42;27;13;7,00
1;29;12;42;27;2;52087,06
1;29;12;42;27;9;57243,68
1;29;12;42;27;12;49534,79
1;29;12;42;27;1;1134,00
1;29;12;42;27;8;1189,57
1;29;12;42;27;11;1172,91
1;29;12;42;27;4;95,78
1;29;12;42;27;15;5,27
1;29;12;42;27;18;5,13
1;29;12;42;27;19;4,69
1;29;12;58;3;16;20,78
1;29;13;14;12;5;0,00
1;29;13;14;12;14;13,00
1;29;13;14;12;13;0,00
1;29;13;14;12;2;21819,08
1;29;13;14;12;9;23586,43
1;29;13;14;12;12;22691,85
1;29;13;14;12;1;1829,00
1;29;13;14;12;8;1852,78
1;29;13;14;12;11;2021,38
1;29;13;14;12;4;100,00
1;29;13;14;12;15;3,59
1;29;13;14;12;18;3,80
1;29;13;14;12;19;3,60
1;29;13;24;2;6;0,00
1;29;13;28;18;3;98,90
1;29;13;31;24;-1;80,00
1;29;13;55;10;16;19,72
1;29;14;0;0;16;21,80
1;29;14;14;18;3;100,36
1;29;14;40;12;5;0,00
1;29;14;40;12;14;14,00
1;29;14;40;12;13;0,00
1;29;14;40;12;2;0,06
1;29;14;40;12;9;0,06
1;29;14;40;12;12;0,06
1;29;14;40;12;1;1689,00
1;29;14;40;12;8;1847,77
1;29;14;40;12;11;1718,42
1;29;14;40;12;4;90,84
1;29;14;40;12;15;1,82
1;29;14;40;12;18;1,73
1;29;14;40;12;19;1,77
1;29;14;42;23;6;0,00
1;29;14;45;55;-1;60,00
1;29;15;6;8;3;105,54
1;29;15;16;57;-1;80,00
1;29;15;31;1;6;12,00
1;29;15;48;16;5;0,00
1;29;15;48;16;14;12,00
1;29;15;48;16;13;0,00
1;29;15;48;16;2;3036,05
1;29;15;48;16;9;3005,69
1;29;15;48;16;12;3029,98
1;29;15;48;16;1;226,00
1;29;15;48;16;8;212,44
1;29;15;48;16;11;209,25
1;29;15;48;16;4;80,35
1;29;15;48;16;15;-2,14
1;29;15;48;16;18;-2,23
1;29;15;48;16;19;-2,05
1;29;15;53;30;16;24,59
1;29;16;1;12;5;21,00
1;29;16;1;12;14;0,00
1;29;16;1;12;13;21,00
1;29;16;1;12;2;0,18
1;29;16;1;12;9;0,17
1;29;16;1;12;12;0,17
1;29;16;1;12;1;1570,00
1;29;16;1;12;8;1584,13
1;29;16;1;12;11;1568,29
1;29;16;1;12;4;91,91
1;29;16;1;12;15;-4,28
1;29;16;1;12;18;-4,22
1;29;16;1;12;19;-4,06
1;29;16;3;7;16;27,89
1;29;16;42;46;3;107,11
1;29;16;49;26;6;0,00
1;29;16;57;4;-1;60,00
1;29;17;1;33;16;29,39
1;29;17;16;35;6;16,00
1;29;17;17;7;3;108,77
1;29;17;21;31;5;100,00
1;29;17;21;31;14;24,00
1;29;17;21;31;13;90,00
1;29;17;21;31;2;11867,73
1;29;17;21;31;9;12900,22
1;29;17;21;31;12;12176,29
1;29;17;21;31;1;1370,00
1;29;17;21;31;8;1359,04
1;29;17;21;31;11;1225,85
1;29;17;21;31;4;98,62
1;29;17;21;31;15;-6,55
1;29;17;21;31;18;-6,27
1;29;17;21;31;19;-6,67
1;29;17;53;6;-1;60,00
1;29;18;16;49;6;0,00
1;29;18;20;43;-1;60,00
1;29;18;31;12;3;106,01
1;29;18;35;26;5;26,00
1;29;18;35;26;14;0,00
1;29;18;35;26;13;20,00
1;29;18;35;26;2;0,05
1;29;18;35;26;9;0,05
1;29;18;35;26;12;0,05
1;29;18;35;26;1;1868,00
1;29;18;35;26;8;2006,23
1;29;18;35;26;11;2096,51
1;29;18;35;26;4;92,84
1;29;18;35;26;15;-8,58
1;29;18;35;26;18;-7,83
1;29;18;35;26;19;-8,05
1;29;18;37;42;16;27,10
1;29;19;11;11;6;0,00
1;29;19;34;15;-1;80,00
1;29;19;37;43;3;103,72
1;29;19;42;48;16;24,59
1;29;19;51;51;5;95,00
1;29;19;51;51;14;1,00
1;29;19;51;51;13;92,00
1;29;19;51;51;2;2881,51
1;29;19;51;51;9;2705,74
1;29;19;51;51;12;3019,83
1;29;19;51;51;1;116,00
1;29;19;51;51;8;120,99
1;29;19;51;51;11;117,96
1;29;19;51;51;4;79,48
1;29;19;51;51;15;-9,93
1;29;19;51;51;18;-9,26
1;29;19;51;51;19;-9,88
1;29;20;0;40;16;20,78
1;29;20;4;43;6;27,00
1;29;20;17;35;5;0,00
1;29;20;17;35;14;20,00
1;29;20;17;35;13;9,00
1;29;20;17;35;2;0,11
1;29;20;17;35;9;0,12
1;29;20;17;35;12;0,10
1;29;20;17;35;1;2096,00
1;29;20;17;35;8;2301,41
1;29;20;17;35;11;2319,82
1;29;20;17;35;4;97,98
1;29;20;17;35;15;-7,51
1;29;20;17;35;18;-7,72
1;29;20;17;35;19;-8,04
1;29;20;33;18;3;101,71
1;29;20;49;4;-1;60,00
1;29;21;14;31;-1;60,00
1;29;21;26;23;16;16,10
1;29;21;41;48;5;64,00
1;29;21;41;48;14;0,00
1;29;21;41;48;13;77,00
1;29;21;41;48;2;0,08
1;29;21;41;48;9;0,08
1;29;21;41;48;12;0,07
1;29;21;41;48;1;412,00
1;29;21;41;48;8;386,87
1;29;21;41;48;11;365,20
1;29;21;41;48;4;88,36
1;29;21;41;48;15;-5,91
1;29;21;41;48;18;-5,79
1;29;21;41;48;19;-6,09
1;29;21;49;40;3;95,28
1;29;21;58;8;6;8,00
1;29;22;5;21;-1;60,00
1;29;22;20;30;3;92,06
1;29;22;44;18;6;0,00
1;29;22;54;15;16;13,15
1;29;22;54;16;5;48,00
1;29;22;54;16;14;0,00
1;29;22;54;16;13;34,00
1;29;22;54;16;2;0,03
1;29;22;54;16;9;0,03
1;29;22;54;16;12;0,02
1;29;22;54;16;1;1106,00
1;29;22;54;16;8;1156,88
1;29;22;54;16;11;1138,37
1;29;22;54;16;4;97,29
1;29;22;54;16;15;-5,72
1;29;22;54;16;18;-5,55
1;29;22;54;16;19;-5,72
1;29;23;6;6;6;1,00
1;29;23;6;42;16;9,30
1;29;23;16;25;5;98,00
1;29;23;16;25;14;12,00
1;29;23;16;25;13;113,00
1;29;23;16;25;2;0,01
1;29;23;16;25;9;0,01
1;29;23;16;25;12;0,01
1;29;23;16;25;1;1733,00
1;29;23;16;25;8;1566,63
1;29;23;16;25;11;1456,97
1;29;23;16;25;4;98,20
1;29;23;16;25;15;-5,82
1;29;23;16;25;18;-6,19
1;29;23;16;25;19;-5,80
1;29;23;19;11;-1;50,00
1;29;23;44;3;3;88,81
1;30;0;2;38;6;0,00
1;30;0;42;42;16;5,96
1;30;0;56;6;5;0,00
1;30;0;56;6;14;0,00
1;30;0;56;6;13;0,00
1;30;0;56;6;2;0,03
1;30;0;56;6;9;0,03
1;30;0;56;6;12;0,02
1;30;0;56;6;1;0,00
1;30;0;56;6;8;0,00
1;30;0;56;6;11;0,00
1;30;0;56;6;4;75,60
1;30;0;56;6;15;-7,04
1;30;0;56;6;18;-7,26
1;30;0;56;6;19;-7,11
1;30;0;58;10;3;85,85
1;30;0;59;21;-1;70,00
1;30;1;10;21;-1;60,00
1;30;1;17;15;6;21,00
1;30;1;41;1;3;83,52
1;30;1;42;9;5;0,00
1;30;1;42;9;14;32,00
1;30;1;42;9;13;0,00
1;30;1;42;9;2;0,19
1;30;1;42;9;9;0,19
1;30;1;42;9;12;0,19
1;30;1;42;9;1;0,00
1;30;1;42;9;8;0,00
1;30;1;42;9;11;0,00
1;30;1;42;9;4;77,36
1;30;1;42;9;15;-8,17
1;30;1;42;9;18;-8,82
1;30;1;42;9;19;-9,44
1;30;1;58;0;16;4,62
1;30;2;13;55;16;4,22
1;30;2;18;7;5;48,00
1;30;2;18;7;14;5,00
1;30;2;18;7;13;63,00
1;30;2;18;7;2;0,05
1;30;2;18;7;9;0,05
1;30;2;18;7;12;0,06
1;30;2;18;7;1;0,00
1;30;2;18;7;8;0,00
1;30;2;18;7;11;0,00
1;30;2;18;7;4;84,62
1;30;2;18;7;15;-6,82
1;30;2;18;7;18;-6,31
1;30;2;18;7;19;-6,59
1;30;2;27;27;-1;60,00
1;30;2;27;49;3;85,49
1;30;2;28;48;6;2,00
1;30;3;8;43;16;4,99
1;30;3;18;28;-1;70,00
1;30;3;31;14;5;47,00
1;30;3;31;14;14;0,00
1;30;3;31;14;13;49,00
1;30;3;31;14;2;0,11
1;30;3;31;14;9;0,10
1;30;3;31;14;12;0,10
1;30;3;31;14;1;0,00
1;30;3;31;14;8;0,00
1;30;3;31;14;11;0,00
1;30;3;31;14;4;81,76
1;30;3;31;14;15;-5,77
1;30;3;31;14;18;-6,30
1;30;3;31;14;19;-6,52
1;30;3;36;37;6;0,00
1;30;3;57;56;3;86,37
1;30;4;6;49;5;0,00
1;30;4;6;49;14;25,00
1;30;4;6;49;13;3,00
1;30;4;6;49;2;0,03
1;30;4;6;49;9;0,03
1;30;4;6;49;12;0,03
1;30;4;6;49;1;1318,00
1;30;4;6;49;8;1348,31
1;30;4;6;49;11;1284,94
1;30;4;6;49;4;89,20
1;30;4;6;49;15;-7,19
1;30;4;6;49;18;-6,74
1;30;4;6;49;19;-6,32
1;30;4;36;38;16;7,54
1;30;4;41;23;3;88,36
1;30;4;46;5;6;13,00
1;30;4;51;18;-1;60,00
1;30;5;14;20;-1;70,00
1;30;5;32;51;5;0,00
1;30;5;32;51;14;59,00
1;30;5;32;51;13;0,00
1;30;5;32;51;2;0,16
1;30;5;32;51;9;0,16
1;30;5;32;51;12;0,15
1;30;5;32;51;1;0,00
1;30;5;32;51;8;0,00
1;30;5;32;51;11;0,00
1;30;5;32;51;4;74,89
1;30;5;32;51;15;-6,64
1;30;5;32;51;18;-6,58
1;30;5;32;51;19;-6,72
1;30;5;45;46;16;10,33
1;30;5;56;25;6;49,00
1;30;5;57;4;3;91,15
1;30;6;9;44;16;16,86
1;30;6;13;7;5;13,00
1;30;6;13;7;14;0,00
1;30;6;13;7;13;23,00
1;30;6;13;7;2;17946,12
1;30;6;13;7;9;19704,84
1;30;6;13;7;12;17371,84
1;30;6;13;7;1;0,00
1;30;6;13;7;8;0,00
1;30;6;13;7;11;0,00
1;30;6;13;7;4;76,13
1;30;6;13;7;15;-6,99
1;30;6;13;7;18;-7,26
1;30;6;13;7;19;-7,96
1;30;6;23;28;3;96,91
1;30;6;23;39;-1;80,00
1;30;6;42;40;6;8,00
1;30;7;3;27;-1;60,00
1;30;7;5;21;5;0,00
1;30;7;5;21;14;6,00
1;30;7;5;21;13;6,00
1;30;7;5;21;2;24615,97
1;30;7;5;21;9;26388,33
1;30;7;5;21;12;23655,95
1;30;7;5;21;1;0,00
1;30;7;5;21;8;0,00
1;30;7;5;21;11;0,00
1;30;7;5;21;4;79,64
1;30;7;5;21;15;-9,50
1;30;7;5;21;18;-10,18
1;30;7;5;21;19;-11,20
1;30;7;24;14;3;107,16
1;30;7;30;33;16;26,66
1;30;7;42;47;6;0,00
1;30;8;23;48;3;107,02
1;30;8;29;40;5;0,00
1;30;8;29;40;14;13,00
1;30;8;29;40;13;0,00
1;30;8;29;40;2;24849,66
1;30;8;29;40;9;25818,79
1;30;8;29;40;12;24452,06
1;30;8;29;40;1;0,00
1;30;8;29;40;8;0,00
1;30;8;29;40;11;0,00
1;30;8;29;40;4;75,94
1;30;8;29;40;15;-7,81
1;30;8;29;40;18;-7,80
1;30;8;29;40;19;-7,49
1;30;8;36;7;-1;80,00
1;30;8;55;57;16;25,99
1;30;8;56;15;6;0,00
1;30;9;26;17;3;104,95
1;30;9;26;37;6;36,00
1;30;9;31;53;16;24,58
1;30;9;37;54;-1;80,00
1;30;9;57;16;5;0,00
1;30;9;57;16;14;38,00
1;30;9;57;16;13;15,00
1;30;9;57;16;2;51600,10
1;30;9;57;16;9;51135,69
1;30;9;57;16;12;51135,69
1;30;9;57;16;1;0,00
1;30;9;57;16;8;0,00
1;30;9;57;16;11;0,00
1;30;9;57;16;4;75,39
1;30;9;57;16;15;-7,67
1;30;9;57;16;18;-7,85
1;30;9;57;16;19;-8,62
1;30;10;6;23;3;102,45
1;30;10;9;45;6;0,00
1;30;10;28;57;5;0,00
1;30;10;28;57;14;14,00
1;30;10;28;57;13;1,00
1;30;10;28;57;2;91980,18
1;30;10;28;57;9;89128,79
1;30;10;28;57;12;86645,33
1;30;10;28;57;1;0,00
1;30;10;28;57;8;0,00
1;30;10;28;57;11;0,00
1;30;10;28;57;4;79,55
1;30;10;28;57;15;-8,20
1;30;10;28;57;18;-8,42
1;30;10;28;57;19;-8,10
1;30;10;31;27;16;22,31
1;30;10;49;26;-1;80,00
1;30;11;24;59;6;18,00
1;30;11;30;43;5;96,00
1;30;11;30;43;14;8,00
1;30;11;30;43;13;109,00
1;30;11;30;43;2;109900,02
1;30;11;30;43;9;108471,32
1;30;11;30;43;12;109570,32
1;30;11;30;43;1;0,00
1;30;11;30;43;8;0,00
1;30;11;30;43;11;0,00
1;30;11;30;43;4;79,47
1;30;11;30;43;15;-6,77
1;30;11;30;43;18;-7,03
1;30;11;30;43;19;-6,50
1;30;11;36;18;-1;80,00
1;30;11;39;14;16;22,31
1;30;11;39;41;3;103,78
1;30;12;0;46;-1;80,00
1;30;12;14;33;16;25,01
1;30;12;27;38;6;0,00
1;30;12;33;2;5;0,00
1;30;12;33;2;14;0,00
1;30;12;33;2;13;0,00
1;30;12;33;2;2;94905,04
1;30;12;33;2;9;103636,30
1;30;12;33;2;12;87122,83
1;30;12;33;2;1;0,00
1;30;12;33;2;8;0,00
1;30;12;33;2;11;0,00
1;30;12;33;2;4;71,18
1;30;12;33;2;15;-5,20
1;30;12;33;2;18;-5,19
1;30;12;33;2;19;-5,71
1;30;12;51;25;3;105,07
1;30;13;13;22;5;0,00
1;30;13;13;22;14;0,00
1;30;13;13;22;13;0,00
1;30;13;13;22;2;85260,10
1;30;13;13;22;9;86283,22
1;30;13;13;22;12;84322,24
1;30;13;13;22;1;0,00
1;30;13;13;22;8;0,00
1;30;13;13;22;11;0,00
1;30;13;13;22;4;80,39
1;30;13;13;22;15;-2,48
1;30;13;13;22;18;-2,70
1;30;13;13;22;19;-2,81
1;30;13;23;42;-1;80,00
1;30;13;29;2;3;107,51
1;30;13;35;32;6;0,00
1;30;13;38;15;16;26,66
1;30;14;21;22;6;0,00
1;30;14;30;28;3;105,76
1;30;14;32;26;16;25,44
1;30;14;34;49;-1;80,00
1;30;14;39;42;5;0,00
1;30;14;39;42;14;9,00
1;30;14;39;42;13;4,00
1;30;14;39;42;2;106400,07
1;30;14;39;42;9;108102,48
1;30;14;39;42;12;108634,48
1;30;14;39;42;1;0,00
1;30;14;39;42;8;0,00
1;30;14;39;42;11;0,00
1;30;14;39;42;4;82,12
1;30;14;39;42;15;-2,74
1;30;14;39;42;18;-2,58
1;30;14;39;42;19;-2,68
1;30;15;25;0;6;0,00
1;30;15;41;8;-1;80,00
1;30;15;53;28;5;30,00
1;30;15;53;28;14;0,00
1;30;15;53;28;13;36,00
1;30;15;53;28;2;87120,15
1;30;15;53;28;9;94960,97
1;30;15;53;28;12;93044,32
1;30;15;53;28;1;0,00
1;30;15;53;28;8;0,00
1;30;15;53;28;11;0,00
1;30;15;53;28;4;71,70
1;30;15;53;28;15;-1,41
1;30;15;53;28;18;-1,36
1;30;15;53;28;19;-1,31
1;30;15;54;33;16;24,58
1;30;15;58;54;3;105,05
1;30;16;11;21;-1;80,00
1;30;16;12;47;3;100,84
1;30;16;33;22;6;12,00
1;30;16;36;18;5;0,00
1;30;16;36;18;14;26,00
1;30;16;36;18;13;11,00
1;30;16;36;18;2;107000,16
1;30;16;36;18;9;114704,17
1;30;16;36;18;12;109675,16
1;30;16;36;18;1;0,00
1;30;16;36;18;8;0,00
1;30;16;36;18;11;0,00
1;30;16;36;18;4;71,24
1;30;16;36;18;15;0,17
1;30;16;36;18;18;0,18
1;30;16;36;18;19;0,17
1;30;16;40;53;16;22,31
1;30;17;7;16;6;0,00
1;30;17;16;1;5;91,00
1;30;17;16;1;14;0,00
1;30;17;16;1;13;104,00
1;30;17;16;1;2;86785,11
1;30;17;16;1;9;95116,48
1;30;17;16;1;12;81317,65
1;30;17;16;1;1;0,00
1;30;17;16;1;8;0,00
1;30;17;16;1;11;0,00
1;30;17;16;1;4;80,59
1;30;17;16;1;15;2,69
1;30;17;16;1;18;2,79
1;30;17;16;1;19;2,59
1;30;17;18;27;16;20,65
1;30;17;22;43;3;101,20
1;30;17;59;59;-1;80,00
1;30;18;1;12;-1;80,00
1;30;18;5;53;3;98,89
1;30;18;27;1;16;18,85
1;30;18;44;1;6;0,00
1;30;18;47;15;5;0,00
1;30;18;47;15;14;1,00
1;30;18;47;15;13;0,00
1;30;18;47;15;2;44688,08
1;30;18;47;15;9;46833,11
1;30;18;47;15;12;46609,67
1;30;18;47;15;1;0,00
1;30;18;47;15;8;0,00
1;30;18;47;15;11;0,00
1;30;18;47;15;4;84,52
1;30;18;47;15;15;3,75
1;30;18;47;15;18;3,46
1;30;18;47;15;19;3,49
1;30;19;3;35;-1;80,00
1;30;19;10;24;5;31,00
1;30;19;10;24;14;14,00
1;30;19;10;24;13;32,00
1;30;19;10;24;2;13230,11
1;30;19;10;24;9;14182,67
1;30;19;10;24;12;13865,15
1;30;19;10;24;1;0,00
1;30;19;10;24;8;0,00
1;30;19;10;24;11;0,00
1;30;19;10;24;4;80,15
1;30;19;10;24;15;5,21
1;30;19;10;24;18;5,45
1;30;19;10;24;19;5,96
1;30;19;13;5;16;18,85
1;30;19;14;2;3;97,78
1;30;19;15;49;6;0,00
1;30;20;12;19;16;18,85
1;30;20;24;17;-1;70,00
1;30;20;24;51;5;0,00
1;30;20;24;51;14;39,00
1;30;20;24;51;13;6,00
1;30;20;24;51;2;0,13
1;30;20;24;51;9;0,14
1;30;20;24;51;12;0,13
1;30;20;24;51;1;0,00
1;30;20;24;51;8;0,00
1;30;20;24;51;11;0,00
1;30;20;24;51;4;75,39
1;30;20;24;51;15;3,37
1;30;20;24;51;18;3,05
1;30;20;24;51;19;3,21
1;30;20;25;53;3;97,64
1;30;20;37;19;6;31,00
1;30;21;1;17;6;0,00
1;30;21;21;34;-1;70,00
1;30;21;28;49;16;14,60
1;30;21;50;39;5;0,00
1;30;21;50;39;14;10,00
1;30;21;50;39;13;0,00
1;30;21;50;39;2;0,15
1;30;21;50;39;9;0,14
1;30;21;50;39;12;0,15
1;30;21;50;39;1;0,00
1;30;21;50;39;8;0,00
1;30;21;50;39;11;0,00
1;30;21;50;39;4;83,48
1;30;21;50;39;15;1,97
1;30;21;50;39;18;1,93
1;30;21;50;39;19;1,81
1;30;21;58;18;3;95,63
1;30;22;2;23;6;0,00
1;30;22;14;6;-1;60,00
1;30;22;19;4;5;0,00
1;30;22;19;4;14;10,00
1;30;22;19;4;13;11,00
1;30;22;19;4;2;0,04
1;30;22;19;4;9;0,04
1;30;22;19;4;12;0,04
1;30;22;19;4;1;0,00
1;30;22;19;4;8;0,00
1;30;22;19;4;11;0,00
1;30;22;19;4;4;73,18
1;30;22;19;4;15;-1,28
1;30;22;19;4;18;-1,24
1;30;22;19;4;19;-1,18
1;30;22;34;21;16;11,92
1;30;22;58;18;3;92,12
1;30;23;28;16;16;8,43
1;30;23;36;54;5;70,00
1;30;23;36;54;14;4,00
1;30;23;36;54;13;83,00
1;30;23;36;54;2;0,18
1;30;23;36;54;9;0,17
1;30;23;36;54;12;0,18
1;30;23;36;54;1;0,00
1;30;23;36;54;8;0,00
1;30;23;36;54;11;0,00
1;30;23;36;54;4;76,43
1;30;23;36;54;15;-2,94
1;30;23;36;54;18;-2,93
1;30;23;36;54;19;-2,88
1;30;23;50;7;6;0,00
1;30;23;57;43;3;87,84
1;30;23;59;15;-1;60,00
1;31;0;2;40;-1;70,00
1;31;0;31;7;5;0,00
1;31;0;31;7;14;44,00
1;31;0;31;7;13;0,00
1;31;0;31;7;2;0,07
1;31;0;31;7;9;0,06
1;31;0;31;7;12;0,07
1;31;0;31;7;1;0,00
1;31;0;31;7;8;0,00
1;31;0;31;7;11;0,00
1;31;0;31;7;4;82,82
1;31;0;31;7;15;-6,14
1;31;0;31;7;18;-6,00
1;31;0;31;7;19;-5,56
1;31;0;31;33;6;39,00
1;31;0;53;29;3;86,39
1;31;0;55;6;16;7,04
1;31;1;2;18;16;3,85
1;31;1;12;30;6;0,00
1;31;1;48;44;5;0,00
1;31;1;48;44;14;9,00
1;31;1;48;44;13;6,00
1;31;1;48;44;2;0,07
1;31;1;48;44;9;0,08
1;31;1;48;44;12;0,07
1;31;1;48;44;1;937,00
1;31;1;48;44;8;987,60
1;31;1;48;44;11;998,46
1;31;1;48;44;4;91,01
1;31;1;48;44;15;-8,31
1;31;1;48;44;18;-8,45
1;31;1;48;44;19;-8,10
1;31;1;55;45;3;82,68
1;31;1;57;44;-1;70,00
1;31;2;5;3;16;3,52
1;31;2;25;33;-1;60,00
1;31;2;26;32;6;0,00
1;31;2;27;58;5;0,00
1;31;2;27;58;14;8,00
1;31;2;27;58;13;0,00
1;31;2;27;58;2;0,07
1;31;2;27;58;9;0,08
1;31;2;27;58;12;0,07
1;31;2;27;58;1;0,00
1;31;2;27;58;8;0,00
1;31;2;27;58;11;0,00
1;31;2;27;58;4;81,47
1;31;2;27;58;15;-10,14
1;31;2;27;58;18;-10,56
1;31;2;27;58;19;-9,60
1;31;2;51;42;3;82,87
1;31;3;2;34;-1;60,00
1;31;3;13;32;16;4,16
1;31;3;15;52;3;82,75
1;31;3;44;34;6;0,00
1;31;3;56;48;5;0,00
1;31;3;56;48;14;0,00
1;31;3;56;48;13;0,00
1;31;3;56;48;2;0,06
1;31;3;56;48;9;0,06
1;31;3;56;48;12;0,06
1;31;3;56;48;1;0,00
1;31;3;56;48;8;0,00
1;31;3;56;48;11;0,00
1;31;3;56;48;4;85,89
1;31;3;56;48;15;-11,42
1;31;3;56;48;18;-12,19
1;31;3;56;48;19;-11,66
1;31;4;37;11;3;87,78
1;31;4;39;5;5;2,00
1;31;4;39;5;14;1,00
1;31;4;39;5;13;0,00
1;31;4;39;5;2;0,06
1;31;4;39;5;9;0,06
1;31;4;39;5;12;0,06
1;31;4;39;5;1;0,00
1;31;4;39;5;8;0,00
1;31;4;39;5;11;0,00
1;31;4;39;5;4;77,08
1;31;4;39;5;15;-13,50
1;31;4;39;5;18;-13,27
1;31;4;39;5;19;-12,75
1;31;4;50;56;-1;60,00
1;31;4;55;33;6;0,00
1;31;4;57;47;16;6,29
1;31;5;42;20;5;0,00
1;31;5;42;20;14;10,00
1;31;5;42;20;13;14,00
1;31;5;42;20;2;0,17
1;31;5;42;20;9;0,16
1;31;5;42;20;12;0,16
1;31;5;42;20;1;0,00
1;31;5;42;20;8;0,00
1;31;5;42;20;11;0,00
1;31;5;42;20;4;77,45
1;31;5;42;20;15;-13,50
1;31;5;42;20;18;-13,51
1;31;5;42;20;19;-13,09
1;31;5;47;47;6;0,00
1;31;5;49;4;-1;70,00
1;31;5;49;37;3;88,14
1;31;5;55;32;16;8,62
1;31;6;7;52;-1;80,00
1;31;6;17;40;5;0,00
1;31;6;17;40;14;37,00
1;31;6;17;40;13;6,00
1;31;6;17;40;2;15848,09
1;31;6;17;40;9;16402,78
1;31;6;17;40;12;14976,45
1;31;6;17;40;1;0,00
1;31;6;17;40;8;0,00
1;31;6;17;40;11;0,00
1;31;6;17;40;4;74,49
1;31;6;17;40;15;-12,25
1;31;6;17;40;18;-12,30
1;31;6;17;40;19;-12,89
1;31;6;19;27;3;89,22
1;31;6;23;21;16;9,95
1;31;6;49;15;6;37,00
1;31;7;1;30;6;0,00
1;31;7;1;41;3;93,05
1;31;7;4;22;5;90,00
1;31;7;4;22;14;0,00
1;31;7;4;22;13;104,00
1;31;7;4;22;2;30540,17
1;31;7;4;22;9;30234,77
1;31;7;4;22;12;28341,28
1;31;7;4;22;1;0,00
1;31;7;4;22;8;0,00
1;31;7;4;22;11;0,00
1;31;7;4;22;4;80,79
1;31;7;4;22;15;-11,95
1;31;7;4;22;18;-11,89
1;31;7;4;22;19;-10,97
1;31;7;14;57;-1;80,00
1;31;7;42;58;16;12,19
1;31;8;40;34;6;0,00
1;31;8;42;50;5;0,00
1;31;8;42;50;14;9,00
1;31;8;42;50;13;11,00
1;31;8;42;50;2;40920,05
1;31;8;42;50;9;39283,25
1;31;8;42;50;12;40265,33
1;31;8;42;50;1;0,00
1;31;8;42;50;8;0,00
1;31;8;42;50;11;0,00
1;31;8;42;50;4;79,16
1;31;8;42;50;15;-11,97
1;31;8;42;50;18;-10,99
1;31;8;42;50;19;-10,22
1;31;8;44;43;16;15,73
1;31;8;55;35;-1;60,00
1;31;8;56;15;3;95,56
1;31;9;0;55;16;22,25
1;31;9;3;9;3;103,16
1;31;9;5;41;6;0,00
1;31;9;7;52;5;26,00
1;31;9;7;52;14;9,00
1;31;9;7;52;13;17,00
1;31;9;7;52;2;50954,60
1;31;9;7;52;9;54419,51
1;31;9;7;52;12;51056,51
1;31;9;7;52;1;0,00
1;31;9;7;52;8;0,00
1;31;9;7;52;11;0,00
1;31;9;7;52;4;86,86
1;31;9;7;52;15;-11,50
1;31;9;7;52;18;-11,47
1;31;9;7;52;19;-12,55
1;31;9;26;50;-1;80,00
1;31;10;0;25;6;0,00
1;31;10;18;50;3;100,34
1;31;10;27;25;-1;80,00
1;31;10;30;25;5;11,00
1;31;10;30;25;14;0,00
1;31;10;30;25;13;21,00
1;31;10;30;25;2;55026,12
1;31;10;30;25;9;51229,31
1;31;10;30;25;12;53595,44
1;31;10;30;25;1;0,00
1;31;10;30;25;8;0,00
1;31;10;30;25;11;0,00
1;31;10;30;25;4;79,60
1;31;10;30;25;15;-9,70
1;31;10;30;25;18;-10,33
1;31;10;30;25;19;-10,22
1;31;10;45;10;16;19,90
1;31;11;3;51;16;17,23
1;31;11;8;16;-1;60,00
1;31;11;36;5;3;96,21
1;31;11;46;29;6;0,00
1;31;11;57;18;5;0,00
1;31;11;57;18;14;0,00
1;31;11;57;18;13;0,00
1;31;11;57;18;2;37658,06
1;31;11;57;18;9;34984,34
1;31;11;57;18;12;38298,25
1;31;11;57;18;1;2114,00
1;31;11;57;18;8;2012,53
1;31;11;57;18;11;2068,88
1;31;11;57;18;4;100,00
1;31;11;57;18;15;-9,55
1;31;11;57;18;18;-10,30
1;31;11;57;18;19;-11,08
1;31;12;2;35;6;0,00
1;31;12;7;57;16;15,73
1;31;12;10;10;5;43,00
1;31;12;10;10;14;14,00
1;31;12;10;10;13;49,00
1;31;12;10;10;2;65715,08
1;31;12;10;10;9;62100,76
1;31;12;10;10;12;69000,84
1;31;12;10;10;1;0,00
1;31;12;10;10;8;0,00
1;31;12;10;10;11;0,00
1;31;12;10;10;4;84,60
1;31;12;10;10;15;-11,60
1;31;12;10;10;18;-10,94
1;31;12;10;10;19;-10,42
1;31;12;10;56;-1;80,00
1;31;12;39;51;3;96,92
1;31;13;14;52;6;0,00
1;31;13;19;39;3;94,01
1;31;13;38;54;-1;80,00
1;31;13;43;42;5;0,00
1;31;13;43;42;14;0,00
1;31;13;43;42;13;0,00
1;31;13;43;42;2;108100,05
1;31;13;43;42;9;98371,04
1;31;13;43;42;12;104640,85
1;31;13;43;42;1;0,00
1;31;13;43;42;8;0,00
1;31;13;43;42;11;0,00
1;31;13;43;42;4;85,82
1;31;13;43;42;15;-9,77
1;31;13;43;42;18;-9,67
1;31;13;43;42;19;-9,20
1;31;13;56;53;16;14,92
1;31;14;3;29;5;0,00
1;31;14;3;29;14;0,00
1;31;14;3;29;13;0,00
1;31;14;3;29;2;75828,20
1;31;14;3;29;9;78633,85
1;31;14;3;29;12;82121,94
1;31;14;3;29;1;0,00
1;31;14;3;29;8;0,00
1;31;14;3;29;11;0,00
1;31;14;3;29;4;84,09
1;31;14;3;29;15;-7,76
1;31;14;3;29;18;-7,49
1;31;14;3;29;19;-6,77
1;31;14;24;35;16;16,50
1;31;14;38;50;-1;80,00
1;31;14;41;58;6;0,00
1;31;14;56;53;3;97,47
1;31;15;18;51;16;17,23
1;31;15;22;11;-1;60,00
1;31;15;22;46;3;95,91
1;31;15;50;5;6;20,00
1;31;15;53;17;5;0,00
1;31;15;53;17;14;12,00
1;31;15;53;17;13;7,00
1;31;15;53;17;2;46000,13
1;31;15;53;17;9;48116,13
1;31;15;53;17;12;49036,13
1;31;15;53;17;1;1628,00
1;31;15;53;17;8;1544,97
1;31;15;53;17;11;1619,13
1;31;15;53;17;4;88,55
1;31;15;53;17;15;-7,28
1;31;15;53;17;18;-7,89
1;31;15;53;17;19;-8,25
1;31;16;18;26;5;72,00
1;31;16;18;26;14;0,00
1;31;16;18;26;13;58,00
1;31;16;18;26;2;46464,09
1;31;16;18;26;9;44698,46
1;31;16;18;26;12;43025,75
1;31;16;18;26;1;2044,00
1;31;16;18;26;8;1911,14
1;31;16;18;26;11;2012,43
1;31;16;18;26;4;100,00
1;31;16;18;26;15;-7,91
1;31;16;18;26;18;-8,68
1;31;16;18;26;19;-8,86
1;31;16;30;23;3;97,33
1;31;16;41;51;6;0,00
1;31;16;48;33;16;18,61
1;31;16;52;34;-1;60,00
1;31;17;5;48;-1;80,00
1;31;17;17;45;5;33,00
1;31;17;17;45;14;0,00
1;31;17;17;45;13;44,00
1;31;17;17;45;2;20840,41
1;31;17;17;45;9;20590,33
1;31;17;17;45;12;21194,70
1;31;17;17;45;1;265,00
1;31;17;17;45;8;284,61
1;31;17;17;45;11;291,73
1;31;17;17;45;4;73,71
1;31;17;17;45;15;-8,62
1;31;17;17;45;18;-9,40
1;31;17;17;45;19;-9,83
1;31;17;19;43;16;19,90
1;31;17;23;28;3;98,87
1;31;17;58;37;6;0,00
1;31;18;3;3;6;0,00
1;31;18;23;5;5;40,00
1;31;18;23;5;14;3,00
1;31;18;23;5;13;40,00
1;31;18;23;5;2;33550,21
1;31;18;23;5;9;36737,48
1;31;18;23;5;12;36670,38
1;31;18;23;5;1;0,00
1;31;18;23;5;8;0,00
1;31;18;23;5;11;0,00
1;31;18;23;5;4;72,10
1;31;18;23;5;15;-10,52
1;31;18;23;5;18;-10,32
1;31;18;23;5;19;-9,34
1;31;18;41;46;3;101,80
1;31;18;46;33;-1;80,00
1;31;18;58;5;16;22,25
1;31;19;6;44;16;20,51
1;31;19;11;20;-1;60,00
1;31;19;13;1;3;101,23
1;31;19;32;17;5;0,00
1;31;19;32;17;14;12,00
1;31;19;32;17;13;0,00
1;31;19;32;17;2;6831,00
1;31;19;32;17;9;6161,56
1;31;19;32;17;12;7438,96
1;31;19;32;17;1;1044,00
1;31;19;32;17;8;1039,82
1;31;19;32;17;11;977,43
1;31;19;32;17;4;83,24
1;31;19;32;17;15;-7,26
1;31;19;32;17;18;-7,96
1;31;19;32;17;19;-7,39
1;31;19;57;17;6;0,00
1;31;20;11;51;3;99,10
1;31;20;15;42;16;19,27
1;31;20;50;29;5;9,00
1;31;20;50;29;14;6,00
1;31;20;50;29;13;5,00
1;31;20;50;29;2;0,05
1;31;20;50;29;9;0,06
1;31;20;50;29;12;0,06
1;31;20;50;29;1;1572,00
1;31;20;50;29;8;1491,83
1;31;20;50;29;11;1581,34
1;31;20;50;29;4;87,71
1;31;20;50;29;15;-5,77
1;31;20;50;29;18;-6,30
1;31;20;50;29;19;-6,60
1;31;20;56;39;6;0,00
1;31;20;57;4;-1;60,00
1;31;21;3;4;-1;60,00
1;31;21;7;43;16;17,94
1;31;21;17;31;3;97,60
1;31;21;34;24;5;2,00
1;31;21;34;24;14;0,00
1;31;21;34;24;13;13,00
1;31;21;34;24;2;0,04
1;31;21;34;24;9;0,04
1;31;21;34;24;12;0,04
1;31;21;34;24;1;0,00
1;31;21;34;24;8;0,00
1;31;21;34;24;11;0,00
1;31;21;34;24;4;73,64
1;31;21;34;24;15;-4,19
1;31;21;34;24;18;-4,23
1;31;21;34;24;19;-4,49
1;31;21;53;50;6;6,00
1;31;22;21;28;5;0,00
1;31;22;21;28;14;1,00
1;31;22;21;28;13;0,00
1;31;22;21;28;2;0,12
1;31;22;21;28;9;0,12
1;31;22;21;28;12;0,11
1;31;22;21;28;1;1121,00
1;31;22;21;28;8;1033,56
1;31;22;21;28;11;1031,49
1;31;22;21;28;4;95,21
1;31;22;21;28;15;-4,67
1;31;22;21;28;18;-5,10
1;31;22;21;28;19;-4,86
1;31;22;22;5;6;0,00
1;31;22;34;12;-1;60,00
1;31;22;45;20;3;94,57
1;31;22;50;56;16;14,07
1;31;23;15;6;3;87,38
1;31;23;19;5;16;8,62
1;31;23;33;25;-1;60,00
1;31;23;47;17;5;72,00
1;31;23;47;17;14;1,00
1;31;23;47;17;13;67,00
1;31;23;47;17;2;0,16
1;31;23;47;17;9;0,16
1;31;23;47;17;12;0,17
1;31;23;47;17;1;806,00
1;31;23;47;17;8;800,36
1;31;23;47;17;11;720,32
1;31;23;47;17;4;89,67
1;31;23;47;17;15;-2,80
1;31;23;47;17;18;-2,81
1;31;23;47;17;19;-2,88
1;31;23;54;39;6;0,00